# Blender 4.0.1
# www.blender.org
mtllib truck.mtl
o Cube
v 0.440748 -0.226492 -2.165626
v 0.440748 -0.358678 -2.165626
v 0.554447 -0.358618 -2.165628
v 0.554447 -0.229628 -2.165628
v 0.440748 -0.226492 -2.155197
v 0.440748 -0.358678 -2.155197
v 0.554447 -0.358618 -2.155198
v 0.554447 -0.229628 -2.155198
v 0.440748 -0.312074 -2.165626
v 0.554447 -0.313140 -2.165628
v 0.440748 -0.312074 -2.155197
v 0.554447 -0.313140 -2.155198
v -0.440748 -0.226492 -2.165626
v -0.440748 -0.358678 -2.165626
v -0.554447 -0.358618 -2.165628
v -0.554447 -0.229628 -2.165628
v -0.440748 -0.226492 -2.155197
v -0.440748 -0.358678 -2.155197
v -0.554447 -0.358618 -2.155198
v -0.554447 -0.229628 -2.155198
v -0.440748 -0.312074 -2.165626
v -0.554447 -0.313140 -2.165628
v -0.440748 -0.312074 -2.155197
v -0.554447 -0.313140 -2.155198
vn 1.0000 -0.0000 -0.0000
vn -0.0000 -0.0000 -1.0000
vn -1.0000 -0.0000 -0.0000
vn -0.0005 1.0000 -0.0000
vn -0.0276 -0.9996 -0.0000
vn 0.0005 1.0000 -0.0000
vn 0.0276 -0.9996 -0.0000
vt 0.421513 0.500000
vt 0.453524 0.500000
vt 0.421513 0.500000
vt 0.421513 0.500000
vt 0.421513 0.500000
vt 0.404081 0.500000
s 0
usemtl Material.003
f 11/3/2 5/2/2 8/2/2 12/4/2
f 23/3/2 24/4/2 20/2/2 17/2/2
usemtl Material.006
f 6/6/2 11/3/2 12/4/2 7/6/2
f 18/6/2 19/6/2 24/4/2 23/3/2
usemtl Material.007
f 9/1/1 1/2/1 5/2/1 11/3/1
f 10/5/3 3/6/3 7/6/3 12/4/3
f 3/6/4 2/6/4 6/6/4 7/6/4
f 1/2/5 4/2/5 8/2/5 5/2/5
f 4/2/3 10/5/3 12/4/3 8/2/3
f 2/6/1 9/1/1 11/3/1 6/6/1
f 21/1/3 23/3/3 17/2/3 13/2/3
f 22/5/1 24/4/1 19/6/1 15/6/1
f 15/6/6 19/6/6 18/6/6 14/6/6
f 13/2/7 17/2/7 20/2/7 16/2/7
f 16/2/1 20/2/1 24/4/1 22/5/1
f 14/6/3 18/6/3 23/3/3 21/1/3
o Cube.001
v 0.430355 -0.517739 2.209676
v 0.430355 -0.518145 2.317343
v 0.430355 -0.281496 0.988892
v 0.430355 -0.281273 0.909928
v 0.430355 -0.517928 2.083676
v 0.564840 -0.498613 0.983850
v 0.564840 -0.519499 0.983693
v 0.564840 -0.517667 2.209674
v 0.564840 -0.518073 2.317341
v 0.564840 -0.517856 2.083674
v 0.608440 -0.498613 0.983850
v 0.608440 -0.519499 0.983693
v 0.143990 -0.259423 -2.165626
v 0.143990 -0.357425 -2.165626
v 0.143990 -0.259423 -2.137224
v 0.143990 -0.357425 -2.137224
v 0.131993 -0.267589 -2.151068
v 0.131993 -0.349260 -2.151068
v -0.430355 -0.517739 2.209676
v 0.000000 -0.517739 2.209676
v -0.430355 -0.518145 2.317343
v 0.000000 -0.518145 2.317343
v 0.000000 -0.281496 0.988892
v -0.430355 -0.281496 0.988892
v -0.430355 -0.281273 0.909928
v 0.000000 -0.281273 0.909928
v 0.000000 -0.517928 2.083676
v -0.430355 -0.517928 2.083676
v -0.564840 -0.498613 0.983850
v -0.564840 -0.519499 0.983693
v -0.564840 -0.517667 2.209674
v -0.564840 -0.518073 2.317341
v -0.564840 -0.517856 2.083674
v -0.608440 -0.498613 0.983850
v -0.608440 -0.519499 0.983693
v -0.143990 -0.259423 -2.165626
v -0.143990 -0.357425 -2.165626
v 0.000000 -0.259423 -2.165626
v 0.000000 -0.357425 -2.165626
v -0.143990 -0.259423 -2.137224
v -0.143990 -0.357425 -2.137224
v 0.000000 -0.259423 -2.137224
v 0.000000 -0.357425 -2.137224
v -0.131993 -0.267589 -2.151068
v -0.131993 -0.349260 -2.151068
v 0.000000 -0.267589 -2.151068
v 0.000000 -0.349260 -2.151068
vn -0.0000 -1.0000 0.0015
vn -0.0000 -1.0000 -0.0038
vn -0.0000 1.0000 0.0028
vn 0.0005 -1.0000 0.0015
vn 0.0005 -1.0000 -0.0038
vn -0.0000 0.0075 -1.0000
vn -0.0000 -1.0000 -0.0000
vn -0.0000 -0.8613 -0.5080
vn -0.0000 1.0000 -0.0000
vn -1.0000 -0.0000 -0.0000
vn -0.0000 -0.0000 -1.0000
vn 0.7557 -0.0000 -0.6549
vn -0.0000 0.8613 -0.5080
vn -0.0005 -1.0000 0.0015
vn -0.0005 -1.0000 -0.0038
vn 1.0000 -0.0000 -0.0000
vn -0.7557 -0.0000 -0.6549
vt 0.250000 0.724306
vt 0.375000 0.724306
vt 0.375000 0.750000
vt 0.250000 0.750000
vt 0.750000 0.500000
vt 0.625000 0.500000
vt 0.375000 0.500000
vt 0.380372 0.500000
vt 0.453524 0.375000
vt 0.453524 0.500000
vt 0.404081 0.500000
vt 0.404081 0.375000
s 0
usemtl Material.002
f 51/7/8 29/8/8 25/9/8 44/10/8
f 44/10/9 25/9/9 26/9/9 46/10/9
f 47/11/10 27/12/10 28/12/10 50/11/10
f 25/9/11 29/8/11 34/8/11 32/9/11
f 26/9/12 25/9/12 32/9/12 33/9/12
f 31/13/13 30/14/13 35/14/13 36/13/13
f 62/15/14 37/16/14 39/16/14 66/15/14
f 40/17/15 67/18/15 71/18/15 42/17/15
f 38/17/16 63/18/16 67/18/16 40/17/16
f 37/16/17 38/17/17 40/17/17 39/16/17
f 39/16/19 40/17/19 42/17/19 41/16/19
f 66/15/20 39/16/20 41/16/20 70/15/20
f 51/7/8 44/10/8 43/9/8 52/8/8
f 44/10/9 46/10/9 45/9/9 43/9/9
f 47/11/10 50/11/10 49/12/10 48/12/10
f 43/9/21 55/9/21 57/8/21 52/8/21
f 45/9/22 56/9/22 55/9/22 43/9/22
f 54/13/13 59/13/13 58/14/13 53/14/13
f 62/15/14 66/15/14 64/16/14 60/16/14
f 65/17/15 69/17/15 71/18/15 67/18/15
f 61/17/16 65/17/16 67/18/16 63/18/16
f 60/16/23 64/16/23 65/17/23 61/17/23
f 64/16/24 68/16/24 69/17/24 65/17/24
f 66/15/20 70/15/20 68/16/20 64/16/20
usemtl Material.022
f 71/18/18 70/15/18 41/16/18 42/17/18
f 71/18/18 69/17/18 68/16/18 70/15/18
o Cube.002
v 0.423184 0.452388 0.991021
v 0.430355 -0.408795 -2.165626
v 0.430355 0.074780 0.988175
v 0.430355 -0.076514 0.987034
v 0.430355 -0.281360 0.986233
v 0.368798 -0.364888 2.263486
v 0.430355 -0.281496 0.988892
v 0.430355 -0.408176 -2.165626
v 0.368798 -0.111272 2.266539
v 0.423184 0.399586 1.449486
v 0.423184 0.399283 1.493642
v 0.423184 0.402223 1.064006
v 0.430355 0.099245 1.061722
v 0.430355 0.100387 1.640686
v 0.430355 0.100269 1.581182
v 0.423184 0.400959 1.248734
v 0.430355 0.099736 1.310656
v 0.423184 0.400395 1.331178
v 0.430355 0.099955 1.421754
v 0.418528 0.399586 1.449486
v 0.418528 0.399283 1.493642
v 0.418528 0.402223 1.064006
v 0.418528 0.099245 1.061722
v 0.418528 0.100387 1.640686
v 0.418528 0.100269 1.581182
v 0.418528 0.400959 1.248734
v 0.418528 0.099736 1.310656
v 0.418528 0.400395 1.331178
v 0.418528 0.099955 1.421754
v 0.510512 0.416994 1.542096
v 0.516461 0.107933 1.694139
v 0.510512 0.406839 1.521453
v 0.516461 0.097778 1.673496
v 0.423184 0.401175 1.217141
v 0.430355 0.099652 1.268082
v 0.418528 0.401175 1.217141
v 0.418528 0.099652 1.268082
v 0.564840 -0.408104 -2.165628
v 0.564840 -0.408723 -2.165628
v 0.557670 0.452459 0.991019
v 0.564840 0.074852 0.988173
v 0.564840 -0.076442 0.987033
v 0.564840 -0.281288 0.986232
v 0.557670 0.399657 1.449485
v 0.557670 0.399355 1.493641
v 0.564840 0.100459 1.640684
v 0.557670 0.402295 1.064004
v 0.557670 0.401247 1.217139
v 0.557670 0.401031 1.248733
v 0.557670 0.400467 1.331176
v 0.553014 0.399657 1.449485
v 0.553014 0.399355 1.493641
v 0.553014 0.402295 1.064004
v 0.553014 0.099317 1.061720
v 0.553014 0.100459 1.640684
v 0.553014 0.100341 1.581181
v 0.553014 0.401247 1.217139
v 0.553014 0.401031 1.248733
v 0.553014 0.099724 1.268080
v 0.553014 0.099808 1.310654
v 0.553014 0.400467 1.331176
v 0.553014 0.100027 1.421752
v 0.368798 -0.110945 2.239357
v 0.368798 -0.364561 2.236304
v 0.401507 -0.153575 2.266029
v 0.532131 -0.322513 2.263994
v 0.532131 -0.153527 2.266028
v 0.401507 -0.153361 2.248196
v 0.532131 -0.322299 2.246161
v 0.532131 -0.153313 2.248195
v 0.564840 0.939471 -2.110167
v 0.564840 0.947773 -0.749964
v 0.564840 0.942940 -0.979097
v 0.564840 0.941675 -1.209324
v 0.551934 0.939471 -2.110167
v 0.551934 0.947773 -0.749964
v 0.551934 0.942940 -0.979097
v 0.551934 0.941675 -1.209324
v 0.490658 0.952583 -2.164153
v 0.490658 0.952542 -2.107220
v 0.359495 0.379524 0.990698
v 0.364489 0.095740 0.989215
v -0.423184 0.452388 0.991021
v 0.000000 0.452388 0.991021
v -0.430355 -0.408795 -2.165626
v 0.000000 -0.408795 -2.165626
v -0.430355 0.074780 0.988175
v -0.430355 -0.076514 0.987034
v -0.430355 -0.281360 0.986233
v -0.368798 -0.364888 2.263486
v 0.000000 -0.281496 0.988892
v -0.430355 -0.281496 0.988892
v -0.430355 -0.408176 -2.165626
v 0.000000 -0.408176 -2.165626
v -0.368798 -0.111272 2.266539
v 0.000000 -0.111272 2.266539
v -0.423184 0.399586 1.449486
v -0.423184 0.399283 1.493642
v -0.423184 0.402223 1.064006
v -0.430355 0.099245 1.061722
v -0.430355 0.100387 1.640686
v -0.430355 0.100269 1.581182
v -0.423184 0.400959 1.248734
v -0.430355 0.099736 1.310656
v -0.423184 0.400395 1.331178
v -0.430355 0.099955 1.421754
v -0.418528 0.399586 1.449486
v -0.418528 0.399283 1.493642
v -0.418528 0.402223 1.064006
v -0.418528 0.099245 1.061722
v -0.418528 0.100387 1.640686
v -0.418528 0.100269 1.581182
v -0.418528 0.400959 1.248734
v -0.418528 0.099736 1.310656
v -0.418528 0.400395 1.331178
v -0.418528 0.099955 1.421754
v -0.510512 0.416994 1.542096
v -0.516461 0.107933 1.694139
v -0.510512 0.406839 1.521453
v -0.516461 0.097778 1.673496
v -0.423184 0.401175 1.217141
v -0.430355 0.099652 1.268082
v -0.418528 0.401175 1.217141
v -0.418528 0.099652 1.268082
v -0.564840 -0.408104 -2.165628
v -0.564840 -0.408723 -2.165628
v -0.557670 0.452459 0.991019
v -0.564840 0.074852 0.988173
v -0.564840 -0.076442 0.987033
v -0.564840 -0.281288 0.986232
v -0.557670 0.399657 1.449485
v -0.557670 0.399355 1.493641
v -0.564840 0.100459 1.640684
v -0.557670 0.402295 1.064004
v -0.557670 0.401247 1.217139
v -0.557670 0.401031 1.248733
v -0.557670 0.400467 1.331176
v -0.553014 0.399657 1.449485
v -0.553014 0.399355 1.493641
v -0.553014 0.402295 1.064004
v -0.553014 0.099317 1.061720
v -0.553014 0.100459 1.640684
v -0.553014 0.100341 1.581181
v -0.553014 0.401247 1.217139
v -0.553014 0.401031 1.248733
v -0.553014 0.099724 1.268080
v -0.553014 0.099808 1.310654
v -0.553014 0.400467 1.331176
v -0.553014 0.100027 1.421752
v -0.368798 -0.110945 2.239357
v -0.368798 -0.364561 2.236304
v 0.000000 -0.110945 2.239357
v -0.401507 -0.153575 2.266029
v -0.532131 -0.322513 2.263994
v -0.532131 -0.153527 2.266028
v -0.401507 -0.153361 2.248196
v -0.532131 -0.322299 2.246161
v -0.532131 -0.153313 2.248195
v -0.564840 0.939471 -2.110167
v -0.564840 0.947773 -0.749964
v -0.564840 0.942940 -0.979097
v -0.564840 0.941675 -1.209324
v -0.551934 0.939471 -2.110167
v -0.551934 0.947773 -0.749964
v -0.551934 0.942940 -0.979097
v -0.551934 0.941675 -1.209324
v -0.490658 0.952583 -2.164153
v 0.000000 0.952583 -2.164153
v -0.490658 0.952542 -2.107220
v 0.000000 0.952542 -2.107220
v 0.000000 0.379524 0.990698
v -0.359495 0.379524 0.990698
v 0.000000 0.095740 0.989215
v -0.364489 0.095740 0.989215
vn 0.0005 -1.0000 -0.0068
vn -0.0000 0.0075 -1.0000
vn -0.0000 -0.0029 1.0000
vn -0.0000 -0.0000 -1.0000
vn 0.0005 -1.0000 0.0020
vn -0.0005 1.0000 0.0068
vn -0.0000 -0.9999 -0.0120
vn 0.0002 -0.4414 -0.8973
vn -0.0000 0.0039 -1.0000
vn -0.0002 0.4414 0.8973
vn -0.0000 -1.0000 -0.0068
vn -0.0000 1.0000 -0.0020
vn -0.0000 -0.4414 -0.8973
vn -0.0000 -0.0075 1.0000
vn -0.9999 -0.0155 0.0076
vn -1.0000 -0.0000 -0.0000
vn 0.0004 -0.9999 -0.0120
vn -0.0000 -1.0000 0.0024
vn -0.0000 -1.0000 0.0055
vn -0.0000 -0.9998 0.0211
vn -0.0000 -1.0000 -0.0007
vn -0.0000 0.0052 -1.0000
vn -0.0000 0.0009 -1.0000
vn -0.0000 0.0044 -1.0000
vn 0.0086 0.0037 -1.0000
vn -0.0005 -1.0000 -0.0068
vn -0.0005 -1.0000 0.0020
vn 0.0005 1.0000 0.0068
vn -0.0002 -0.4414 -0.8973
vn 0.0002 0.4414 0.8973
vn 0.9999 -0.0155 0.0076
vn 1.0000 -0.0000 -0.0000
vn -0.0004 -0.9999 -0.0120
vn -0.0086 0.0037 -1.0000
vt 0.625000 0.724306
vt 0.625000 0.655464
vt 0.000000 0.000000
vt 0.625000 0.607491
vt 0.750000 0.500000
vt 0.625000 0.500000
vt 0.375000 0.375000
vt 0.380372 0.375000
vt 0.380372 0.500000
vt 0.375000 0.500000
vt 0.527875 0.724306
vt 0.527875 0.655464
vt 0.625000 0.589107
vt 0.453524 0.750000
vt 0.453524 0.875000
vt 0.527875 0.750000
vt 0.625000 0.750000
vt 0.527875 0.607491
vt 0.527875 0.589107
vt 0.625000 0.589107
vt 0.527875 0.500000
vt 0.404081 0.750000
vt 0.625000 0.375000
s 0
usemtl Material.002
f 81/19/25 89/20/25 121/20/25 115/19/25
f 89/20/25 87/22/25 120/22/25 121/20/25
f 157/25/28 165/26/28 79/27/28 73/28/28
f 96/29/29 100/30/29 133/30/29 127/29/29
f 87/22/25 105/31/25 119/31/25 120/22/25
f 99/20/30 91/19/30 122/19/30 132/20/30
f 80/32/31 167/33/31 223/33/31 134/32/31
f 73/28/28 79/27/28 109/27/28 110/28/28
f 85/34/32 82/35/32 116/35/32 117/34/32
f 100/30/29 98/36/29 131/36/29 133/30/29
f 97/22/30 99/20/30 132/20/30 129/22/30
f 82/35/25 81/19/25 115/19/25 116/35/25
f 98/36/29 108/37/29 130/37/29 131/36/29
f 107/38/30 97/22/30 129/22/30 128/38/30
f 95/34/29 96/29/29 127/29/29 126/34/29
f 92/35/34 95/34/34 126/34/34 123/35/34
f 94/21/26 93/21/26 124/21/26 125/21/26
f 91/19/30 92/35/30 123/35/30 122/19/30
f 81/19/35 82/35/35 92/35/35 91/19/35
f 89/20/35 81/19/35 91/19/35 99/20/35
f 85/34/36 86/29/36 96/29/36 95/34/36
f 82/35/37 85/34/37 95/34/37 92/35/37
f 87/22/35 89/20/35 99/20/35 97/22/35
f 105/31/35 87/22/35 97/22/35 107/38/35
f 86/29/36 90/30/36 100/30/36 96/29/36
f 84/21/38 83/21/38 93/21/38 94/21/38
f 90/30/36 88/36/36 98/36/36 100/30/36
f 106/37/36 84/39/36 94/39/36 108/37/36
f 102/34/39 101/35/39 103/35/39 104/34/39
f 88/36/36 106/37/36 108/37/36 98/36/36
f 83/24/35 105/31/35 107/38/35 93/24/35
f 108/37/29 94/39/29 125/39/29 130/37/29
f 93/24/30 107/38/30 128/38/30 124/24/30
f 105/31/25 83/24/25 118/24/25 119/31/25
f 77/40/40 80/32/40 134/32/40 135/40/40
f 137/40/40 138/32/40 141/32/40 140/40/40
f 138/32/41 136/32/41 139/32/41 141/32/41
f 142/24/42 145/24/42 149/24/42 146/24/42
f 145/24/43 144/24/43 148/24/43 149/24/43
f 144/24/44 143/24/44 147/24/44 148/24/44
f 239/41/45 150/24/45 151/24/45 241/41/45
f 168/19/50 202/19/50 208/20/50 176/20/50
f 176/20/50 208/20/50 207/22/50 174/22/50
f 157/25/28 156/28/28 164/27/28 165/26/28
f 183/29/51 214/29/51 220/30/51 187/30/51
f 174/22/50 207/22/50 206/31/50 192/31/50
f 186/20/52 219/20/52 209/19/52 178/19/52
f 166/32/31 221/32/31 223/33/31 167/33/31
f 156/28/28 197/28/28 196/27/28 164/27/28
f 172/34/53 204/34/53 203/35/53 169/35/53
f 187/30/51 220/30/51 218/36/51 185/36/51
f 184/22/52 216/22/52 219/20/52 186/20/52
f 169/35/50 203/35/50 202/19/50 168/19/50
f 185/36/51 218/36/51 217/37/51 195/37/51
f 194/38/52 215/38/52 216/22/52 184/22/52
f 182/34/51 213/34/51 214/29/51 183/29/51
f 179/35/54 210/35/54 213/34/54 182/34/54
f 181/21/26 212/21/26 211/21/26 180/21/26
f 178/19/52 209/19/52 210/35/52 179/35/52
f 168/19/35 178/19/35 179/35/35 169/35/35
f 176/20/35 186/20/35 178/19/35 168/19/35
f 172/34/36 182/34/36 183/29/36 173/29/36
f 169/35/37 179/35/37 182/34/37 172/34/37
f 174/22/35 184/22/35 186/20/35 176/20/35
f 192/31/35 194/38/35 184/22/35 174/22/35
f 173/29/36 183/29/36 187/30/36 177/30/36
f 171/21/38 181/21/38 180/21/38 170/21/38
f 177/30/36 187/30/36 185/36/36 175/36/36
f 193/37/36 195/37/36 181/39/36 171/39/36
f 189/34/55 191/34/55 190/35/55 188/35/55
f 175/36/36 185/36/36 195/37/36 193/37/36
f 170/24/35 180/24/35 194/38/35 192/31/35
f 195/37/51 217/37/51 212/39/51 181/39/51
f 180/24/52 211/24/52 215/38/52 194/38/52
f 192/31/50 206/31/50 205/24/50 170/24/50
f 161/40/56 222/40/56 221/32/56 166/32/56
f 225/40/56 228/40/56 229/32/56 226/32/56
f 226/32/57 229/32/57 227/32/57 224/32/57
f 230/24/42 234/24/42 237/24/42 233/24/42
f 233/24/43 237/24/43 236/24/43 232/24/43
f 232/24/44 236/24/44 235/24/44 231/24/44
f 239/41/45 241/41/45 240/24/45 238/24/45
usemtl Material
f 74/21/26 72/21/26 111/21/26 112/21/26
f 155/23/27 162/23/27 78/24/27 72/24/27
f 76/21/33 75/21/33 113/21/33 114/21/33
f 75/21/26 74/21/26 112/21/26 113/21/26
f 78/24/47 162/23/47 244/23/47 153/24/47
f 155/23/48 72/24/48 152/24/48 242/23/48
f 72/24/49 78/24/49 153/24/49 152/24/49
f 158/21/26 199/21/26 198/21/26 154/21/26
f 155/23/27 154/24/27 163/24/27 162/23/27
f 160/21/33 201/21/33 200/21/33 159/21/33
f 159/21/26 200/21/26 199/21/26 158/21/26
f 163/24/47 245/24/47 244/23/47 162/23/47
f 155/23/48 242/23/48 243/24/48 154/24/48
f 154/24/58 243/24/58 245/24/58 163/24/58
usemtl Material.001
f 242/23/46 152/24/46 153/24/46 244/23/46
f 242/23/46 244/23/46 245/24/46 243/24/46
o Cube.003
v 0.504229 0.461546 -2.165626
v 0.504229 0.080380 -2.165626
v 0.490658 0.089816 -2.108676
v 0.504229 -0.072340 -2.165626
v 0.490658 0.450463 -2.108676
v 0.504229 -0.179610 -2.165626
v 0.430355 -0.370621 -2.165626
v 0.430355 0.452610 0.914370
v 0.430355 1.015721 -2.158682
v 0.430355 -0.281273 0.909928
v 0.504229 0.992190 -2.164087
v 0.430355 -0.408176 -2.165626
v 0.430355 -0.214269 -2.165626
v 0.430355 -0.221805 1.651413
v 0.430355 -0.205218 1.828241
v 0.430355 -0.372699 2.082578
v 0.430355 -0.490446 2.092611
v 0.430355 -0.270125 1.988303
v 0.430355 -0.517928 2.083676
v 0.430355 -0.416501 -0.741686
v 0.430355 -0.360942 -0.760625
v 0.430355 -0.391545 -0.743809
v 0.430355 -0.300480 -0.805305
v 0.430355 -0.246304 -0.960226
v 0.430355 -0.260281 -1.096466
v 0.564840 -0.408104 -2.165628
v 0.564840 0.461617 -2.165628
v 0.564840 0.080452 -2.165628
v 0.564840 -0.072268 -2.165628
v 0.564840 -0.211715 -2.165628
v 0.564840 -0.217978 -2.165628
v 0.564840 -0.370549 -2.165628
v 0.564840 -0.372627 2.082576
v 0.564840 0.969219 -2.164088
v 0.564840 1.015793 -2.158684
v 0.564840 -0.490374 2.092609
v 0.564840 -0.260209 -1.096467
v 0.564840 -0.270053 1.988302
v 0.564840 -0.221733 1.651411
v 0.564840 -0.205146 1.828239
v 0.564840 -0.517856 2.083674
v 0.564840 -0.416429 -0.741688
v 0.564840 -0.360870 -0.760627
v 0.564840 -0.391473 -0.743811
v 0.564840 -0.300408 -0.805307
v 0.564840 -0.246232 -0.960227
v 0.564840 -0.260007 0.838370
v 0.564840 -0.063486 0.839119
v 0.564840 0.081677 0.840187
v 0.551934 -0.260007 0.838370
v 0.551934 -0.063486 0.839119
v 0.551934 0.081677 0.840187
v 0.490658 0.450504 -2.165609
v 0.490658 0.089857 -2.165609
v 0.490658 -0.054642 -2.165609
v 0.490658 -0.156138 -2.165609
v 0.490658 0.952583 -2.164153
v 0.490658 -0.054683 -2.108676
v 0.490658 -0.156179 -2.108676
v 0.490658 0.952542 -2.107220
v 0.143990 -0.259423 -2.165626
v 0.143990 -0.357425 -2.165626
v 0.440748 -0.226492 -2.165626
v 0.440748 -0.358678 -2.165626
v 0.554447 -0.358618 -2.165628
v 0.554447 -0.229628 -2.165628
v 0.422665 0.449925 0.914147
v 0.422665 0.940242 0.900372
v 0.422665 -0.257732 0.909864
v 0.422665 0.449809 0.903619
v 0.422665 0.940126 0.889844
v 0.422665 -0.257848 0.899336
v -0.504229 0.461546 -2.165626
v -0.504229 0.080380 -2.165626
v -0.490658 0.089816 -2.108676
v -0.504229 -0.072340 -2.165626
v -0.490658 0.450463 -2.108676
v -0.504229 -0.179610 -2.165626
v 0.000000 -0.179610 -2.165626
v -0.430355 -0.370621 -2.165626
v 0.000000 -0.405444 -2.165626
v -0.430355 0.452610 0.914370
v 0.000000 1.015721 -2.158682
v -0.430355 1.015721 -2.158682
v -0.430355 -0.281273 0.909928
v 0.000000 -0.281273 0.909928
v 0.000000 0.992190 -2.164087
v -0.504229 0.992190 -2.164087
v -0.430355 -0.408176 -2.165626
v 0.000000 -0.408176 -2.165626
v -0.430355 -0.214269 -2.165626
v 0.000000 -0.211405 -2.165626
v -0.430355 -0.221805 1.651413
v -0.430355 -0.205218 1.828241
v -0.430355 -0.372699 2.082578
v -0.430355 -0.490446 2.092611
v -0.430355 -0.270125 1.988303
v -0.430355 -0.517928 2.083676
v -0.430355 -0.416501 -0.741686
v -0.430355 -0.360942 -0.760625
v -0.430355 -0.391545 -0.743809
v -0.430355 -0.300480 -0.805305
v -0.430355 -0.246304 -0.960226
v -0.430355 -0.260281 -1.096466
v -0.564840 -0.408104 -2.165628
v -0.564840 0.461617 -2.165628
v -0.564840 0.080452 -2.165628
v -0.564840 -0.072268 -2.165628
v -0.564840 -0.211715 -2.165628
v -0.564840 -0.217978 -2.165628
v -0.564840 -0.370549 -2.165628
v -0.564840 -0.372627 2.082576
v -0.564840 0.969219 -2.164088
v -0.564840 1.015793 -2.158684
v -0.564840 -0.490374 2.092609
v -0.564840 -0.260209 -1.096467
v -0.564840 -0.270053 1.988302
v -0.564840 -0.221733 1.651411
v -0.564840 -0.205146 1.828239
v -0.564840 -0.517856 2.083674
v -0.564840 -0.416429 -0.741688
v -0.564840 -0.360870 -0.760627
v -0.564840 -0.391473 -0.743811
v -0.564840 -0.300408 -0.805307
v -0.564840 -0.246232 -0.960227
v -0.564840 -0.260007 0.838370
v -0.564840 -0.063486 0.839119
v -0.564840 0.081677 0.840187
v -0.551934 -0.260007 0.838370
v -0.551934 -0.063486 0.839119
v -0.551934 0.081677 0.840187
v -0.490658 0.450504 -2.165609
v -0.490658 0.089857 -2.165609
v -0.490658 -0.054642 -2.165609
v -0.490658 -0.156138 -2.165609
v 0.000000 -0.156138 -2.165609
v -0.490658 0.952583 -2.164153
v 0.000000 0.952583 -2.164153
v -0.490658 -0.054683 -2.108676
v -0.490658 -0.156179 -2.108676
v 0.000000 -0.156179 -2.108676
v -0.490658 0.952542 -2.107220
v -0.143990 -0.259423 -2.165626
v -0.143990 -0.357425 -2.165626
v 0.000000 -0.259423 -2.165626
v 0.000000 -0.357425 -2.165626
v -0.440748 -0.226492 -2.165626
v -0.440748 -0.358678 -2.165626
v -0.554447 -0.358618 -2.165628
v -0.554447 -0.229628 -2.165628
v 0.000000 -0.257732 0.909864
v 0.000000 0.940242 0.900372
v -0.422665 0.449925 0.914147
v -0.422665 0.940242 0.900372
v -0.422665 -0.257732 0.909864
v 0.000000 -0.257848 0.899336
v 0.000000 0.940126 0.889844
v -0.422665 0.449809 0.903619
v -0.422665 0.940126 0.889844
v -0.422665 -0.257848 0.899336
vn -0.0012 -0.0000 -1.0000
vn -0.0000 0.2238 -0.9746
vn -0.0036 0.0029 -1.0000
vn 0.0005 -0.9948 0.1021
vn -0.0000 0.0007 -1.0000
vn -0.0000 -0.0000 -1.0000
vn 0.0005 -0.9956 0.0934
vn -0.0269 -0.0061 0.9996
vn -0.0000 -0.0848 -0.9964
vn -0.0000 -0.0849 -0.9964
vn 0.0203 0.1732 -0.9847
vn -0.0002 0.3092 -0.9510
vn 0.0004 -0.6767 -0.7363
vn 0.0003 -0.5943 -0.8042
vn 0.0005 -0.9267 -0.3758
vn 0.0002 -0.4816 -0.8764
vn 0.0005 0.0030 -1.0000
vn 0.0005 -0.9439 -0.3301
vn -0.0000 0.0074 -1.0000
vn -0.0000 0.0038 -1.0000
vn -1.0000 -0.0000 -0.0000
vn -0.0000 1.0000 0.0007
vn -0.0000 0.0017 -1.0000
vn -0.0000 0.0027 1.0000
vn -0.0000 -0.9999 0.0110
vn -0.0000 0.9999 -0.0110
vn 0.0012 -0.0000 -1.0000
vn 0.0036 0.0029 -1.0000
vn -0.0005 -0.9948 0.1021
vn -0.0005 -0.9956 0.0934
vn 0.0269 -0.0061 0.9996
vn -0.0203 0.1732 -0.9847
vn 0.0002 0.3092 -0.9510
vn -0.0004 -0.6767 -0.7363
vn -0.0003 -0.5943 -0.8042
vn -0.0005 -0.9267 -0.3758
vn -0.0002 -0.4816 -0.8764
vn -0.0005 0.0030 -1.0000
vn -0.0005 -0.9439 -0.3301
vn 1.0000 -0.0000 -0.0000
vt 0.625000 0.500000
vt 0.527875 0.500000
vt 0.625000 0.375000
vt 0.453524 0.500000
vt 0.453524 0.500000
vt 0.461626 0.500000
vt 0.461626 0.375000
vt 0.380372 0.500000
vt 0.404081 0.500000
vt 0.453524 0.375000
vt 0.380372 0.375000
vt 0.404081 0.375000
vt 0.453524 0.655464
vt 0.453524 0.607491
vt 0.000000 0.000000
vt 0.375000 0.500000
vt 0.383564 0.500000
vt 0.488960 0.500000
vt 0.380372 0.724306
vt 0.404081 0.724306
vt 0.375000 0.724306
vt 0.453524 0.724306
vt 0.404081 0.500000
vt 0.750000 0.500000
vt 0.750000 0.500000
s 0
usemtl Material.004
f 246/42/59 247/43/59 299/43/59 298/42/59
f 256/42/60 332/44/60 328/44/60 254/42/60
f 256/42/61 246/42/61 298/42/61 302/42/61
f 269/45/62 270/46/62 282/46/62 291/45/62
f 251/47/63 324/48/63 381/48/63 301/47/63
f 257/49/64 252/50/64 277/50/64 271/49/64
f 337/51/64 324/48/64 251/47/64 258/46/64
f 335/52/64 326/53/64 252/50/64 257/49/64
f 260/54/65 259/55/65 284/55/65 285/54/65
f 255/56/66 253/56/66 312/56/66 314/56/66
f 265/57/67 267/58/67 289/58/67 287/57/67
f 249/59/59 251/47/59 301/47/59 300/59/59
f 251/47/64 249/59/64 274/59/64 275/47/64
f 258/46/64 252/50/64 307/50/64 306/46/64
f 262/60/68 261/61/68 278/61/68 281/60/68
f 256/42/69 254/42/69 280/42/69 279/42/69
f 264/62/70 262/60/70 281/60/70 286/62/70
f 261/61/71 263/63/71 283/63/71 278/61/71
f 266/64/72 268/46/72 290/46/72 288/64/72
f 263/63/73 260/54/73 285/54/73 283/63/73
f 258/46/64 251/47/64 275/47/64 276/46/64
f 267/58/74 266/64/74 288/64/74 289/58/74
f 249/59/64 247/43/64 273/43/64 274/59/64
f 246/42/75 256/42/75 279/42/75 272/42/75
f 268/46/76 269/45/76 291/45/76 290/46/76
f 276/46/64 277/50/64 310/50/64 311/46/64
f 247/43/64 246/42/64 272/42/64 273/43/64
f 294/56/77 293/56/77 296/56/77 297/56/77
f 293/56/78 292/56/78 295/56/78 296/56/78
f 300/59/79 301/47/79 304/47/79 303/59/79
f 302/42/79 298/42/79 250/42/79 305/42/79
f 301/47/80 381/48/80 386/48/80 304/47/80
f 332/44/81 256/42/81 302/42/81 383/44/81
f 247/43/59 249/59/59 300/59/59 299/43/59
f 299/43/79 300/59/79 303/59/79 248/43/79
f 298/42/79 299/43/79 248/43/79 250/42/79
f 337/51/64 258/46/64 306/46/64 390/51/64
f 252/50/64 326/53/64 391/53/64 307/50/64
f 252/50/64 258/46/64 308/46/64 309/50/64
f 258/46/64 276/46/64 311/46/64 308/46/64
f 277/50/64 252/50/64 309/50/64 310/50/64
f 312/42/79 313/42/79 316/42/79 315/42/79
f 314/56/79 312/56/79 315/56/79 317/56/79
f 331/65/82 255/42/82 314/42/82 396/65/82
f 313/42/83 397/66/83 402/66/83 316/42/83
f 396/65/84 314/42/84 317/42/84 401/65/84
f 318/42/85 377/42/85 378/43/85 319/43/85
f 333/42/60 329/42/60 328/44/60 332/44/60
f 333/42/86 382/42/86 377/42/86 318/42/86
f 348/45/87 370/45/87 361/46/87 349/46/87
f 323/47/63 380/47/63 381/48/63 324/48/63
f 334/49/64 350/49/64 356/50/64 325/50/64
f 337/51/64 336/46/64 323/47/64 324/48/64
f 335/52/64 334/49/64 325/50/64 326/53/64
f 339/54/88 364/54/88 363/55/88 338/55/88
f 330/56/89 400/56/89 398/56/89 327/56/89
f 344/57/67 366/57/67 368/58/67 346/58/67
f 321/59/85 379/59/85 380/47/85 323/47/85
f 323/47/64 354/47/64 353/59/64 321/59/64
f 336/46/64 388/46/64 389/50/64 325/50/64
f 341/60/68 360/60/68 357/61/68 340/61/68
f 333/42/90 358/42/90 359/42/90 329/42/90
f 343/62/91 365/62/91 360/60/91 341/60/91
f 340/61/92 357/61/92 362/63/92 342/63/92
f 345/64/93 367/64/93 369/46/93 347/46/93
f 342/63/94 362/63/94 364/54/94 339/54/94
f 336/46/64 355/46/64 354/47/64 323/47/64
f 346/58/95 368/58/95 367/64/95 345/64/95
f 321/59/64 353/59/64 352/43/64 319/43/64
f 318/42/96 351/42/96 358/42/96 333/42/96
f 347/46/97 369/46/97 370/45/97 348/45/97
f 355/46/64 395/46/64 394/50/64 356/50/64
f 319/43/64 352/43/64 351/42/64 318/42/64
f 373/56/77 376/56/77 375/56/77 372/56/77
f 372/56/78 375/56/78 374/56/78 371/56/78
f 379/59/98 384/59/98 385/47/98 380/47/98
f 382/42/98 387/42/98 322/42/98 377/42/98
f 380/47/80 385/47/80 386/48/80 381/48/80
f 332/44/81 383/44/81 382/42/81 333/42/81
f 319/43/85 378/43/85 379/59/85 321/59/85
f 378/43/98 320/43/98 384/59/98 379/59/98
f 377/42/98 322/42/98 320/43/98 378/43/98
f 337/51/64 390/51/64 388/46/64 336/46/64
f 325/50/64 389/50/64 391/53/64 326/53/64
f 325/50/64 393/50/64 392/46/64 336/46/64
f 336/46/64 392/46/64 395/46/64 355/46/64
f 356/50/64 394/50/64 393/50/64 325/50/64
f 398/42/98 403/42/98 404/42/98 399/42/98
f 400/56/98 405/56/98 403/56/98 398/56/98
f 331/65/82 396/65/82 400/42/82 330/42/82
f 399/42/83 404/42/83 402/66/83 397/66/83
f 396/65/84 401/65/84 405/42/84 400/42/84
o Cube.004
v 0.490658 0.089816 -2.108676
v 0.490658 0.450463 -2.108676
v 0.490658 -0.054683 -2.108676
v 0.490658 -0.156179 -2.108676
v 0.490658 0.952542 -2.107220
v 0.000000 0.450463 -2.108676
v -0.490658 0.089816 -2.108676
v -0.490658 0.450463 -2.108676
v 0.000000 0.089816 -2.108676
v -0.490658 -0.054683 -2.108676
v 0.000000 -0.054683 -2.108676
v -0.490658 -0.156179 -2.108676
v 0.000000 -0.156179 -2.108676
v -0.490658 0.952542 -2.107220
v 0.000000 0.952542 -2.107220
vn -0.0000 -0.0000 -1.0000
vn -0.0000 0.0029 -1.0000
vt 0.527875 0.375000
vt 0.625000 0.375000
vt 0.625000 0.500000
vt 0.527875 0.500000
vt 0.488960 0.375000
vt 0.488960 0.500000
vt 0.461626 0.375000
vt 0.461626 0.500000
s 0
usemtl Material.005
f 414/67/99 411/68/99 407/69/99 406/70/99
f 416/71/99 414/67/99 406/70/99 408/72/99
f 418/73/99 416/71/99 408/72/99 409/74/99
f 407/69/100 411/68/100 420/68/100 410/69/100
f 414/67/99 412/70/99 413/69/99 411/68/99
f 416/71/99 415/72/99 412/70/99 414/67/99
f 418/73/99 417/74/99 415/72/99 416/71/99
f 413/69/100 419/69/100 420/68/100 411/68/100
o Cube.005
v 0.552357 0.171418 1.599024
v 0.556795 0.101956 1.600694
v 0.546999 0.171709 1.573911
v 0.550783 0.110466 1.572435
v 0.575149 0.173375 1.568424
v 0.578932 0.112132 1.566948
v 0.580507 0.173084 1.593537
v 0.584944 0.103623 1.595206
v 0.575409 0.202219 1.559295
v 0.581218 0.096634 1.557029
v 0.594972 0.175702 1.599826
v 0.599063 0.108918 1.600531
v 0.654958 0.100999 1.542655
v 0.653422 0.112136 1.589934
v -0.552357 0.171418 1.599024
v -0.556795 0.101956 1.600694
v -0.546999 0.171709 1.573911
v -0.550783 0.110466 1.572435
v -0.575149 0.173375 1.568424
v -0.578932 0.112132 1.566948
v -0.580507 0.173084 1.593537
v -0.584944 0.103623 1.595206
v -0.575409 0.202219 1.559295
v -0.581218 0.096634 1.557029
v -0.594972 0.175702 1.599826
v -0.599063 0.108918 1.600531
v -0.654958 0.100999 1.542655
v -0.653422 0.112136 1.589934
vn -0.9782 -0.0612 0.1983
vn -0.3746 -0.0073 0.9271
vn -0.1920 0.0118 -0.9813
vn 0.0005 -0.9575 -0.2884
vn 0.1023 -0.9675 0.2312
vn -0.7849 0.4094 0.4651
vn -0.4755 -0.8560 0.2031
vn -0.9843 -0.0528 -0.1686
vn 0.9782 -0.0612 0.1983
vn 0.3746 -0.0073 0.9271
vn 0.1920 0.0118 -0.9813
vn -0.0005 -0.9575 -0.2884
vn -0.1023 -0.9675 0.2312
vn 0.7849 0.4094 0.4651
vn 0.4755 -0.8560 0.2031
vn 0.9843 -0.0528 -0.1686
vt 0.527875 0.655464
vt 0.527875 0.724306
vt 0.625000 0.724306
vt 0.625000 0.655464
s 0
usemtl Material
f 424/75/101 422/76/101 421/77/101 423/78/101
f 427/77/102 428/76/102 432/76/102 431/77/102
f 424/75/103 423/78/103 425/78/103 426/75/103
f 422/76/104 424/75/104 426/75/104 428/76/104
f 432/76/105 430/75/105 433/75/105 434/76/105
f 425/78/106 427/77/106 431/77/106 429/78/106
f 428/76/107 426/75/107 430/75/107 432/76/107
f 426/75/108 425/78/108 429/78/108 430/75/108
f 438/75/109 437/78/109 435/77/109 436/76/109
f 441/77/110 445/77/110 446/76/110 442/76/110
f 438/75/111 440/75/111 439/78/111 437/78/111
f 436/76/112 442/76/112 440/75/112 438/75/112
f 446/76/113 448/76/113 447/75/113 444/75/113
f 439/78/114 443/78/114 445/77/114 441/77/114
f 442/76/115 446/76/115 444/75/115 440/75/115
f 440/75/116 444/75/116 443/78/116 439/78/116
o Cube.006
v 0.430355 -0.519571 0.983695
v 0.430355 -0.408795 -2.165626
v 0.430355 -0.425447 0.979723
v 0.430355 -0.518783 1.510823
v 0.430355 -0.518432 1.746079
v 0.430355 -0.517928 2.083676
v 0.430355 -0.416501 -0.741686
v 0.430355 -0.415203 -0.955273
v 0.430355 -0.413899 -1.213293
v 0.430355 -0.518918 1.439750
v 0.564840 -0.519499 0.983693
v 0.564840 -0.518846 1.439748
v 0.564840 -0.408723 -2.165628
v 0.564840 -0.413827 -1.213295
v 0.564840 -0.425375 0.979721
v 0.564840 -0.518712 1.510822
v 0.564840 -0.416429 -0.741688
v 0.430342 -0.520637 -0.779016
v 0.430342 -0.519339 -0.955770
v 0.430342 -0.518034 -1.159280
v -0.430355 -0.519571 0.983695
v 0.000000 -0.519571 0.983695
v -0.430355 -0.408795 -2.165626
v 0.000000 -0.408795 -2.165626
v 0.000000 -0.425447 0.979723
v -0.430355 -0.425447 0.979723
v -0.430355 -0.518783 1.510823
v 0.000000 -0.518783 1.510824
v 0.000000 -0.518432 1.746079
v -0.430355 -0.518432 1.746079
v 0.000000 -0.517928 2.083676
v -0.430355 -0.517928 2.083676
v 0.000000 -0.416501 -0.733392
v -0.430355 -0.416501 -0.741686
v -0.430355 -0.415203 -0.955273
v 0.000000 -0.413899 -1.201638
v -0.430355 -0.413899 -1.213293
v -0.430355 -0.518918 1.439750
v 0.000000 -0.518918 1.420671
v -0.564840 -0.519499 0.983693
v -0.564840 -0.518846 1.439748
v -0.564840 -0.408723 -2.165628
v -0.564840 -0.413827 -1.213295
v -0.564840 -0.425375 0.979721
v -0.564840 -0.518712 1.510822
v -0.564840 -0.416429 -0.741688
v 0.000000 -0.520637 -0.770722
v -0.430342 -0.520637 -0.779016
v 0.000000 -0.519339 -0.955770
v -0.430342 -0.519339 -0.955770
v 0.000000 -0.518034 -1.147625
v -0.430342 -0.518034 -1.159280
vn 0.0005 -1.0000 -0.0052
vn -0.0001 -1.0000 -0.0053
vn 0.0005 -1.0000 -0.0054
vn -0.0000 -0.0422 -0.9991
vn -0.0000 -1.0000 0.0017
vn 0.0005 -1.0000 0.0019
vn -0.0000 -1.0000 0.0015
vn -0.0001 -1.0000 -0.0052
vn 0.0005 -1.0000 0.0014
vn 1.0000 -0.0001 -0.0000
vn -0.0240 -0.4603 -0.8874
vn -0.0001 -1.0000 -0.0072
vn -0.0001 -1.0000 -0.0066
vn 0.0181 -0.3374 0.9412
vn -0.0005 -1.0000 -0.0052
vn 0.0001 -1.0000 -0.0053
vn -0.0005 -1.0000 -0.0054
vn -0.0005 -1.0000 0.0019
vn 0.0001 -1.0000 -0.0052
vn -0.0005 -1.0000 0.0014
vn -1.0000 -0.0001 -0.0000
vn 0.0240 -0.4603 -0.8874
vn 0.0001 -1.0000 -0.0072
vn 0.0001 -1.0000 -0.0066
vn -0.0181 -0.3374 0.9412
vt 0.375000 0.500000
vt 0.375000 0.500000
vt 0.250000 0.500000
vt 0.250000 0.589107
vt 0.375000 0.589108
vt 0.375000 0.607491
vt 0.250000 0.607491
vt 0.375000 0.655464
vt 0.250000 0.655464
vt 0.375000 0.724306
vt 0.250000 0.724306
vt 0.000000 0.000000
vt 0.375000 0.500000
s 0
usemtl Material.007
f 451/79/117 455/80/117 465/80/117 463/79/117
f 457/79/118 484/81/118 472/81/118 450/79/118
f 457/79/119 450/79/119 461/79/119 462/79/119
f 449/79/120 470/81/120 473/81/120 451/79/120
f 487/82/121 458/83/121 452/84/121 476/85/121
f 452/84/122 458/83/122 460/83/122 464/84/122
f 476/85/123 452/84/123 453/86/123 477/87/123
f 477/87/123 453/86/123 454/88/123 479/89/123
f 449/79/120 451/79/120 463/79/120 459/79/120
f 451/79/124 473/81/124 481/81/124 455/80/124
f 458/83/125 449/79/125 459/79/125 460/83/125
f 456/90/126 455/90/126 466/90/126 467/90/126
f 484/81/127 457/79/127 468/79/127 499/81/127
f 470/81/123 449/79/123 458/83/123 487/82/123
f 466/80/128 495/81/128 497/81/128 467/91/128
f 467/91/129 497/81/129 499/81/129 468/79/129
f 455/80/130 481/81/130 495/81/130 466/80/130
f 457/90/126 456/90/126 467/90/126 468/90/126
f 474/79/131 492/79/131 494/80/131 482/80/131
f 485/79/132 471/79/132 472/81/132 484/81/132
f 485/79/133 491/79/133 490/79/133 471/79/133
f 469/79/120 474/79/120 473/81/120 470/81/120
f 487/82/121 476/85/121 475/84/121 486/83/121
f 475/84/134 493/84/134 489/83/134 486/83/134
f 476/85/123 477/87/123 478/86/123 475/84/123
f 477/87/123 479/89/123 480/88/123 478/86/123
f 469/79/120 488/79/120 492/79/120 474/79/120
f 474/79/135 482/80/135 481/81/135 473/81/135
f 486/83/136 489/83/136 488/79/136 469/79/136
f 483/90/137 498/90/137 496/90/137 482/90/137
f 484/81/138 499/81/138 500/79/138 485/79/138
f 470/81/123 487/82/123 486/83/123 469/79/123
f 496/80/139 498/91/139 497/81/139 495/81/139
f 498/91/140 500/79/140 499/81/140 497/81/140
f 482/80/141 496/80/141 495/81/141 481/81/141
f 485/90/137 500/90/137 498/90/137 483/90/137
o Cube.007
o Cube.008
v 0.430355 -0.363462 2.307047
v 0.430355 -0.518145 2.317343
v 0.430355 -0.489570 2.315441
v 0.564840 -0.498613 0.983850
v 0.564840 -0.519499 0.983693
v 0.564840 -0.489431 2.219615
v 0.564840 -0.517667 2.209674
v 0.564840 -0.518846 1.439748
v 0.564840 -0.327576 0.984545
v 0.564840 -0.364816 2.263484
v 0.564840 -0.372627 2.082576
v 0.564840 -0.489498 2.315439
v 0.564840 -0.518073 2.317341
v 0.564840 -0.363390 2.307045
v 0.564840 -0.490374 2.092609
v 0.564840 -0.329809 1.438933
v 0.564840 -0.495340 1.438305
v 0.564840 -0.517856 2.083674
v 0.608440 -0.498613 0.983850
v 0.608440 -0.519499 0.983693
v 0.608440 -0.518846 1.439748
v 0.608440 -0.327576 0.984545
v 0.608440 -0.329809 1.438933
v 0.608440 -0.495340 1.438305
v -0.430355 -0.363462 2.307047
v -0.430355 -0.518145 2.317343
v 0.000000 -0.518145 2.317343
v 0.000000 -0.363462 2.307047
v -0.430355 -0.489570 2.315441
v 0.000000 -0.489570 2.315441
v -0.564840 -0.498613 0.983850
v -0.564840 -0.519499 0.983693
v -0.564840 -0.489431 2.219615
v -0.564840 -0.517667 2.209674
v -0.564840 -0.518846 1.439748
v -0.564840 -0.327576 0.984545
v -0.564840 -0.364816 2.263484
v -0.564840 -0.372627 2.082576
v -0.564840 -0.489498 2.315439
v -0.564840 -0.518073 2.317341
v -0.564840 -0.363390 2.307045
v -0.564840 -0.490374 2.092609
v -0.564840 -0.329809 1.438933
v -0.564840 -0.495340 1.438305
v -0.564840 -0.517856 2.083674
v -0.608440 -0.498613 0.983850
v -0.608440 -0.519499 0.983693
v -0.608440 -0.518846 1.439748
v -0.608440 -0.327576 0.984545
v -0.608440 -0.329809 1.438933
v -0.608440 -0.495340 1.438305
vn -0.0000 0.0664 0.9978
vn 1.0000 -0.0000 -0.0000
vn -0.0000 0.0613 0.9981
vn -0.0000 0.0041 -1.0000
vn -0.0000 -0.0038 1.0000
vn -0.0000 -1.0000 0.0014
vn -0.0000 1.0000 0.0049
vn -1.0000 -0.0000 -0.0000
vt 0.380372 0.750000
vt 0.404081 0.750000
vt 0.404081 0.875000
vt 0.380372 0.875000
vt 0.375000 0.750000
vt 0.375000 0.875000
vt 0.380372 0.724306
vt 0.404081 0.724306
vt 0.380372 0.750000
vt 0.375000 0.724306
vt 0.380372 0.589107
vt 0.375000 0.589108
vt 0.380372 0.500000
vt 0.404081 0.500000
vt 0.404081 0.589108
vt 0.375000 0.500000
s 0
usemtl Material.002
f 503/92/142 501/93/142 528/94/142 530/95/142
f 502/96/142 503/92/142 530/95/142 527/97/142
f 503/92/142 502/96/142 513/96/142 512/92/142
f 515/98/143 511/99/143 510/93/143 506/100/143
f 506/100/143 510/93/143 514/93/143 512/92/143
f 507/96/143 506/100/143 512/92/143 513/96/143
f 518/101/143 515/98/143 506/100/143 507/96/143
f 517/102/144 508/103/144 521/103/144 524/102/144
f 501/93/142 503/92/142 512/92/142 514/93/142
f 519/104/143 522/105/143 523/106/143 524/102/143
f 520/107/143 519/104/143 524/102/143 521/103/143
f 504/104/145 509/105/145 522/105/145 519/104/145
f 516/106/146 517/102/146 524/102/146 523/106/146
f 508/103/147 505/107/147 520/107/147 521/103/147
f 509/105/148 516/106/148 523/106/148 522/105/148
f 529/92/142 530/95/142 528/94/142 525/93/142
f 526/96/142 527/97/142 530/95/142 529/92/142
f 529/92/142 539/92/142 540/96/142 526/96/142
f 542/98/149 533/100/149 537/93/149 538/99/149
f 533/100/149 539/92/149 541/93/149 537/93/149
f 534/96/149 540/96/149 539/92/149 533/100/149
f 545/101/149 534/96/149 533/100/149 542/98/149
f 544/102/144 551/102/144 548/103/144 535/103/144
f 525/93/142 541/93/142 539/92/142 529/92/142
f 546/104/149 551/102/149 550/106/149 549/105/149
f 547/107/149 548/103/149 551/102/149 546/104/149
f 531/104/145 546/104/145 549/105/145 536/105/145
f 543/106/146 550/106/146 551/102/146 544/102/146
f 535/103/147 548/103/147 547/107/147 532/107/147
f 536/105/148 549/105/148 550/106/148 543/106/148
o Cube.009
v 0.401507 -0.153361 2.248196
v 0.401507 -0.322346 2.246162
v 0.532131 -0.322299 2.246161
v 0.532131 -0.153313 2.248195
v -0.401507 -0.153361 2.248196
v -0.401507 -0.322346 2.246162
v -0.532131 -0.322299 2.246161
v -0.532131 -0.153313 2.248195
vn -0.0000 -0.0120 0.9999
vt 0.453524 0.750000
vt 0.404081 0.750000
s 0
usemtl Material.003
f 552/108/150 553/109/150 554/109/150 555/108/150
f 556/108/150 559/108/150 558/109/150 557/109/150
o Cube.010
v 0.423184 0.452388 0.991021
v 0.536350 0.448724 1.526486
v 0.543520 0.076203 1.709749
v 0.430355 0.067412 1.869078
v 0.430355 -0.069716 2.267039
v 0.368798 -0.364888 2.263486
v 0.430355 -0.363462 2.307047
v 0.368798 -0.111272 2.266539
v 0.423184 0.450813 1.221252
v 0.423184 0.450110 1.324004
v 0.423184 0.449101 1.471454
v 0.423184 0.402223 1.064006
v 0.430355 0.099245 1.061722
v 0.430355 0.100387 1.640686
v 0.430355 0.100269 1.581182
v 0.430355 0.099736 1.310656
v 0.430355 0.099955 1.421754
v 0.510512 0.416994 1.542096
v 0.516461 0.107933 1.694139
v 0.510512 0.406839 1.521453
v 0.516461 0.097778 1.673496
v 0.423184 0.451082 1.181877
v 0.430355 0.099652 1.268082
v 0.557670 0.449173 1.471452
v 0.557670 0.448796 1.526484
v 0.564840 -0.518846 1.439748
v 0.557670 0.452459 0.991019
v 0.564840 0.074852 0.988173
v 0.564840 0.076275 1.709747
v 0.564840 0.076129 1.635587
v 0.564840 -0.076442 0.987033
v 0.564840 0.067484 1.869076
v 0.564840 0.052692 1.778424
v 0.564840 -0.281288 0.986232
v 0.564840 -0.069644 2.267037
v 0.564840 -0.091395 2.135402
v 0.564840 -0.298907 0.985994
v 0.564840 -0.327576 0.984545
v 0.564840 -0.111200 2.266537
v 0.564840 -0.364816 2.263484
v 0.564840 -0.372627 2.082576
v 0.564840 -0.363390 2.307045
v 0.564840 -0.270053 1.988302
v 0.557670 0.451154 1.181875
v 0.557670 0.450884 1.221251
v 0.564840 0.075359 1.245364
v 0.564840 0.075464 1.298425
v 0.564840 -0.025143 1.301419
v 0.564840 -0.014559 1.366280
v 0.564840 -0.205852 1.442749
v 0.564840 -0.190288 1.536933
v 0.564840 -0.329809 1.438933
v 0.564840 -0.356354 1.532677
v 0.564840 -0.495340 1.438305
v 0.564840 -0.494665 1.515185
v 0.564840 -0.234932 1.537608
v 0.564840 -0.221733 1.651411
v 0.564840 -0.518712 1.510822
v 0.557670 0.399657 1.449485
v 0.557670 0.450181 1.324002
v 0.564840 0.075737 1.436889
v 0.564840 0.013059 1.535537
v 0.564840 -0.149676 1.782709
v 0.564840 -0.205146 1.828239
v 0.557670 0.399355 1.493641
v 0.564840 0.100459 1.640684
v 0.557670 0.402295 1.064004
v 0.564840 0.099317 1.061720
v 0.564840 0.100341 1.581181
v 0.557670 0.401247 1.217139
v 0.557670 0.401031 1.248733
v 0.564840 0.099724 1.268080
v 0.564840 0.099808 1.310654
v 0.557670 0.400467 1.331176
v 0.564840 0.100027 1.421752
v 0.368798 -0.364561 2.236304
v 0.401507 -0.153575 2.266029
v 0.401507 -0.322561 2.263995
v 0.532131 -0.322513 2.263994
v 0.532131 -0.153527 2.266028
v 0.401507 -0.153361 2.248196
v 0.401507 -0.322346 2.246162
v 0.532131 -0.322299 2.246161
v 0.564840 0.931750 0.829148
v 0.564840 0.947773 -0.749964
v 0.551934 0.931750 0.829148
v 0.551934 0.947773 -0.749964
v -0.423184 0.452388 0.991021
v -0.536350 0.448724 1.526486
v 0.000000 0.448724 1.526486
v 0.000000 0.452388 0.991021
v -0.543520 0.076203 1.709749
v 0.000000 0.076203 1.709749
v -0.430355 0.067412 1.869078
v 0.000000 0.067412 1.869078
v -0.430355 -0.069716 2.267039
v 0.000000 -0.069716 2.267039
v -0.368798 -0.364888 2.263486
v 0.000000 -0.364888 2.263486
v -0.430355 -0.363462 2.307047
v 0.000000 -0.363462 2.307047
v -0.368798 -0.111272 2.266539
v 0.000000 -0.111272 2.266539
v -0.423184 0.450813 1.221252
v 0.000000 0.450813 1.221252
v -0.423184 0.450110 1.324004
v 0.000000 0.450110 1.324004
v -0.423184 0.449101 1.471454
v 0.000000 0.449101 1.471454
v -0.423184 0.402223 1.064006
v -0.430355 0.099245 1.061722
v -0.430355 0.100387 1.640686
v -0.430355 0.100269 1.581182
v -0.430355 0.099736 1.310656
v -0.430355 0.099955 1.421754
v -0.510512 0.416994 1.542096
v 0.000000 0.416994 1.542096
v -0.516461 0.107933 1.694139
v 0.000000 0.107933 1.694139
v -0.510512 0.406839 1.521453
v 0.000000 0.406839 1.521453
v -0.516461 0.097778 1.673496
v 0.000000 0.097778 1.673496
v -0.423184 0.451082 1.181877
v 0.000000 0.451082 1.181877
v -0.430355 0.099652 1.268082
v -0.557670 0.449173 1.471452
v -0.557670 0.448796 1.526484
v -0.564840 -0.518846 1.439748
v -0.557670 0.452459 0.991019
v -0.564840 0.074852 0.988173
v -0.564840 0.076275 1.709747
v -0.564840 0.076129 1.635587
v -0.564840 -0.076442 0.987033
v -0.564840 0.067484 1.869076
v -0.564840 0.052692 1.778424
v -0.564840 -0.281288 0.986232
v -0.564840 -0.069644 2.267037
v -0.564840 -0.091395 2.135402
v -0.564840 -0.298907 0.985994
v -0.564840 -0.327576 0.984545
v -0.564840 -0.111200 2.266537
v -0.564840 -0.364816 2.263484
v -0.564840 -0.372627 2.082576
v -0.564840 -0.363390 2.307045
v -0.564840 -0.270053 1.988302
v -0.557670 0.451154 1.181875
v -0.557670 0.450884 1.221251
v -0.564840 0.075359 1.245364
v -0.564840 0.075464 1.298425
v -0.564840 -0.025143 1.301419
v -0.564840 -0.014559 1.366280
v -0.564840 -0.205852 1.442749
v -0.564840 -0.190288 1.536933
v -0.564840 -0.329809 1.438933
v -0.564840 -0.356354 1.532677
v -0.564840 -0.495340 1.438305
v -0.564840 -0.494665 1.515185
v -0.564840 -0.234932 1.537608
v -0.564840 -0.221733 1.651411
v -0.564840 -0.518712 1.510822
v -0.557670 0.399657 1.449485
v -0.557670 0.450181 1.324002
v -0.564840 0.075737 1.436889
v -0.564840 0.013059 1.535537
v -0.564840 -0.149676 1.782709
v -0.564840 -0.205146 1.828239
v -0.557670 0.399355 1.493641
v -0.564840 0.100459 1.640684
v -0.557670 0.402295 1.064004
v -0.564840 0.099317 1.061720
v -0.564840 0.100341 1.581181
v -0.557670 0.401247 1.217139
v -0.557670 0.401031 1.248733
v -0.564840 0.099724 1.268080
v -0.564840 0.099808 1.310654
v -0.557670 0.400467 1.331176
v -0.564840 0.100027 1.421752
v -0.368798 -0.364561 2.236304
v 0.000000 -0.364561 2.236304
v -0.401507 -0.153575 2.266029
v -0.401507 -0.322561 2.263995
v -0.532131 -0.322513 2.263994
v -0.532131 -0.153527 2.266028
v -0.401507 -0.153361 2.248196
v -0.401507 -0.322346 2.246162
v -0.532131 -0.322299 2.246161
v -0.564840 0.931750 0.829148
v -0.564840 0.947773 -0.749964
v -0.551934 0.931750 0.829148
v -0.551934 0.947773 -0.749964
vn -0.0000 -0.0120 0.9999
vn -0.0000 0.4414 0.8973
vn -0.0000 1.0000 0.0068
vn -0.0000 0.9985 0.0551
vn -0.0014 0.4414 0.8973
vn -0.0000 0.9454 0.3258
vn -0.0005 1.0000 -0.0020
vn -0.0000 0.9995 -0.0327
vn -0.0005 1.0000 0.0068
vn -0.0005 0.9454 0.3258
vn -0.0000 -0.0075 1.0000
vn -0.0004 0.9995 -0.0324
vn -0.0009 1.0000 0.0078
vn -0.0009 0.9985 0.0548
vn -0.0000 0.8973 -0.4414
vn -0.0000 -0.8973 0.4414
vn 1.0000 -0.0000 -0.0000
vn 0.9998 0.0190 -0.0047
vn 0.9998 0.0210 0.0037
vn -0.0000 0.9999 0.0120
vn -0.0004 0.9999 0.0120
vn -0.0000 -0.9999 -0.0101
vn 0.0014 0.4414 0.8973
vn 0.0005 1.0000 -0.0020
vn 0.0005 1.0000 0.0068
vn 0.0005 0.9454 0.3258
vn 0.0004 0.9995 -0.0324
vn 0.0009 1.0000 0.0078
vn 0.0009 0.9985 0.0548
vn -1.0000 -0.0000 -0.0000
vn -0.9998 0.0190 -0.0047
vn -0.9998 0.0210 0.0037
vn 0.0004 0.9999 0.0120
vt 0.404081 0.750000
vt 0.453524 0.750000
vt 0.527875 0.875000
vt 0.527875 0.750000
vt 0.625000 0.724306
vt 0.750000 0.724306
vt 0.750000 0.750000
vt 0.625000 0.750000
vt 0.488960 0.750000
vt 0.488960 0.875000
vt 0.461626 0.750000
vt 0.461626 0.875000
vt 0.453524 0.875000
vt 0.527875 0.607491
vt 0.527875 0.655464
vt 0.404081 0.875000
vt 0.625000 0.589107
vt 0.625000 0.607491
vt 0.527875 0.589107
vt 0.527875 0.724306
vt 0.625000 0.500000
vt 0.750000 0.589107
vt 0.750000 0.607491
vt 0.750000 0.655464
vt 0.625000 0.655464
vt 0.000000 0.000000
vt 0.750000 0.500000
vt 0.527875 0.500000
vt 0.488960 0.724306
vt 0.461626 0.724306
vt 0.453524 0.724306
vt 0.404081 0.724306
vt 0.404081 0.589108
vt 0.453524 0.589108
vt 0.453524 0.607491
vt 0.404081 0.607491
vt 0.375000 0.589108
vt 0.380372 0.589107
vt 0.380372 0.607491
vt 0.375000 0.607491
vt 0.461626 0.589108
vt 0.461626 0.607491
vt 0.488960 0.589107
vt 0.488960 0.607491
vt 0.461626 0.655464
vt 0.453524 0.655464
vt 0.488960 0.655464
vt 0.488960 0.500000
vt 0.461626 0.500000
vt 0.453524 0.500000
vt 0.404081 0.500000
s 0
usemtl Material
f 599/110/151 598/111/151 639/111/151 638/110/151
f 652/112/152 562/113/152 578/113/152 678/112/152
f 570/114/153 668/115/153 649/116/153 561/117/153
f 563/118/154 562/113/154 652/112/154 654/119/154
f 561/117/155 562/113/155 588/113/155 584/117/155
f 564/120/156 563/118/156 654/119/156 656/121/156
f 567/111/151 564/120/151 656/121/151 662/122/151
f 575/123/157 576/124/157 634/124/157 632/123/157
f 565/110/158 658/125/158 660/125/158 566/110/158
f 581/126/159 568/127/159 604/127/159 603/126/159
f 582/128/157 575/123/157 632/123/157 631/128/157
f 574/129/157 573/113/157 625/113/157 628/129/157
f 560/130/159 581/126/159 603/126/159 586/130/159
f 581/126/153 684/131/153 664/132/153 568/127/153
f 563/118/160 564/120/160 594/120/160 591/118/160
f 568/127/153 664/132/153 666/133/153 569/134/153
f 571/135/161 572/135/161 627/135/161 626/135/161
f 569/134/153 666/133/153 668/115/153 570/114/153
f 565/110/162 566/110/162 601/110/162 599/110/162
f 568/127/159 569/134/159 619/134/159 604/127/159
f 564/120/151 567/111/151 598/111/151 594/120/151
f 570/114/163 561/117/163 584/117/163 583/114/163
f 562/113/164 563/118/164 591/118/164 588/113/164
f 569/134/159 570/114/159 583/114/159 619/134/159
f 678/112/165 578/113/165 580/113/165 682/112/165
f 561/117/152 649/116/152 676/116/152 577/117/152
f 562/113/152 561/117/152 577/117/152 578/113/152
f 577/117/166 676/116/166 680/116/166 579/117/166
f 560/130/153 650/136/153 684/131/153 581/126/153
f 572/137/157 582/128/157 631/128/157 627/137/157
f 588/113/167 589/129/167 628/129/167 625/113/167
f 592/138/167 589/129/167 588/113/167 591/118/167
f 595/139/167 592/138/167 591/118/167 594/120/167
f 602/140/167 595/139/167 594/120/167 598/111/167
f 600/141/167 602/140/167 598/111/167 599/110/167
f 611/142/167 615/143/167 616/144/167 612/145/167
f 585/146/167 613/147/167 614/148/167 617/149/167
f 613/147/167 611/142/167 612/145/167 614/148/167
f 615/143/167 609/150/167 610/151/167 616/144/167
f 609/150/167 607/152/167 608/153/167 610/151/167
f 607/152/167 605/128/167 606/123/167 608/153/167
f 604/127/167 619/134/167 633/134/167 630/127/167
f 616/144/167 610/151/167 622/154/167 623/155/167
f 610/151/167 608/153/167 621/156/167 622/154/167
f 608/153/167 606/123/167 620/124/167 621/156/167
f 583/114/167 584/117/167 624/117/167 618/114/167
f 623/155/167 622/154/167 595/139/167 602/140/167
f 622/154/167 621/156/167 592/138/167 595/139/167
f 621/156/167 620/124/167 589/129/167 592/138/167
f 584/117/168 588/113/168 625/113/168 624/117/168
f 603/126/167 604/127/167 630/127/167 629/126/167
f 589/129/167 620/124/167 634/124/167 628/129/167
f 619/134/167 583/114/167 618/114/167 633/134/167
f 605/128/167 587/137/167 627/137/167 631/128/167
f 587/135/169 586/135/169 626/135/169 627/135/169
f 620/124/167 606/123/167 632/123/167 634/124/167
f 606/123/167 605/128/167 631/128/167 632/123/167
f 586/130/167 603/126/167 629/126/167 626/130/167
f 590/157/167 587/137/167 605/128/167 607/152/167
f 593/158/167 590/157/167 607/152/167 609/150/167
f 596/159/167 593/158/167 609/150/167 615/143/167
f 597/160/167 596/159/167 615/143/167 611/142/167
f 576/124/157 574/129/157 628/129/157 634/124/157
f 636/111/167 637/110/167 641/110/167 640/111/167
f 567/111/151 565/110/151 637/110/151 636/111/151
f 565/110/151 599/110/151 638/110/151 637/110/151
f 598/111/151 567/111/151 636/111/151 639/111/151
f 637/110/171 638/110/171 642/110/171 641/110/171
f 644/130/172 643/130/172 645/130/172 646/130/172
f 702/110/151 742/110/151 743/111/151 701/111/151
f 652/112/152 678/112/152 677/113/152 651/113/152
f 667/114/153 648/117/153 649/116/153 668/115/153
f 653/118/154 654/119/154 652/112/154 651/113/154
f 648/117/173 687/117/173 691/113/173 651/113/173
f 655/120/156 656/121/156 654/119/156 653/118/156
f 661/111/151 662/122/151 656/121/151 655/120/151
f 673/123/174 735/123/174 737/124/174 674/124/174
f 657/110/158 659/110/158 660/125/158 658/125/158
f 683/126/175 706/126/175 707/127/175 663/127/175
f 685/128/174 734/128/174 735/123/174 673/123/174
f 672/129/174 731/129/174 728/113/174 671/113/174
f 647/130/175 689/130/175 706/126/175 683/126/175
f 683/126/153 663/127/153 664/132/153 684/131/153
f 653/118/176 694/118/176 697/120/176 655/120/176
f 663/127/153 665/134/153 666/133/153 664/132/153
f 669/135/161 729/135/161 730/135/161 670/135/161
f 665/134/153 667/114/153 668/115/153 666/133/153
f 657/110/177 702/110/177 704/110/177 659/110/177
f 663/127/175 707/127/175 722/134/175 665/134/175
f 655/120/151 697/120/151 701/111/151 661/111/151
f 667/114/178 686/114/178 687/117/178 648/117/178
f 651/113/179 691/113/179 694/118/179 653/118/179
f 665/134/175 722/134/175 686/114/175 667/114/175
f 678/112/165 682/112/165 681/113/165 677/113/165
f 648/117/152 675/117/152 676/116/152 649/116/152
f 651/113/152 677/113/152 675/117/152 648/117/152
f 675/117/166 679/117/166 680/116/166 676/116/166
f 647/130/153 683/126/153 684/131/153 650/136/153
f 670/137/174 730/137/174 734/128/174 685/128/174
f 691/113/180 728/113/180 731/129/180 692/129/180
f 695/138/180 694/118/180 691/113/180 692/129/180
f 698/139/180 697/120/180 694/118/180 695/138/180
f 705/140/180 701/111/180 697/120/180 698/139/180
f 703/141/180 702/110/180 701/111/180 705/140/180
f 714/142/180 715/145/180 719/144/180 718/143/180
f 688/146/180 720/149/180 717/148/180 716/147/180
f 716/147/180 717/148/180 715/145/180 714/142/180
f 718/143/180 719/144/180 713/151/180 712/150/180
f 712/150/180 713/151/180 711/153/180 710/152/180
f 710/152/180 711/153/180 709/123/180 708/128/180
f 707/127/180 733/127/180 736/134/180 722/134/180
f 719/144/180 726/155/180 725/154/180 713/151/180
f 713/151/180 725/154/180 724/156/180 711/153/180
f 711/153/180 724/156/180 723/124/180 709/123/180
f 686/114/180 721/114/180 727/117/180 687/117/180
f 726/155/180 705/140/180 698/139/180 725/154/180
f 725/154/180 698/139/180 695/138/180 724/156/180
f 724/156/180 695/138/180 692/129/180 723/124/180
f 687/117/181 727/117/181 728/113/181 691/113/181
f 706/126/180 732/126/180 733/127/180 707/127/180
f 692/129/180 731/129/180 737/124/180 723/124/180
f 722/134/180 736/134/180 721/114/180 686/114/180
f 708/128/180 734/128/180 730/137/180 690/137/180
f 690/135/182 730/135/182 729/135/182 689/135/182
f 723/124/180 737/124/180 735/123/180 709/123/180
f 709/123/180 735/123/180 734/128/180 708/128/180
f 689/130/180 729/130/180 732/126/180 706/126/180
f 693/157/180 710/152/180 708/128/180 690/137/180
f 696/158/180 712/150/180 710/152/180 693/157/180
f 699/159/180 718/143/180 712/150/180 696/158/180
f 700/160/180 714/142/180 718/143/180 699/159/180
f 674/124/174 737/124/174 731/129/174 672/129/174
f 740/111/180 744/111/180 745/110/180 741/110/180
f 661/111/151 740/111/151 741/110/151 657/110/151
f 657/110/151 741/110/151 742/110/151 702/110/151
f 701/111/151 743/111/151 740/111/151 661/111/151
f 741/110/183 745/110/183 746/110/183 742/110/183
f 748/130/172 750/130/172 749/130/172 747/130/172
usemtl Material.002
f 658/125/170 565/110/170 635/110/170 739/125/170
f 658/125/170 739/125/170 738/110/170 657/110/170
o Cube.011
v 0.430355 -0.281360 0.986233
v 0.430355 0.452610 0.914370
v 0.430355 0.074916 0.911593
v 0.430355 -0.076413 0.910480
v 0.430355 -0.281283 0.909699
v 0.430355 1.031051 0.830584
v 0.430355 0.961099 0.900085
v 0.430355 -0.518783 1.510823
v 0.430355 -0.356426 1.532679
v 0.430355 -0.494737 1.515187
v 0.430355 -0.221805 1.651413
v 0.430355 -0.380627 1.779863
v 0.430355 -0.492975 1.752320
v 0.430355 -0.205218 1.828241
v 0.430355 -0.518432 1.746079
v 0.430355 -0.372699 2.082578
v 0.430355 -0.490446 2.092611
v 0.430355 -0.270125 1.988303
v 0.430355 -0.517928 2.083676
v 0.430355 -0.416501 -0.741686
v 0.430355 -0.360942 -0.760625
v 0.430355 -0.391545 -0.743809
v 0.430355 -0.300480 -0.805305
v 0.430355 -0.415203 -0.955273
v 0.430355 -0.405844 -0.982852
v 0.430355 -0.413474 -0.960368
v 0.430355 -0.246304 -0.960226
v 0.430355 -0.413899 -1.213293
v 0.430355 -0.311605 -1.169113
v 0.430355 -0.380499 -1.206923
v 0.430355 -0.260281 -1.096466
v 0.564840 -0.498613 0.983850
v 0.564840 -0.408104 -2.165628
v 0.564840 -0.408723 -2.165628
v 0.564840 -0.413827 -1.213295
v 0.564840 0.461617 -2.165628
v 0.564840 0.080452 -2.165628
v 0.551934 0.443981 0.842851
v 0.564840 -0.072268 -2.165628
v 0.564840 -0.281288 0.986232
v 0.564840 -0.211715 -2.165628
v 0.564840 -0.226275 -1.223101
v 0.564840 -0.298907 0.985994
v 0.564840 -0.327576 0.984545
v 0.564840 -0.217978 -2.165628
v 0.564840 -0.370549 -2.165628
v 0.564840 -0.311533 -1.169115
v 0.564840 -0.425375 0.979721
v 0.551934 -0.207311 -1.207522
v 0.564840 0.452682 0.914368
v 0.564840 -0.281211 0.909697
v 0.564840 -0.406411 0.908051
v 0.564840 -0.298838 0.909465
v 0.564840 -0.076341 0.910478
v 0.564840 0.074988 0.911591
v 0.564840 -0.421872 0.966481
v 0.564840 1.022887 -0.775366
v 0.564840 1.031122 0.830582
v 0.564840 0.969219 -2.164088
v 0.564840 0.961171 0.900083
v 0.564840 1.015793 -2.158684
v 0.564840 0.977874 -0.746107
v 0.564840 -0.380427 -1.206924
v 0.564840 -0.260209 -1.096467
v 0.564840 -0.356354 1.532677
v 0.564840 -0.494665 1.515185
v 0.564840 -0.221733 1.651411
v 0.564840 -0.518712 1.510822
v 0.564840 -0.416429 -0.741688
v 0.551934 -0.193344 -2.111643
v 0.564840 -0.235912 -0.742485
v 0.564840 -0.360870 -0.760627
v 0.551934 -0.059578 -2.111643
v 0.564840 1.021692 -1.008393
v 0.564840 0.972836 -0.984973
v 0.564840 -0.391473 -0.743811
v 0.564840 -0.300408 -0.805307
v 0.551934 0.086919 -2.111643
v 0.564840 -0.227970 -0.982221
v 0.564840 -0.246232 -0.960227
v 0.551934 0.452552 -2.111643
v 0.564840 1.020491 -1.242532
v 0.564840 0.971518 -1.224980
v 0.368798 -0.110945 2.239357
v 0.368798 -0.364561 2.236304
v 0.564840 0.452552 -2.111643
v 0.564840 0.086919 -2.111643
v 0.564840 -0.059578 -2.111643
v 0.564840 -0.193344 -2.111643
v 0.564840 -0.207311 -1.207522
v 0.564840 0.443981 0.842851
v 0.564840 -0.214901 0.838370
v 0.564840 -0.063486 0.839119
v 0.564840 0.081677 0.840187
v 0.564840 0.939471 -2.110167
v 0.564840 0.931750 0.829148
v 0.564840 0.947773 -0.749964
v 0.564840 -0.207378 -0.746490
v 0.564840 0.942940 -0.979097
v 0.564840 -0.206785 -0.976457
v 0.564840 0.941675 -1.209324
v 0.551934 -0.214901 0.838370
v 0.551934 0.081677 0.840187
v 0.551934 0.939471 -2.110167
v 0.551934 0.931750 0.829148
v 0.551934 -0.207378 -0.746490
v 0.551934 -0.206785 -0.976457
v 0.422665 0.449925 0.914147
v 0.422665 0.940242 0.900372
v -0.430355 -0.281360 0.986233
v -0.430355 0.452610 0.914370
v -0.430355 0.074916 0.911593
v -0.430355 -0.076413 0.910480
v -0.430355 -0.281283 0.909699
v -0.430355 1.031051 0.830584
v 0.000000 1.031051 0.830584
v 0.000000 0.961099 0.900085
v -0.430355 0.961099 0.900085
v -0.430355 -0.518783 1.510823
v -0.430355 -0.356426 1.532679
v -0.430355 -0.494737 1.515187
v -0.430355 -0.221805 1.651413
v -0.430355 -0.380627 1.779863
v -0.430355 -0.492975 1.752320
v -0.430355 -0.205218 1.828241
v -0.430355 -0.518432 1.746079
v -0.430355 -0.372699 2.082578
v -0.430355 -0.490446 2.092611
v -0.430355 -0.270125 1.988303
v -0.430355 -0.517928 2.083676
v -0.430355 -0.416501 -0.741686
v -0.430355 -0.360942 -0.760625
v -0.430355 -0.391545 -0.743809
v -0.430355 -0.300480 -0.805305
v -0.430355 -0.415203 -0.955273
v -0.430355 -0.405844 -0.982852
v -0.430355 -0.413474 -0.960368
v -0.430355 -0.246304 -0.960226
v -0.430355 -0.413899 -1.213293
v -0.430355 -0.311605 -1.169113
v -0.430355 -0.380499 -1.206923
v -0.430355 -0.260281 -1.096466
v -0.564840 -0.498613 0.983850
v -0.564840 -0.408104 -2.165628
v -0.564840 -0.408723 -2.165628
v -0.564840 -0.413827 -1.213295
v -0.564840 0.461617 -2.165628
v -0.564840 0.080452 -2.165628
v -0.551934 0.443981 0.842851
v -0.564840 -0.072268 -2.165628
v -0.564840 -0.281288 0.986232
v -0.564840 -0.211715 -2.165628
v -0.564840 -0.226275 -1.223101
v -0.564840 -0.298907 0.985994
v -0.564840 -0.327576 0.984545
v -0.564840 -0.217978 -2.165628
v -0.564840 -0.370549 -2.165628
v -0.564840 -0.311533 -1.169115
v -0.564840 -0.425375 0.979721
v -0.551934 -0.207311 -1.207522
v -0.564840 0.452682 0.914368
v -0.564840 -0.281211 0.909697
v -0.564840 -0.406411 0.908051
v -0.564840 -0.298838 0.909465
v -0.564840 -0.076341 0.910478
v -0.564840 0.074988 0.911591
v -0.564840 -0.421872 0.966481
v -0.564840 1.022887 -0.775366
v -0.564840 1.031122 0.830582
v -0.564840 0.969219 -2.164088
v -0.564840 0.961171 0.900083
v -0.564840 1.015793 -2.158684
v -0.564840 0.977874 -0.746107
v -0.564840 -0.380427 -1.206924
v -0.564840 -0.260209 -1.096467
v -0.564840 -0.356354 1.532677
v -0.564840 -0.494665 1.515185
v -0.564840 -0.221733 1.651411
v -0.564840 -0.518712 1.510822
v -0.564840 -0.416429 -0.741688
v -0.551934 -0.193344 -2.111643
v -0.564840 -0.235912 -0.742485
v -0.564840 -0.360870 -0.760627
v -0.551934 -0.059578 -2.111643
v -0.564840 1.021692 -1.008393
v -0.564840 0.972836 -0.984973
v -0.564840 -0.391473 -0.743811
v -0.564840 -0.300408 -0.805307
v -0.551934 0.086919 -2.111643
v -0.564840 -0.227970 -0.982221
v -0.564840 -0.246232 -0.960227
v -0.551934 0.452552 -2.111643
v -0.564840 1.020491 -1.242532
v -0.564840 0.971518 -1.224980
v -0.368798 -0.110945 2.239357
v -0.368798 -0.364561 2.236304
v 0.000000 -0.110945 2.239357
v 0.000000 -0.364561 2.236304
v -0.564840 0.452552 -2.111643
v -0.564840 0.086919 -2.111643
v -0.564840 -0.059578 -2.111643
v -0.564840 -0.193344 -2.111643
v -0.564840 -0.207311 -1.207522
v -0.564840 0.443981 0.842851
v -0.564840 -0.214901 0.838370
v -0.564840 -0.063486 0.839119
v -0.564840 0.081677 0.840187
v -0.564840 0.939471 -2.110167
v -0.564840 0.931750 0.829148
v -0.564840 0.947773 -0.749964
v -0.564840 -0.207378 -0.746490
v -0.564840 0.942940 -0.979097
v -0.564840 -0.206785 -0.976457
v -0.564840 0.941675 -1.209324
v -0.551934 -0.214901 0.838370
v -0.551934 0.081677 0.840187
v -0.551934 0.939471 -2.110167
v -0.551934 0.931750 0.829148
v -0.551934 -0.207378 -0.746490
v -0.551934 -0.206785 -0.976457
v 0.000000 0.940242 0.900372
v -0.422665 0.449925 0.914147
v -0.422665 0.940242 0.900372
vn -0.0000 -0.0074 1.0000
vn -0.0000 0.0138 0.9999
vn -0.0000 -0.0038 1.0000
vn -0.0000 0.7048 0.7094
vn -0.0005 1.0000 0.0010
vn -0.0004 0.7048 0.7094
vn 1.0000 -0.0000 -0.0000
vn 0.0001 -0.1873 0.9823
vn 0.0004 -0.8167 0.5770
vn -0.0000 0.0281 0.9996
vn 0.0001 -0.1255 0.9921
vn 0.0003 -0.4811 0.8767
vn 0.0001 -0.1786 0.9839
vn 0.0004 -0.6615 0.7500
vn -0.0000 -0.0120 0.9999
vn -0.0000 0.9999 0.0154
vn -0.0000 -0.0000 1.0000
vn -0.0000 -0.0281 -0.9996
vn -0.0000 1.0000 -0.0023
vn -0.0000 -0.0030 1.0000
vn -0.0000 1.0000 0.0026
vn -0.0000 0.0074 -1.0000
vn -0.0000 1.0000 0.0047
vn -0.0388 0.0281 0.9989
vn 0.0005 1.0000 0.0010
vn 0.0004 0.7048 0.7094
vn -1.0000 -0.0000 -0.0000
vn -0.0001 -0.1873 0.9823
vn -0.0004 -0.8167 0.5770
vn -0.0001 -0.1255 0.9921
vn -0.0003 -0.4811 0.8767
vn -0.0001 -0.1786 0.9839
vn -0.0004 -0.6615 0.7500
vn 0.0388 0.0281 0.9989
vt 0.000000 0.000000
vt 0.625000 0.500000
vt 0.750000 0.500000
vt 0.750000 0.500000
vt 0.404081 0.607491
vt 0.453524 0.607491
vt 0.453524 0.655464
vt 0.404081 0.655464
vt 0.375000 0.607491
vt 0.380372 0.607491
vt 0.380372 0.655464
vt 0.375000 0.655464
vt 0.453524 0.724306
vt 0.404081 0.724306
vt 0.380372 0.724306
vt 0.375000 0.724306
vt 0.382486 0.500000
vt 0.375000 0.500000
vt 0.404081 0.500000
vt 0.383564 0.500000
vt 0.383026 0.500000
vt 0.404081 0.500000
vt 0.453524 0.500000
vt 0.453524 0.500000
vt 0.375000 0.500000
vt 0.375000 0.500000
vt 0.404081 0.500000
vt 0.380372 0.500000
vt 0.461626 0.500000
vt 0.461626 0.500000
vt 0.404081 0.500000
vt 0.453524 0.500000
vt 0.404081 0.500000
vt 0.453524 0.500000
vt 0.625000 0.500000
vt 0.380372 0.500000
vt 0.387269 0.500000
vt 0.461626 0.500000
vt 0.461626 0.500000
vt 0.461626 0.500000
vt 0.461626 0.500000
vt 0.488960 0.500000
vt 0.527875 0.500000
vt 0.625000 0.500000
vt 0.404081 0.750000
vt 0.453524 0.750000
vt 0.453524 0.875000
vt 0.404081 0.875000
s 0
usemtl Material.004
f 752/161/184 753/161/184 805/161/184 800/161/184
f 753/161/184 754/161/184 804/161/184 805/161/184
f 757/162/185 867/163/185 971/163/185 859/162/185
f 754/161/186 755/161/186 801/161/186 804/161/186
f 867/163/187 757/162/187 756/162/187 866/164/187
f 755/161/188 751/161/188 790/161/188 801/161/188
f 756/162/189 757/162/189 810/162/189 808/162/189
f 759/165/190 761/166/190 764/167/190 762/168/190
f 758/169/190 760/170/190 763/171/190 765/172/190
f 760/170/190 759/165/190 762/168/190 763/171/190
f 762/168/190 764/167/190 768/173/190 766/174/190
f 765/172/190 763/171/190 767/175/190 769/176/190
f 763/171/190 762/168/190 766/174/190 767/175/190
f 780/177/191 778/178/191 785/178/191 813/177/191
f 771/179/190 772/180/190 776/181/190 775/182/190
f 773/183/190 771/179/190 775/182/190 777/184/190
f 772/180/190 770/185/190 774/186/190 776/181/190
f 775/182/190 776/181/190 780/177/190 779/187/190
f 777/184/190 775/182/190 779/187/190 781/183/190
f 781/183/192 779/187/192 797/187/192 814/183/192
f 776/181/190 774/186/190 778/178/190 780/177/190
f 757/162/193 752/162/193 800/162/193 810/162/193
f 759/165/194 760/170/194 816/170/194 815/165/194
f 779/187/195 780/177/195 813/177/195 797/187/195
f 760/170/196 758/169/196 818/169/196 816/170/196
f 761/166/197 759/165/197 815/165/197 817/166/197
f 813/177/190 785/178/190 784/178/190 783/188/190
f 825/162/190 812/162/190 847/162/190 849/162/190
f 800/161/190 805/161/190 844/161/190 841/161/190
f 821/189/190 829/190/190 850/190/190 848/189/190
f 814/183/190 797/187/190 796/191/190 795/183/190
f 793/192/190 794/193/190 802/179/190 803/194/190
f 833/162/190 809/162/190 811/162/190 832/195/190
f 812/162/190 810/162/190 846/162/190 847/162/190
f 794/193/190 782/196/190 806/197/190 802/179/190
f 797/187/190 813/177/190 783/188/190 796/191/190
f 790/198/190 793/192/190 803/194/190 801/199/190
f 792/200/190 814/183/190 795/183/190 791/201/190
f 801/199/190 803/194/190 827/183/190 821/189/190
f 802/179/190 806/197/190 826/180/190 822/179/190
f 789/202/190 787/203/190 837/203/190 838/202/190
f 810/162/190 812/162/190 807/204/190 808/162/190
f 803/194/190 802/179/190 822/179/190 827/183/190
f 805/161/190 804/161/190 843/161/190 844/161/190
f 792/200/190 791/201/190 839/201/190 840/200/190
f 804/161/190 801/161/190 842/161/190 843/161/190
f 806/197/190 798/178/190 819/185/190 826/180/190
f 821/189/190 827/183/190 830/184/190 829/190/190
f 829/190/190 792/200/190 840/200/190 850/190/190
f 812/162/190 825/162/190 824/162/190 807/204/190
f 791/201/190 789/202/190 838/202/190 839/201/190
f 810/162/190 800/162/190 841/162/190 846/162/190
f 801/199/190 821/189/190 848/189/190 842/199/190
f 829/190/190 830/184/190 814/183/190 792/200/190
f 833/162/190 825/162/190 849/162/190 851/162/190
f 825/162/190 833/162/190 832/195/190 824/162/190
f 786/162/190 809/162/190 845/162/190 836/162/190
f 809/162/190 833/162/190 851/162/190 845/162/190
f 787/203/190 786/162/190 836/162/190 837/203/190
f 835/205/198 834/206/198 947/207/198 948/208/198
f 840/200/199 839/201/199 820/201/199 799/200/199
f 839/201/200 838/202/200 823/202/200 820/201/200
f 846/162/201 841/162/201 788/162/201 855/162/201
f 850/190/202 840/200/202 799/200/202 857/190/202
f 836/162/203 845/162/203 854/162/203 831/162/203
f 838/202/200 837/203/200 828/203/200 823/202/200
f 848/189/204 850/190/204 857/190/204 856/189/204
f 841/161/205 844/161/205 853/161/205 788/161/205
f 842/199/206 848/189/206 856/189/206 852/199/206
f 837/203/200 836/162/200 831/162/200 828/203/200
f 752/162/207 757/162/207 859/162/207 858/162/207
f 861/161/184 911/161/184 916/161/184 862/161/184
f 862/161/184 916/161/184 915/161/184 863/161/184
f 868/162/185 973/162/185 971/163/185 867/163/185
f 863/161/186 915/161/186 912/161/186 864/161/186
f 867/163/187 866/164/187 865/162/187 868/162/187
f 864/161/208 912/161/208 901/161/208 860/161/208
f 865/162/209 919/162/209 921/162/209 868/162/209
f 870/165/210 873/168/210 875/167/210 872/166/210
f 869/169/210 876/172/210 874/171/210 871/170/210
f 871/170/210 874/171/210 873/168/210 870/165/210
f 873/168/210 877/174/210 879/173/210 875/167/210
f 876/172/210 880/176/210 878/175/210 874/171/210
f 874/171/210 878/175/210 877/174/210 873/168/210
f 891/177/211 924/177/211 896/178/211 889/178/211
f 882/179/210 886/182/210 887/181/210 883/180/210
f 884/183/210 888/184/210 886/182/210 882/179/210
f 883/180/210 887/181/210 885/186/210 881/185/210
f 886/182/210 890/187/210 891/177/210 887/181/210
f 888/184/210 892/183/210 890/187/210 886/182/210
f 892/183/212 925/183/212 908/187/212 890/187/212
f 887/181/210 891/177/210 889/178/210 885/186/210
f 868/162/193 921/162/193 911/162/193 861/162/193
f 870/165/213 926/165/213 927/170/213 871/170/213
f 890/187/214 908/187/214 924/177/214 891/177/214
f 871/170/215 927/170/215 929/169/215 869/169/215
f 872/166/216 928/166/216 926/165/216 870/165/216
f 924/177/210 894/188/210 895/178/210 896/178/210
f 936/162/210 962/162/210 960/162/210 923/162/210
f 911/161/210 954/161/210 957/161/210 916/161/210
f 932/189/210 961/189/210 963/190/210 940/190/210
f 925/183/210 906/183/210 907/191/210 908/187/210
f 904/192/210 914/194/210 913/179/210 905/193/210
f 944/162/210 943/195/210 922/162/210 920/162/210
f 923/162/210 960/162/210 959/162/210 921/162/210
f 905/193/210 913/179/210 917/197/210 893/196/210
f 908/187/210 907/191/210 894/188/210 924/177/210
f 901/198/210 912/199/210 914/194/210 904/192/210
f 903/200/210 902/201/210 906/183/210 925/183/210
f 912/199/210 932/189/210 938/183/210 914/194/210
f 913/179/210 933/179/210 937/180/210 917/197/210
f 900/202/210 951/202/210 950/203/210 898/203/210
f 921/162/210 919/162/210 918/204/210 923/162/210
f 914/194/210 938/183/210 933/179/210 913/179/210
f 916/161/210 957/161/210 956/161/210 915/161/210
f 903/200/210 953/200/210 952/201/210 902/201/210
f 915/161/210 956/161/210 955/161/210 912/161/210
f 917/197/210 937/180/210 930/185/210 909/178/210
f 932/189/210 940/190/210 941/184/210 938/183/210
f 940/190/210 963/190/210 953/200/210 903/200/210
f 923/162/210 918/204/210 935/162/210 936/162/210
f 902/201/210 952/201/210 951/202/210 900/202/210
f 921/162/210 959/162/210 954/162/210 911/162/210
f 912/199/210 955/199/210 961/189/210 932/189/210
f 940/190/210 903/200/210 925/183/210 941/184/210
f 944/162/210 964/162/210 962/162/210 936/162/210
f 936/162/210 935/162/210 943/195/210 944/162/210
f 897/162/210 949/162/210 958/162/210 920/162/210
f 920/162/210 958/162/210 964/162/210 944/162/210
f 898/203/210 950/203/210 949/162/210 897/162/210
f 946/205/198 948/208/198 947/207/198 945/206/198
f 953/200/199 910/200/199 931/201/199 952/201/199
f 952/201/200 931/201/200 934/202/200 951/202/200
f 959/162/201 968/162/201 899/162/201 954/162/201
f 963/190/202 970/190/202 910/200/202 953/200/202
f 949/162/203 942/162/203 967/162/203 958/162/203
f 951/202/200 934/202/200 939/203/200 950/203/200
f 961/189/204 969/189/204 970/190/204 963/190/204
f 954/161/205 899/161/205 966/161/205 957/161/205
f 955/199/206 965/199/206 969/189/206 961/189/206
f 950/203/200 939/203/200 942/162/200 949/162/200
f 861/162/217 972/162/217 973/162/217 868/162/217
o Cube.012
v 0.430355 1.015721 -2.158682
v 0.430355 1.031051 0.830584
v 0.430355 1.022815 -0.775364
v 0.430355 1.021620 -1.008391
v 0.430355 1.020419 -1.242531
v 0.551934 0.443981 0.842851
v 0.551934 0.448586 -0.744416
v 0.551934 -0.207311 -1.207522
v 0.564840 1.022887 -0.775366
v 0.564840 1.031122 0.830582
v 0.564840 1.015793 -2.158684
v 0.551934 -0.193344 -2.111643
v 0.551934 -0.060776 -1.207292
v 0.551934 -0.059578 -2.111643
v 0.564840 1.021692 -1.008393
v 0.551934 0.085312 -1.206965
v 0.551934 0.086919 -2.111643
v 0.551934 0.452552 -2.111643
v 0.564840 1.020491 -1.242532
v 0.551934 -0.260007 0.838370
v 0.551934 -0.063486 0.839119
v 0.551934 0.081677 0.840187
v 0.551934 0.939471 -2.110167
v 0.551934 0.931750 0.829148
v 0.551934 0.947773 -0.749964
v 0.551934 0.084493 -0.745649
v 0.551934 -0.061387 -0.746143
v 0.551934 -0.216555 -0.746490
v 0.551934 0.449254 -0.974732
v 0.551934 0.942940 -0.979097
v 0.551934 0.084902 -0.975757
v 0.551934 -0.061082 -0.976169
v 0.551934 -0.208936 -0.976457
v 0.551934 0.449925 -1.206148
v 0.551934 0.941675 -1.209324
v 0.422665 0.449809 0.903619
v 0.422665 0.940126 0.889844
v 0.422665 -0.257848 0.899336
v 0.000000 0.449809 0.903619
v 0.000000 1.015721 -2.158682
v -0.430355 1.015721 -2.158682
v -0.430355 1.031051 0.830584
v 0.000000 1.031051 0.830584
v -0.430355 1.022815 -0.775364
v 0.000000 1.022815 -0.775364
v -0.430355 1.021620 -1.008391
v 0.000000 1.021620 -1.008391
v -0.430355 1.020419 -1.242531
v 0.000000 1.020419 -1.242531
v -0.551934 0.443981 0.842851
v -0.551934 0.448586 -0.744416
v -0.551934 -0.207311 -1.207522
v -0.564840 1.022887 -0.775366
v -0.564840 1.031122 0.830582
v -0.564840 1.015793 -2.158684
v -0.551934 -0.193344 -2.111643
v -0.551934 -0.060776 -1.207292
v -0.551934 -0.059578 -2.111643
v -0.564840 1.021692 -1.008393
v -0.551934 0.085312 -1.206965
v -0.551934 0.086919 -2.111643
v -0.551934 0.452552 -2.111643
v -0.564840 1.020491 -1.242532
v -0.551934 -0.260007 0.838370
v -0.551934 -0.063486 0.839119
v -0.551934 0.081677 0.840187
v -0.551934 0.939471 -2.110167
v -0.551934 0.931750 0.829148
v -0.551934 0.947773 -0.749964
v -0.551934 0.084493 -0.745649
v -0.551934 -0.061387 -0.746143
v -0.551934 -0.216555 -0.746490
v -0.551934 0.449254 -0.974732
v -0.551934 0.942940 -0.979097
v -0.551934 0.084902 -0.975757
v -0.551934 -0.061082 -0.976169
v -0.551934 -0.208936 -0.976457
v -0.551934 0.449925 -1.206148
v -0.551934 0.941675 -1.209324
v 0.000000 -0.257848 0.899336
v 0.000000 0.940126 0.889844
v -0.422665 0.449809 0.903619
v -0.422665 0.940126 0.889844
v -0.422665 -0.257848 0.899336
vn -0.0000 1.0000 -0.0051
vn -0.0005 1.0000 -0.0051
vn 1.0000 -0.0000 -0.0000
vn -0.0000 -0.0061 1.0000
vn -0.0000 0.0281 0.9996
vn 0.0005 1.0000 -0.0051
vn -1.0000 -0.0000 -0.0000
vt 0.750000 0.500000
vt 0.625000 0.500000
vt 0.625000 0.500000
vt 0.625000 0.500000
vt 0.527875 0.500000
vt 0.488960 0.500000
vt 0.461626 0.500000
vt 0.461626 0.500000
vt 0.461626 0.500000
vt 0.461626 0.500000
vt 0.488960 0.500000
vt 0.461626 0.500000
vt 0.750000 0.500000
s 0
usemtl Material.005
f 1022/209/218 978/210/218 974/211/218 1013/209/218
f 1016/209/218 975/211/218 976/212/218 1018/209/218
f 1018/209/218 976/212/218 977/211/218 1020/209/218
f 1020/209/218 977/211/218 978/210/218 1022/209/218
f 977/211/219 976/212/219 982/212/219 988/211/219
f 978/210/219 977/211/219 988/211/219 992/210/219
f 976/212/219 975/211/219 983/211/219 982/212/219
f 974/211/219 978/210/219 992/210/219 984/211/219
f 1007/211/220 989/213/220 990/213/220 991/211/220
f 989/213/220 986/214/220 987/214/220 990/213/220
f 986/214/220 981/215/220 985/216/220 987/214/220
f 1007/211/220 991/211/220 996/211/220 1008/211/220
f 979/211/220 980/210/220 998/211/220 997/211/220
f 994/214/220 993/217/220 1001/218/220 1000/219/220
f 995/213/220 994/214/220 1000/219/220 999/213/220
f 979/211/220 995/213/220 999/213/220 980/210/220
f 980/210/220 1002/211/220 1003/211/220 998/211/220
f 1000/219/220 1001/218/220 1006/220/220 1005/214/220
f 999/213/220 1000/219/220 1005/214/220 1004/213/220
f 980/210/220 999/213/220 1004/213/220 1002/211/220
f 1002/211/220 1007/211/220 1008/211/220 1003/211/220
f 1005/214/220 1006/220/220 981/215/220 986/214/220
f 1004/213/220 1005/214/220 986/214/220 989/213/220
f 1002/211/220 1004/213/220 989/213/220 1007/211/220
f 1009/211/221 1012/209/221 1053/209/221 1011/211/221
f 1012/209/222 1009/211/222 1010/211/222 1054/221/222
f 1022/209/218 1013/209/218 1014/211/218 1021/210/218
f 1016/209/218 1018/209/218 1017/212/218 1015/211/218
f 1018/209/218 1020/209/218 1019/211/218 1017/212/218
f 1020/209/218 1022/209/218 1021/210/218 1019/211/218
f 1019/211/223 1032/211/223 1026/212/223 1017/212/223
f 1021/210/223 1036/210/223 1032/211/223 1019/211/223
f 1017/212/223 1026/212/223 1027/211/223 1015/211/223
f 1014/211/223 1028/211/223 1036/210/223 1021/210/223
f 1051/211/224 1035/211/224 1034/213/224 1033/213/224
f 1033/213/224 1034/213/224 1031/214/224 1030/214/224
f 1030/214/224 1031/214/224 1029/216/224 1025/215/224
f 1051/211/224 1052/211/224 1040/211/224 1035/211/224
f 1023/211/224 1041/211/224 1042/211/224 1024/210/224
f 1038/214/224 1044/219/224 1045/218/224 1037/217/224
f 1039/213/224 1043/213/224 1044/219/224 1038/214/224
f 1023/211/224 1024/210/224 1043/213/224 1039/213/224
f 1024/210/224 1042/211/224 1047/211/224 1046/211/224
f 1044/219/224 1049/214/224 1050/220/224 1045/218/224
f 1043/213/224 1048/213/224 1049/214/224 1044/219/224
f 1024/210/224 1046/211/224 1048/213/224 1043/213/224
f 1046/211/224 1047/211/224 1052/211/224 1051/211/224
f 1049/214/224 1030/214/224 1025/215/224 1050/220/224
f 1048/213/224 1033/213/224 1030/214/224 1049/214/224
f 1046/211/224 1051/211/224 1033/213/224 1048/213/224
f 1055/211/221 1057/211/221 1053/209/221 1012/209/221
f 1012/209/222 1054/221/222 1056/211/222 1055/211/222
o Cube.013
v 0.552357 0.171418 1.599024
v 0.556795 0.101956 1.600694
v 0.546999 0.171709 1.573911
v 0.575149 0.173375 1.568424
v 0.580507 0.173084 1.593537
v 0.584944 0.103623 1.595206
v 0.575409 0.202219 1.559295
v 0.581218 0.096634 1.557029
v 0.594972 0.175702 1.599826
v 0.599063 0.108918 1.600531
v 0.649149 0.206584 1.544921
v 0.654958 0.100999 1.542655
v 0.649331 0.178920 1.589230
v 0.653422 0.112136 1.589934
v 0.581877 0.193988 1.557942
v 0.586741 0.105574 1.556044
v 0.643625 0.197644 1.545906
v 0.648489 0.109229 1.544008
v -0.552357 0.171418 1.599024
v -0.556795 0.101956 1.600694
v -0.546999 0.171709 1.573911
v -0.575149 0.173375 1.568424
v -0.580507 0.173084 1.593537
v -0.584944 0.103623 1.595206
v -0.575409 0.202219 1.559295
v -0.581218 0.096634 1.557029
v -0.594972 0.175702 1.599826
v -0.599063 0.108918 1.600531
v -0.649149 0.206584 1.544921
v -0.654958 0.100999 1.542655
v -0.649331 0.178920 1.589230
v -0.653422 0.112136 1.589934
v -0.581877 0.193988 1.557942
v -0.586741 0.105574 1.556044
v -0.643625 0.197644 1.545906
v -0.648489 0.109229 1.544008
vn 0.1892 0.0357 0.9813
vn -0.0546 0.9982 0.0232
vn 0.9981 0.0571 0.0251
vn -0.1919 0.0105 -0.9814
vn 0.1900 0.0220 0.9815
vn 0.0529 0.8472 0.5287
vn -0.1892 0.0357 0.9813
vn 0.0546 0.9982 0.0232
vn -0.9981 0.0571 0.0251
vn 0.1919 0.0105 -0.9814
vn -0.1900 0.0220 0.9815
vn -0.0529 0.8472 0.5287
vt 0.625000 0.724306
vt 0.527875 0.724306
vt 0.625000 0.655464
vt 0.527875 0.655464
vt 0.000000 0.000000
s 0
usemtl Material
f 1058/222/225 1059/223/225 1063/223/225 1062/222/225
f 1060/224/226 1058/222/226 1062/222/226 1061/224/226
f 1069/225/227 1068/224/227 1070/222/227 1071/223/227
f 1064/224/228 1068/224/228 1074/224/228 1072/224/228
f 1066/222/229 1067/223/229 1071/223/229 1070/222/229
f 1064/224/230 1066/222/230 1070/222/230 1068/224/230
f 1069/226/228 1065/226/228 1073/226/228 1075/226/228
f 1068/224/228 1069/225/228 1075/225/228 1074/224/228
f 1065/226/228 1064/226/228 1072/226/228 1073/226/228
f 1076/222/231 1080/222/231 1081/223/231 1077/223/231
f 1078/224/232 1079/224/232 1080/222/232 1076/222/232
f 1087/225/233 1089/223/233 1088/222/233 1086/224/233
f 1082/224/234 1090/224/234 1092/224/234 1086/224/234
f 1084/222/235 1088/222/235 1089/223/235 1085/223/235
f 1082/224/236 1086/224/236 1088/222/236 1084/222/236
f 1087/226/234 1093/226/234 1091/226/234 1083/226/234
f 1086/224/234 1092/224/234 1093/225/234 1087/225/234
f 1083/226/234 1091/226/234 1090/226/234 1082/226/234
usemtl Material.008
f 1073/225/228 1072/224/228 1074/224/228 1075/225/228
f 1091/225/234 1093/225/234 1092/224/234 1090/224/234
o Cube.014
v 0.510512 0.406839 1.521453
v 0.516461 0.097778 1.673496
v 0.553014 0.399657 1.449485
v 0.553014 0.399355 1.493641
v 0.553014 0.402295 1.064004
v 0.553014 0.099317 1.061720
v 0.553014 0.100459 1.640684
v 0.553014 0.100341 1.581181
v 0.553014 0.401247 1.217139
v 0.553014 0.401031 1.248733
v 0.553014 0.099724 1.268080
v 0.553014 0.099808 1.310654
v 0.553014 0.400467 1.331176
v 0.553014 0.100027 1.421752
v -0.510512 0.406839 1.521453
v 0.000000 0.406839 1.521453
v -0.516461 0.097778 1.673496
v 0.000000 0.097778 1.673496
v -0.553014 0.399657 1.449485
v -0.553014 0.399355 1.493641
v -0.553014 0.402295 1.064004
v -0.553014 0.099317 1.061720
v -0.553014 0.100459 1.640684
v -0.553014 0.100341 1.581181
v -0.553014 0.401247 1.217139
v -0.553014 0.401031 1.248733
v -0.553014 0.099724 1.268080
v -0.553014 0.099808 1.310654
v -0.553014 0.400467 1.331176
v -0.553014 0.100027 1.421752
vn -0.0000 0.4414 0.8973
vn 1.0000 -0.0000 -0.0000
vn -1.0000 -0.0000 -0.0000
vt 0.527875 0.750000
vt 0.625000 0.750000
vt 0.625000 0.875000
vt 0.527875 0.875000
vt 0.527875 0.724306
vt 0.625000 0.724306
vt 0.527875 0.589107
vt 0.625000 0.589107
vt 0.625000 0.607491
vt 0.527875 0.607491
vt 0.625000 0.655464
vt 0.527875 0.655464
vt 0.527875 0.500000
vt 0.625000 0.500000
s 0
usemtl Material.001
f 1095/227/237 1094/228/237 1109/229/237 1111/230/237
f 1101/231/238 1096/232/238 1097/228/238 1100/227/238
f 1104/233/238 1102/234/238 1103/235/238 1105/236/238
f 1105/236/238 1103/235/238 1106/237/238 1107/238/238
f 1107/238/238 1106/237/238 1096/232/238 1101/231/238
f 1099/239/238 1098/240/238 1102/234/238 1104/233/238
f 1110/227/237 1111/230/237 1109/229/237 1108/228/237
f 1117/231/239 1116/227/239 1113/228/239 1112/232/239
f 1120/233/239 1121/236/239 1119/235/239 1118/234/239
f 1121/236/239 1123/238/239 1122/237/239 1119/235/239
f 1123/238/239 1117/231/239 1112/232/239 1122/237/239
f 1115/239/239 1120/233/239 1118/234/239 1114/240/239
o Wheel.003
v 0.566866 -0.454229 1.571581
v 0.566866 -0.454229 1.571581
v 0.566866 -0.454229 1.571581
v 0.566866 -0.454229 1.571581
v 0.567064 -0.369513 1.588431
v 0.567064 -0.369513 1.588431
v 0.567064 -0.369513 1.588431
v 0.567064 -0.369513 1.588431
v 0.567626 -0.297695 1.636413
v 0.567626 -0.297695 1.636413
v 0.567626 -0.297695 1.636413
v 0.567626 -0.297695 1.636413
v 0.568468 -0.249708 1.708223
v 0.568468 -0.249708 1.708223
v 0.568468 -0.249708 1.708223
v 0.568468 -0.249708 1.708223
v 0.569460 -0.232857 1.792930
v 0.569460 -0.232857 1.792930
v 0.569460 -0.232857 1.792930
v 0.569460 -0.232857 1.792930
v 0.570453 -0.249708 1.877636
v 0.570453 -0.249708 1.877636
v 0.570453 -0.249708 1.877636
v 0.570453 -0.249708 1.877636
v 0.571295 -0.297695 1.949446
v 0.571295 -0.297695 1.949446
v 0.571295 -0.297695 1.949446
v 0.571295 -0.297695 1.949446
v 0.571857 -0.369513 1.997428
v 0.571857 -0.369513 1.997428
v 0.571857 -0.369513 1.997428
v 0.571857 -0.369513 1.997428
v 0.572054 -0.454229 2.014277
v 0.572054 -0.454229 2.014277
v 0.572054 -0.454229 2.014277
v 0.572054 -0.454229 2.014277
v 0.571857 -0.538944 1.997428
v 0.571857 -0.538944 1.997428
v 0.571857 -0.538944 1.997428
v 0.571857 -0.538944 1.997428
v 0.571295 -0.610763 1.949446
v 0.571295 -0.610763 1.949446
v 0.571295 -0.610763 1.949446
v 0.571295 -0.610763 1.949446
v 0.570453 -0.658750 1.877636
v 0.570453 -0.658750 1.877636
v 0.570453 -0.658750 1.877636
v 0.570453 -0.658750 1.877636
v 0.569460 -0.675601 1.792930
v 0.569460 -0.675601 1.792930
v 0.569460 -0.675601 1.792930
v 0.569460 -0.675601 1.792930
v 0.568468 -0.658750 1.708223
v 0.568468 -0.658750 1.708223
v 0.568468 -0.658750 1.708223
v 0.568468 -0.658750 1.708223
v 0.567626 -0.610763 1.636413
v 0.567626 -0.610763 1.636413
v 0.567626 -0.610763 1.636413
v 0.567626 -0.610763 1.636413
v 0.567064 -0.538944 1.588431
v 0.567064 -0.538944 1.588431
v 0.567064 -0.538944 1.588431
v 0.567064 -0.538944 1.588431
v 0.446533 -0.454229 1.572992
v 0.446533 -0.454229 1.572992
v 0.446533 -0.454229 1.572992
v 0.446533 -0.454229 1.572992
v 0.446730 -0.369513 1.589841
v 0.446730 -0.369513 1.589841
v 0.446730 -0.369513 1.589841
v 0.446730 -0.369513 1.589841
v 0.447293 -0.297695 1.637823
v 0.447293 -0.297695 1.637823
v 0.447293 -0.297695 1.637823
v 0.447293 -0.297695 1.637823
v 0.448134 -0.249708 1.709634
v 0.448134 -0.249708 1.709634
v 0.448134 -0.249708 1.709634
v 0.448134 -0.249708 1.709634
v 0.449127 -0.232857 1.794340
v 0.449127 -0.232857 1.794340
v 0.449127 -0.232857 1.794340
v 0.449127 -0.232857 1.794340
v 0.450120 -0.249708 1.879046
v 0.450120 -0.249708 1.879046
v 0.450120 -0.249708 1.879046
v 0.450120 -0.249708 1.879046
v 0.450961 -0.297695 1.950856
v 0.450961 -0.297695 1.950856
v 0.450961 -0.297695 1.950856
v 0.450961 -0.297695 1.950856
v 0.451524 -0.369513 1.998839
v 0.451524 -0.369513 1.998839
v 0.451524 -0.369513 1.998839
v 0.451524 -0.369513 1.998839
v 0.451721 -0.454229 2.015688
v 0.451721 -0.454229 2.015688
v 0.451721 -0.454229 2.015688
v 0.451721 -0.454229 2.015688
v 0.451524 -0.538944 1.998839
v 0.451524 -0.538944 1.998839
v 0.451524 -0.538944 1.998839
v 0.451524 -0.538944 1.998839
v 0.450961 -0.610763 1.950857
v 0.450961 -0.610763 1.950857
v 0.450961 -0.610763 1.950857
v 0.450961 -0.610763 1.950857
v 0.450120 -0.658750 1.879046
v 0.450120 -0.658750 1.879046
v 0.450120 -0.658750 1.879046
v 0.450120 -0.658750 1.879046
v 0.449127 -0.675601 1.794340
v 0.449127 -0.675601 1.794340
v 0.449127 -0.675601 1.794340
v 0.449127 -0.675601 1.794340
v 0.448134 -0.658750 1.709634
v 0.448134 -0.658750 1.709634
v 0.448134 -0.658750 1.709634
v 0.448134 -0.658750 1.709634
v 0.447293 -0.610763 1.637823
v 0.447293 -0.610763 1.637823
v 0.447293 -0.610763 1.637823
v 0.447293 -0.610763 1.637823
v 0.446730 -0.538944 1.589841
v 0.446730 -0.538944 1.589841
v 0.446730 -0.538944 1.589841
v 0.446730 -0.538944 1.589841
v 0.575736 -0.454229 1.639069
v 0.575736 -0.454229 1.639069
v 0.575736 -0.454229 1.639069
v 0.575736 -0.454229 1.639069
v 0.575873 -0.395379 1.650774
v 0.575873 -0.395379 1.650774
v 0.575873 -0.395379 1.650774
v 0.575873 -0.395379 1.650774
v 0.576264 -0.345488 1.684106
v 0.576264 -0.345488 1.684106
v 0.576264 -0.345488 1.684106
v 0.576264 -0.345488 1.684106
v 0.576848 -0.312152 1.733991
v 0.576848 -0.312152 1.733991
v 0.576848 -0.312152 1.733991
v 0.576848 -0.312152 1.733991
v 0.577538 -0.300446 1.792835
v 0.577538 -0.300446 1.792835
v 0.577538 -0.300446 1.792835
v 0.577538 -0.300446 1.792835
v 0.578228 -0.312152 1.851678
v 0.578228 -0.312152 1.851678
v 0.578228 -0.312152 1.851678
v 0.578228 -0.312152 1.851678
v 0.578812 -0.345488 1.901564
v 0.578812 -0.345488 1.901564
v 0.578812 -0.345488 1.901564
v 0.578812 -0.345488 1.901564
v 0.579203 -0.395379 1.934896
v 0.579203 -0.395379 1.934896
v 0.579203 -0.395379 1.934896
v 0.579203 -0.395379 1.934896
v 0.579340 -0.454229 1.946601
v 0.579340 -0.454229 1.946601
v 0.579340 -0.454229 1.946601
v 0.579340 -0.454229 1.946601
v 0.579203 -0.513079 1.934896
v 0.579203 -0.513079 1.934896
v 0.579203 -0.513079 1.934896
v 0.579203 -0.513079 1.934896
v 0.578812 -0.562970 1.901564
v 0.578812 -0.562970 1.901564
v 0.578812 -0.562970 1.901564
v 0.578812 -0.562970 1.901564
v 0.578228 -0.596306 1.851678
v 0.578228 -0.596306 1.851678
v 0.578228 -0.596306 1.851678
v 0.578228 -0.596306 1.851678
v 0.577538 -0.608012 1.792835
v 0.577538 -0.608012 1.792835
v 0.577538 -0.608012 1.792835
v 0.577538 -0.608012 1.792835
v 0.576848 -0.596306 1.733991
v 0.576848 -0.596306 1.733991
v 0.576848 -0.596306 1.733991
v 0.576848 -0.596306 1.733991
v 0.576264 -0.562970 1.684106
v 0.576264 -0.562970 1.684106
v 0.576264 -0.562970 1.684106
v 0.576264 -0.562970 1.684106
v 0.575873 -0.513079 1.650774
v 0.575873 -0.513079 1.650774
v 0.575873 -0.513079 1.650774
v 0.575873 -0.513079 1.650774
v 0.440149 -0.454229 1.640658
v 0.440149 -0.454229 1.640658
v 0.440149 -0.454229 1.640658
v 0.440149 -0.454229 1.640658
v 0.440286 -0.395379 1.652363
v 0.440286 -0.395379 1.652363
v 0.440286 -0.395379 1.652363
v 0.440286 -0.395379 1.652363
v 0.440677 -0.345488 1.685695
v 0.440677 -0.345488 1.685695
v 0.440677 -0.345488 1.685695
v 0.440677 -0.345488 1.685695
v 0.441261 -0.312152 1.735580
v 0.441261 -0.312152 1.735580
v 0.441261 -0.312152 1.735580
v 0.441261 -0.312152 1.735580
v 0.441951 -0.300446 1.794424
v 0.441951 -0.300446 1.794424
v 0.441951 -0.300446 1.794424
v 0.441951 -0.300446 1.794424
v 0.442640 -0.312152 1.853268
v 0.442640 -0.312152 1.853268
v 0.442640 -0.312152 1.853268
v 0.442640 -0.312152 1.853268
v 0.443225 -0.345488 1.903153
v 0.443225 -0.345488 1.903153
v 0.443225 -0.345488 1.903153
v 0.443225 -0.345488 1.903153
v 0.443616 -0.395379 1.936485
v 0.443616 -0.395379 1.936485
v 0.443616 -0.395379 1.936485
v 0.443616 -0.395379 1.936485
v 0.443753 -0.454229 1.948190
v 0.443753 -0.454229 1.948190
v 0.443753 -0.454229 1.948190
v 0.443753 -0.454229 1.948190
v 0.443616 -0.513079 1.936485
v 0.443616 -0.513079 1.936485
v 0.443616 -0.513079 1.936485
v 0.443616 -0.513079 1.936485
v 0.443225 -0.562970 1.903153
v 0.443225 -0.562970 1.903153
v 0.443225 -0.562970 1.903153
v 0.443225 -0.562970 1.903153
v 0.442640 -0.596306 1.853268
v 0.442640 -0.596306 1.853268
v 0.442640 -0.596306 1.853268
v 0.442640 -0.596306 1.853268
v 0.441951 -0.608012 1.794424
v 0.441951 -0.608012 1.794424
v 0.441951 -0.608012 1.794424
v 0.441951 -0.608012 1.794424
v 0.441261 -0.596306 1.735580
v 0.441261 -0.596306 1.735580
v 0.441261 -0.596306 1.735580
v 0.441261 -0.596306 1.735580
v 0.440677 -0.562970 1.685695
v 0.440677 -0.562970 1.685695
v 0.440677 -0.562970 1.685695
v 0.440677 -0.562970 1.685695
v 0.440286 -0.513079 1.652363
v 0.440286 -0.513079 1.652363
v 0.440286 -0.513079 1.652363
v 0.440286 -0.513079 1.652363
v 0.569190 -0.454229 1.664316
v 0.569190 -0.454229 1.664316
v 0.569190 -0.454229 1.664316
v 0.569190 -0.454229 1.664316
v 0.569190 -0.454229 1.664316
v 0.569305 -0.405011 1.674105
v 0.569305 -0.405011 1.674105
v 0.569305 -0.405011 1.674105
v 0.569305 -0.405011 1.674105
v 0.569305 -0.405011 1.674105
v 0.569631 -0.363286 1.701982
v 0.569631 -0.363286 1.701982
v 0.569631 -0.363286 1.701982
v 0.569631 -0.363286 1.701982
v 0.569631 -0.363286 1.701982
v 0.570120 -0.335406 1.743702
v 0.570120 -0.335406 1.743702
v 0.570120 -0.335406 1.743702
v 0.570120 -0.335406 1.743702
v 0.570120 -0.335406 1.743702
v 0.570697 -0.325616 1.792915
v 0.570697 -0.325616 1.792915
v 0.570697 -0.325616 1.792915
v 0.570697 -0.325616 1.792915
v 0.570697 -0.325616 1.792915
v 0.571274 -0.335406 1.842128
v 0.571274 -0.335406 1.842128
v 0.571274 -0.335406 1.842128
v 0.571274 -0.335406 1.842128
v 0.571274 -0.335406 1.842128
v 0.571763 -0.363286 1.883848
v 0.571763 -0.363286 1.883848
v 0.571763 -0.363286 1.883848
v 0.571763 -0.363286 1.883848
v 0.571763 -0.363286 1.883848
v 0.572089 -0.405011 1.911725
v 0.572089 -0.405011 1.911725
v 0.572089 -0.405011 1.911725
v 0.572089 -0.405011 1.911725
v 0.572089 -0.405011 1.911725
v 0.572204 -0.454229 1.921514
v 0.572204 -0.454229 1.921514
v 0.572204 -0.454229 1.921514
v 0.572204 -0.454229 1.921514
v 0.572204 -0.454229 1.921514
v 0.572089 -0.503447 1.911725
v 0.572089 -0.503447 1.911725
v 0.572089 -0.503447 1.911725
v 0.572089 -0.503447 1.911725
v 0.572089 -0.503447 1.911725
v 0.571763 -0.545172 1.883848
v 0.571763 -0.545172 1.883848
v 0.571763 -0.545172 1.883848
v 0.571763 -0.545172 1.883848
v 0.571763 -0.545172 1.883848
v 0.571274 -0.573052 1.842128
v 0.571274 -0.573052 1.842128
v 0.571274 -0.573052 1.842128
v 0.571274 -0.573052 1.842128
v 0.571274 -0.573052 1.842128
v 0.570697 -0.582842 1.792915
v 0.570697 -0.582842 1.792915
v 0.570697 -0.582842 1.792915
v 0.570697 -0.582842 1.792915
v 0.570697 -0.582842 1.792915
v 0.570120 -0.573052 1.743702
v 0.570120 -0.573052 1.743702
v 0.570120 -0.573052 1.743702
v 0.570120 -0.573052 1.743702
v 0.570120 -0.573052 1.743702
v 0.569631 -0.545172 1.701982
v 0.569631 -0.545172 1.701982
v 0.569631 -0.545172 1.701982
v 0.569631 -0.545172 1.701982
v 0.569631 -0.545172 1.701982
v 0.569305 -0.503447 1.674105
v 0.569305 -0.503447 1.674105
v 0.569305 -0.503447 1.674105
v 0.569305 -0.503447 1.674105
v 0.569305 -0.503447 1.674105
v 0.461819 -0.454229 1.665575
v 0.461819 -0.454229 1.665575
v 0.461819 -0.454229 1.665575
v 0.461819 -0.454229 1.665575
v 0.461934 -0.405011 1.675364
v 0.461934 -0.405011 1.675364
v 0.461934 -0.405011 1.675364
v 0.461934 -0.405011 1.675364
v 0.462260 -0.363286 1.703241
v 0.462260 -0.363286 1.703241
v 0.462260 -0.363286 1.703241
v 0.462260 -0.363286 1.703241
v 0.462749 -0.335406 1.744961
v 0.462749 -0.335406 1.744961
v 0.462749 -0.335406 1.744961
v 0.462749 -0.335406 1.744961
v 0.463326 -0.325616 1.794173
v 0.463326 -0.325616 1.794173
v 0.463326 -0.325616 1.794173
v 0.463326 -0.325616 1.794173
v 0.463903 -0.335406 1.843386
v 0.463903 -0.335406 1.843386
v 0.463903 -0.335406 1.843386
v 0.463903 -0.335406 1.843386
v 0.464392 -0.363286 1.885106
v 0.464392 -0.363286 1.885106
v 0.464392 -0.363286 1.885106
v 0.464392 -0.363286 1.885106
v 0.464718 -0.405011 1.912983
v 0.464718 -0.405011 1.912983
v 0.464718 -0.405011 1.912983
v 0.464718 -0.405011 1.912983
v 0.464833 -0.454229 1.922772
v 0.464833 -0.454229 1.922772
v 0.464833 -0.454229 1.922772
v 0.464833 -0.454229 1.922772
v 0.464718 -0.503447 1.912983
v 0.464718 -0.503447 1.912983
v 0.464718 -0.503447 1.912983
v 0.464718 -0.503447 1.912983
v 0.464392 -0.545172 1.885106
v 0.464392 -0.545172 1.885106
v 0.464392 -0.545172 1.885106
v 0.464392 -0.545172 1.885106
v 0.463903 -0.573052 1.843386
v 0.463903 -0.573052 1.843386
v 0.463903 -0.573052 1.843386
v 0.463903 -0.573052 1.843386
v 0.463326 -0.582842 1.794173
v 0.463326 -0.582842 1.794173
v 0.463326 -0.582842 1.794173
v 0.463326 -0.582842 1.794173
v 0.462749 -0.573052 1.744961
v 0.462749 -0.573052 1.744961
v 0.462749 -0.573052 1.744961
v 0.462749 -0.573052 1.744961
v 0.462260 -0.545172 1.703240
v 0.462260 -0.545172 1.703240
v 0.462260 -0.545172 1.703240
v 0.462260 -0.545172 1.703240
v 0.461934 -0.503447 1.675364
v 0.461934 -0.503447 1.675364
v 0.461934 -0.503447 1.675364
v 0.461934 -0.503447 1.675364
v 0.548426 -0.454229 1.664560
v 0.548426 -0.454229 1.664560
v 0.548426 -0.454229 1.664560
v 0.548426 -0.454229 1.664560
v 0.548426 -0.454229 1.664560
v 0.548541 -0.405011 1.674349
v 0.548541 -0.405011 1.674349
v 0.548541 -0.405011 1.674349
v 0.548541 -0.405011 1.674349
v 0.548541 -0.405011 1.674349
v 0.548867 -0.363286 1.702225
v 0.548867 -0.363286 1.702225
v 0.548867 -0.363286 1.702225
v 0.548867 -0.363286 1.702225
v 0.548867 -0.363286 1.702225
v 0.549356 -0.335406 1.743946
v 0.549356 -0.335406 1.743946
v 0.549356 -0.335406 1.743946
v 0.549356 -0.335406 1.743946
v 0.549356 -0.335406 1.743946
v 0.549933 -0.325616 1.793158
v 0.549933 -0.325616 1.793158
v 0.549933 -0.325616 1.793158
v 0.549933 -0.325616 1.793158
v 0.549933 -0.325616 1.793158
v 0.550510 -0.335406 1.842371
v 0.550510 -0.335406 1.842371
v 0.550510 -0.335406 1.842371
v 0.550510 -0.335406 1.842371
v 0.550510 -0.335406 1.842371
v 0.550999 -0.363286 1.884091
v 0.550999 -0.363286 1.884091
v 0.550999 -0.363286 1.884091
v 0.550999 -0.363286 1.884091
v 0.550999 -0.363286 1.884091
v 0.551326 -0.405011 1.911968
v 0.551326 -0.405011 1.911968
v 0.551326 -0.405011 1.911968
v 0.551326 -0.405011 1.911968
v 0.551326 -0.405011 1.911968
v 0.551440 -0.454229 1.921757
v 0.551440 -0.454229 1.921757
v 0.551440 -0.454229 1.921757
v 0.551440 -0.454229 1.921757
v 0.551440 -0.454229 1.921757
v 0.551326 -0.503447 1.911968
v 0.551326 -0.503447 1.911968
v 0.551326 -0.503447 1.911968
v 0.551326 -0.503447 1.911968
v 0.551326 -0.503447 1.911968
v 0.550999 -0.545172 1.884091
v 0.550999 -0.545172 1.884091
v 0.550999 -0.545172 1.884091
v 0.550999 -0.545172 1.884091
v 0.550999 -0.545172 1.884091
v 0.550510 -0.573052 1.842371
v 0.550510 -0.573052 1.842371
v 0.550510 -0.573052 1.842371
v 0.550510 -0.573052 1.842371
v 0.550510 -0.573052 1.842371
v 0.549933 -0.582842 1.793158
v 0.549933 -0.582842 1.793158
v 0.549933 -0.582842 1.793158
v 0.549933 -0.582842 1.793158
v 0.549933 -0.582842 1.793158
v 0.549356 -0.573052 1.743946
v 0.549356 -0.573052 1.743946
v 0.549356 -0.573052 1.743946
v 0.549356 -0.573052 1.743946
v 0.549356 -0.573052 1.743946
v 0.548867 -0.545172 1.702225
v 0.548867 -0.545172 1.702225
v 0.548867 -0.545172 1.702225
v 0.548867 -0.545172 1.702225
v 0.548867 -0.545172 1.702225
v 0.548541 -0.503447 1.674349
v 0.548541 -0.503447 1.674349
v 0.548541 -0.503447 1.674349
v 0.548541 -0.503447 1.674349
v 0.548541 -0.503447 1.674349
v 0.520043 -0.454229 1.664892
v 0.520043 -0.454229 1.664892
v 0.520043 -0.454229 1.664892
v 0.520043 -0.454229 1.664892
v 0.520157 -0.405011 1.674681
v 0.520157 -0.405011 1.674681
v 0.520157 -0.405011 1.674681
v 0.520157 -0.405011 1.674681
v 0.520484 -0.363286 1.702558
v 0.520484 -0.363286 1.702558
v 0.520484 -0.363286 1.702558
v 0.520484 -0.363286 1.702558
v 0.520973 -0.335406 1.744278
v 0.520973 -0.335406 1.744278
v 0.520973 -0.335406 1.744278
v 0.520973 -0.335406 1.744278
v 0.521550 -0.325616 1.793491
v 0.521550 -0.325616 1.793491
v 0.521550 -0.325616 1.793491
v 0.521550 -0.325616 1.793491
v 0.522126 -0.335406 1.842704
v 0.522126 -0.335406 1.842704
v 0.522126 -0.335406 1.842704
v 0.522126 -0.335406 1.842704
v 0.522615 -0.363286 1.884424
v 0.522615 -0.363286 1.884424
v 0.522615 -0.363286 1.884424
v 0.522615 -0.363286 1.884424
v 0.522942 -0.405011 1.912301
v 0.522942 -0.405011 1.912301
v 0.522942 -0.405011 1.912301
v 0.522942 -0.405011 1.912301
v 0.523057 -0.454229 1.922090
v 0.523057 -0.454229 1.922090
v 0.523057 -0.454229 1.922090
v 0.523057 -0.454229 1.922090
v 0.522942 -0.503447 1.912301
v 0.522942 -0.503447 1.912301
v 0.522942 -0.503447 1.912301
v 0.522942 -0.503447 1.912301
v 0.522615 -0.545172 1.884424
v 0.522615 -0.545172 1.884424
v 0.522615 -0.545172 1.884424
v 0.522615 -0.545172 1.884424
v 0.522126 -0.573052 1.842704
v 0.522126 -0.573052 1.842704
v 0.522126 -0.573052 1.842704
v 0.522126 -0.573052 1.842704
v 0.521550 -0.582842 1.793491
v 0.521550 -0.582842 1.793491
v 0.521550 -0.582842 1.793491
v 0.521550 -0.582842 1.793491
v 0.520973 -0.573052 1.744278
v 0.520973 -0.573052 1.744278
v 0.520973 -0.573052 1.744278
v 0.520973 -0.573052 1.744278
v 0.520484 -0.545172 1.702558
v 0.520484 -0.545172 1.702558
v 0.520484 -0.545172 1.702558
v 0.520484 -0.545172 1.702558
v 0.520157 -0.503447 1.674681
v 0.520157 -0.503447 1.674681
v 0.520157 -0.503447 1.674681
v 0.520157 -0.503447 1.674681
v 0.559341 -0.454229 1.664432
v 0.559341 -0.454229 1.664432
v 0.559341 -0.454229 1.664432
v 0.559341 -0.454229 1.664432
v 0.559455 -0.405011 1.674221
v 0.559455 -0.405011 1.674221
v 0.559455 -0.405011 1.674221
v 0.559455 -0.405011 1.674221
v 0.559782 -0.363286 1.702098
v 0.559782 -0.363286 1.702098
v 0.559782 -0.363286 1.702098
v 0.559782 -0.363286 1.702098
v 0.560271 -0.335406 1.743818
v 0.560271 -0.335406 1.743818
v 0.560271 -0.335406 1.743818
v 0.560271 -0.335406 1.743818
v 0.560848 -0.325616 1.793031
v 0.560848 -0.325616 1.793031
v 0.560848 -0.325616 1.793031
v 0.560848 -0.325616 1.793031
v 0.561424 -0.335406 1.842243
v 0.561424 -0.335406 1.842243
v 0.561424 -0.335406 1.842243
v 0.561424 -0.335406 1.842243
v 0.561913 -0.363286 1.883963
v 0.561913 -0.363286 1.883963
v 0.561913 -0.363286 1.883963
v 0.561913 -0.363286 1.883963
v 0.562240 -0.405011 1.911840
v 0.562240 -0.405011 1.911840
v 0.562240 -0.405011 1.911840
v 0.562240 -0.405011 1.911840
v 0.562355 -0.454229 1.921629
v 0.562355 -0.454229 1.921629
v 0.562355 -0.454229 1.921629
v 0.562355 -0.454229 1.921629
v 0.562240 -0.503447 1.911840
v 0.562240 -0.503447 1.911840
v 0.562240 -0.503447 1.911840
v 0.562240 -0.503447 1.911840
v 0.561913 -0.545172 1.883964
v 0.561913 -0.545172 1.883964
v 0.561913 -0.545172 1.883964
v 0.561913 -0.545172 1.883964
v 0.561424 -0.573052 1.842243
v 0.561424 -0.573052 1.842243
v 0.561424 -0.573052 1.842243
v 0.561424 -0.573052 1.842243
v 0.560848 -0.582842 1.793031
v 0.560848 -0.582842 1.793031
v 0.560848 -0.582842 1.793031
v 0.560848 -0.582842 1.793031
v 0.560271 -0.573052 1.743818
v 0.560271 -0.573052 1.743818
v 0.560271 -0.573052 1.743818
v 0.560271 -0.573052 1.743818
v 0.559782 -0.545172 1.702097
v 0.559782 -0.545172 1.702097
v 0.559782 -0.545172 1.702097
v 0.559782 -0.545172 1.702097
v 0.559455 -0.503447 1.674221
v 0.559455 -0.503447 1.674221
v 0.559455 -0.503447 1.674221
v 0.559455 -0.503447 1.674221
v 0.520043 -0.454229 1.664892
v 0.520043 -0.454229 1.664892
v 0.520043 -0.454229 1.664892
v 0.520043 -0.454229 1.664892
v 0.520157 -0.405011 1.674681
v 0.520157 -0.405011 1.674681
v 0.520157 -0.405011 1.674681
v 0.520157 -0.405011 1.674681
v 0.520484 -0.363286 1.702558
v 0.520484 -0.363286 1.702558
v 0.520484 -0.363286 1.702558
v 0.520484 -0.363286 1.702558
v 0.520973 -0.335406 1.744278
v 0.520973 -0.335406 1.744278
v 0.520973 -0.335406 1.744278
v 0.520973 -0.335406 1.744278
v 0.521550 -0.325616 1.793491
v 0.521550 -0.325616 1.793491
v 0.521550 -0.325616 1.793491
v 0.521550 -0.325616 1.793491
v 0.522126 -0.335406 1.842704
v 0.522126 -0.335406 1.842704
v 0.522126 -0.335406 1.842704
v 0.522126 -0.335406 1.842704
v 0.522615 -0.363286 1.884424
v 0.522615 -0.363286 1.884424
v 0.522615 -0.363286 1.884424
v 0.522615 -0.363286 1.884424
v 0.522942 -0.405011 1.912301
v 0.522942 -0.405011 1.912301
v 0.522942 -0.405011 1.912301
v 0.522942 -0.405011 1.912301
v 0.523057 -0.454229 1.922090
v 0.523057 -0.454229 1.922090
v 0.523057 -0.454229 1.922090
v 0.523057 -0.454229 1.922090
v 0.522942 -0.503447 1.912301
v 0.522942 -0.503447 1.912301
v 0.522942 -0.503447 1.912301
v 0.522942 -0.503447 1.912301
v 0.522615 -0.545172 1.884424
v 0.522615 -0.545172 1.884424
v 0.522615 -0.545172 1.884424
v 0.522615 -0.545172 1.884424
v 0.522126 -0.573052 1.842704
v 0.522126 -0.573052 1.842704
v 0.522126 -0.573052 1.842704
v 0.522126 -0.573052 1.842704
v 0.521550 -0.582842 1.793491
v 0.521550 -0.582842 1.793491
v 0.521550 -0.582842 1.793491
v 0.521550 -0.582842 1.793491
v 0.520973 -0.573052 1.744278
v 0.520973 -0.573052 1.744278
v 0.520973 -0.573052 1.744278
v 0.520973 -0.573052 1.744278
v 0.520484 -0.545172 1.702558
v 0.520484 -0.545172 1.702558
v 0.520484 -0.545172 1.702558
v 0.520484 -0.545172 1.702558
v 0.520157 -0.503447 1.674681
v 0.520157 -0.503447 1.674681
v 0.520157 -0.503447 1.674681
v 0.520157 -0.503447 1.674681
v 0.551932 -0.454229 1.739637
v 0.551932 -0.454229 1.739637
v 0.551932 -0.454229 1.739637
v 0.551932 -0.454229 1.739637
v 0.551980 -0.433757 1.743709
v 0.551980 -0.433757 1.743709
v 0.551980 -0.433757 1.743709
v 0.551980 -0.433757 1.743709
v 0.552116 -0.416401 1.755304
v 0.552116 -0.416401 1.755304
v 0.552116 -0.416401 1.755304
v 0.552116 -0.416401 1.755304
v 0.552319 -0.404805 1.772658
v 0.552319 -0.404805 1.772658
v 0.552319 -0.404805 1.772658
v 0.552319 -0.404805 1.772658
v 0.552559 -0.400732 1.793128
v 0.552559 -0.400732 1.793128
v 0.552559 -0.400732 1.793128
v 0.552559 -0.400732 1.793128
v 0.552799 -0.404805 1.813598
v 0.552799 -0.404805 1.813598
v 0.552799 -0.404805 1.813598
v 0.552799 -0.404805 1.813598
v 0.553002 -0.416401 1.830951
v 0.553002 -0.416401 1.830951
v 0.553002 -0.416401 1.830951
v 0.553002 -0.416401 1.830951
v 0.553138 -0.433757 1.842547
v 0.553138 -0.433757 1.842547
v 0.553138 -0.433757 1.842547
v 0.553138 -0.433757 1.842547
v 0.553186 -0.454229 1.846618
v 0.553186 -0.454229 1.846618
v 0.553186 -0.454229 1.846618
v 0.553186 -0.454229 1.846618
v 0.553138 -0.474701 1.842547
v 0.553138 -0.474701 1.842547
v 0.553138 -0.474701 1.842547
v 0.553138 -0.474701 1.842547
v 0.553002 -0.492057 1.830951
v 0.553002 -0.492057 1.830951
v 0.553002 -0.492057 1.830951
v 0.553002 -0.492057 1.830951
v 0.552799 -0.503653 1.813598
v 0.552799 -0.503653 1.813598
v 0.552799 -0.503653 1.813598
v 0.552799 -0.503653 1.813598
v 0.552559 -0.507726 1.793128
v 0.552559 -0.507726 1.793128
v 0.552559 -0.507726 1.793128
v 0.552559 -0.507726 1.793128
v 0.552319 -0.503653 1.772658
v 0.552319 -0.503653 1.772658
v 0.552319 -0.503653 1.772658
v 0.552319 -0.503653 1.772658
v 0.552116 -0.492057 1.755304
v 0.552116 -0.492057 1.755304
v 0.552116 -0.492057 1.755304
v 0.552116 -0.492057 1.755304
v 0.551980 -0.474701 1.743709
v 0.551980 -0.474701 1.743709
v 0.551980 -0.474701 1.743709
v 0.551980 -0.474701 1.743709
v 0.540126 -0.454229 1.739775
v 0.540126 -0.454229 1.739775
v 0.540126 -0.454229 1.739775
v 0.540126 -0.454229 1.739775
v 0.540174 -0.433757 1.743847
v 0.540174 -0.433757 1.743847
v 0.540174 -0.433757 1.743847
v 0.540174 -0.433757 1.743847
v 0.540310 -0.416401 1.755442
v 0.540310 -0.416401 1.755442
v 0.540310 -0.416401 1.755442
v 0.540310 -0.416401 1.755442
v 0.540513 -0.404805 1.772796
v 0.540513 -0.404805 1.772796
v 0.540513 -0.404805 1.772796
v 0.540513 -0.404805 1.772796
v 0.540753 -0.400732 1.793266
v 0.540753 -0.400732 1.793266
v 0.540753 -0.400732 1.793266
v 0.540753 -0.400732 1.793266
v 0.540993 -0.404805 1.813736
v 0.540993 -0.404805 1.813736
v 0.540993 -0.404805 1.813736
v 0.540993 -0.404805 1.813736
v 0.541196 -0.416401 1.831090
v 0.541196 -0.416401 1.831090
v 0.541196 -0.416401 1.831090
v 0.541196 -0.416401 1.831090
v 0.541332 -0.433757 1.842685
v 0.541332 -0.433757 1.842685
v 0.541332 -0.433757 1.842685
v 0.541332 -0.433757 1.842685
v 0.541380 -0.454229 1.846757
v 0.541380 -0.454229 1.846757
v 0.541380 -0.454229 1.846757
v 0.541380 -0.454229 1.846757
v 0.541332 -0.474701 1.842685
v 0.541332 -0.474701 1.842685
v 0.541332 -0.474701 1.842685
v 0.541332 -0.474701 1.842685
v 0.541196 -0.492057 1.831090
v 0.541196 -0.492057 1.831090
v 0.541196 -0.492057 1.831090
v 0.541196 -0.492057 1.831090
v 0.540993 -0.503653 1.813736
v 0.540993 -0.503653 1.813736
v 0.540993 -0.503653 1.813736
v 0.540993 -0.503653 1.813736
v 0.540753 -0.507726 1.793266
v 0.540753 -0.507726 1.793266
v 0.540753 -0.507726 1.793266
v 0.540753 -0.507726 1.793266
v 0.540513 -0.503653 1.772796
v 0.540513 -0.503653 1.772796
v 0.540513 -0.503653 1.772796
v 0.540513 -0.503653 1.772796
v 0.540310 -0.492057 1.755442
v 0.540310 -0.492057 1.755442
v 0.540310 -0.492057 1.755442
v 0.540310 -0.492057 1.755442
v 0.540174 -0.474701 1.743847
v 0.540174 -0.474701 1.743847
v 0.540174 -0.474701 1.743847
v 0.540174 -0.474701 1.743847
v 0.551932 -0.454229 1.739637
v 0.551932 -0.454229 1.739637
v 0.551932 -0.454229 1.739637
v 0.551932 -0.454229 1.739637
v 0.551980 -0.433757 1.743709
v 0.551980 -0.433757 1.743709
v 0.551980 -0.433757 1.743709
v 0.551980 -0.433757 1.743709
v 0.552116 -0.416401 1.755304
v 0.552116 -0.416401 1.755304
v 0.552116 -0.416401 1.755304
v 0.552116 -0.416401 1.755304
v 0.552319 -0.404805 1.772658
v 0.552319 -0.404805 1.772658
v 0.552319 -0.404805 1.772658
v 0.552319 -0.404805 1.772658
v 0.552559 -0.400732 1.793128
v 0.552559 -0.400732 1.793128
v 0.552559 -0.400732 1.793128
v 0.552559 -0.400732 1.793128
v 0.552799 -0.404805 1.813598
v 0.552799 -0.404805 1.813598
v 0.552799 -0.404805 1.813598
v 0.552799 -0.404805 1.813598
v 0.553002 -0.416401 1.830951
v 0.553002 -0.416401 1.830951
v 0.553002 -0.416401 1.830951
v 0.553002 -0.416401 1.830951
v 0.553138 -0.433757 1.842547
v 0.553138 -0.433757 1.842547
v 0.553138 -0.433757 1.842547
v 0.553138 -0.433757 1.842547
v 0.553186 -0.454229 1.846618
v 0.553186 -0.454229 1.846618
v 0.553186 -0.454229 1.846618
v 0.553186 -0.454229 1.846618
v 0.553138 -0.474701 1.842547
v 0.553138 -0.474701 1.842547
v 0.553138 -0.474701 1.842547
v 0.553138 -0.474701 1.842547
v 0.553002 -0.492057 1.830951
v 0.553002 -0.492057 1.830951
v 0.553002 -0.492057 1.830951
v 0.553002 -0.492057 1.830951
v 0.552799 -0.503653 1.813598
v 0.552799 -0.503653 1.813598
v 0.552799 -0.503653 1.813598
v 0.552799 -0.503653 1.813598
v 0.552559 -0.507726 1.793128
v 0.552559 -0.507726 1.793128
v 0.552559 -0.507726 1.793128
v 0.552559 -0.507726 1.793128
v 0.552319 -0.503653 1.772658
v 0.552319 -0.503653 1.772658
v 0.552319 -0.503653 1.772658
v 0.552319 -0.503653 1.772658
v 0.552116 -0.492057 1.755304
v 0.552116 -0.492057 1.755304
v 0.552116 -0.492057 1.755304
v 0.552116 -0.492057 1.755304
v 0.551980 -0.474701 1.743709
v 0.551980 -0.474701 1.743709
v 0.551980 -0.474701 1.743709
v 0.551980 -0.474701 1.743709
v 0.540126 -0.454229 1.739775
v 0.540126 -0.454229 1.739775
v 0.540126 -0.454229 1.739775
v 0.540126 -0.454229 1.739775
v 0.540174 -0.433757 1.743847
v 0.540174 -0.433757 1.743847
v 0.540174 -0.433757 1.743847
v 0.540174 -0.433757 1.743847
v 0.540310 -0.416401 1.755442
v 0.540310 -0.416401 1.755442
v 0.540310 -0.416401 1.755442
v 0.540310 -0.416401 1.755442
v 0.540513 -0.404805 1.772796
v 0.540513 -0.404805 1.772796
v 0.540513 -0.404805 1.772796
v 0.540513 -0.404805 1.772796
v 0.540753 -0.400732 1.793266
v 0.540753 -0.400732 1.793266
v 0.540753 -0.400732 1.793266
v 0.540753 -0.400732 1.793266
v 0.540993 -0.404805 1.813736
v 0.540993 -0.404805 1.813736
v 0.540993 -0.404805 1.813736
v 0.540993 -0.404805 1.813736
v 0.541196 -0.416401 1.831090
v 0.541196 -0.416401 1.831090
v 0.541196 -0.416401 1.831090
v 0.541196 -0.416401 1.831090
v 0.541332 -0.433757 1.842685
v 0.541332 -0.433757 1.842685
v 0.541332 -0.433757 1.842685
v 0.541332 -0.433757 1.842685
v 0.541380 -0.454229 1.846757
v 0.541380 -0.454229 1.846757
v 0.541380 -0.454229 1.846757
v 0.541380 -0.454229 1.846757
v 0.541332 -0.474701 1.842685
v 0.541332 -0.474701 1.842685
v 0.541332 -0.474701 1.842685
v 0.541332 -0.474701 1.842685
v 0.541196 -0.492057 1.831090
v 0.541196 -0.492057 1.831090
v 0.541196 -0.492057 1.831090
v 0.541196 -0.492057 1.831090
v 0.540993 -0.503653 1.813736
v 0.540993 -0.503653 1.813736
v 0.540993 -0.503653 1.813736
v 0.540993 -0.503653 1.813736
v 0.540753 -0.507726 1.793266
v 0.540753 -0.507726 1.793266
v 0.540753 -0.507726 1.793266
v 0.540753 -0.507726 1.793266
v 0.540513 -0.503653 1.772796
v 0.540513 -0.503653 1.772796
v 0.540513 -0.503653 1.772796
v 0.540513 -0.503653 1.772796
v 0.540310 -0.492057 1.755442
v 0.540310 -0.492057 1.755442
v 0.540310 -0.492057 1.755442
v 0.540310 -0.492057 1.755442
v 0.540174 -0.474701 1.743847
v 0.540174 -0.474701 1.743847
v 0.540174 -0.474701 1.743847
v 0.540174 -0.474701 1.743847
v 0.551932 -0.454229 1.739637
v 0.551932 -0.454229 1.739637
v 0.551932 -0.454229 1.739637
v 0.551932 -0.454229 1.739637
v 0.551980 -0.433757 1.743709
v 0.551980 -0.433757 1.743709
v 0.551980 -0.433757 1.743709
v 0.551980 -0.433757 1.743709
v 0.552116 -0.416401 1.755304
v 0.552116 -0.416401 1.755304
v 0.552116 -0.416401 1.755304
v 0.552116 -0.416401 1.755304
v 0.552319 -0.404805 1.772658
v 0.552319 -0.404805 1.772658
v 0.552319 -0.404805 1.772658
v 0.552319 -0.404805 1.772658
v 0.552559 -0.400732 1.793128
v 0.552559 -0.400732 1.793128
v 0.552559 -0.400732 1.793128
v 0.552559 -0.400732 1.793128
v 0.552799 -0.404805 1.813598
v 0.552799 -0.404805 1.813598
v 0.552799 -0.404805 1.813598
v 0.552799 -0.404805 1.813598
v 0.553002 -0.416401 1.830951
v 0.553002 -0.416401 1.830951
v 0.553002 -0.416401 1.830951
v 0.553002 -0.416401 1.830951
v 0.553138 -0.433757 1.842547
v 0.553138 -0.433757 1.842547
v 0.553138 -0.433757 1.842547
v 0.553138 -0.433757 1.842547
v 0.553186 -0.454229 1.846618
v 0.553186 -0.454229 1.846618
v 0.553186 -0.454229 1.846618
v 0.553186 -0.454229 1.846618
v 0.553138 -0.474701 1.842547
v 0.553138 -0.474701 1.842547
v 0.553138 -0.474701 1.842547
v 0.553138 -0.474701 1.842547
v 0.553002 -0.492057 1.830951
v 0.553002 -0.492057 1.830951
v 0.553002 -0.492057 1.830951
v 0.553002 -0.492057 1.830951
v 0.552799 -0.503653 1.813598
v 0.552799 -0.503653 1.813598
v 0.552799 -0.503653 1.813598
v 0.552799 -0.503653 1.813598
v 0.552559 -0.507726 1.793128
v 0.552559 -0.507726 1.793128
v 0.552559 -0.507726 1.793128
v 0.552559 -0.507726 1.793128
v 0.552319 -0.503653 1.772658
v 0.552319 -0.503653 1.772658
v 0.552319 -0.503653 1.772658
v 0.552319 -0.503653 1.772658
v 0.552116 -0.492057 1.755304
v 0.552116 -0.492057 1.755304
v 0.552116 -0.492057 1.755304
v 0.552116 -0.492057 1.755304
v 0.551980 -0.474701 1.743709
v 0.551980 -0.474701 1.743709
v 0.551980 -0.474701 1.743709
v 0.551980 -0.474701 1.743709
v 0.540126 -0.454229 1.739775
v 0.540126 -0.454229 1.739775
v 0.540126 -0.454229 1.739775
v 0.540126 -0.454229 1.739775
v 0.540174 -0.433757 1.743847
v 0.540174 -0.433757 1.743847
v 0.540174 -0.433757 1.743847
v 0.540174 -0.433757 1.743847
v 0.540310 -0.416401 1.755442
v 0.540310 -0.416401 1.755442
v 0.540310 -0.416401 1.755442
v 0.540310 -0.416401 1.755442
v 0.540513 -0.404805 1.772796
v 0.540513 -0.404805 1.772796
v 0.540513 -0.404805 1.772796
v 0.540513 -0.404805 1.772796
v 0.540753 -0.400732 1.793266
v 0.540753 -0.400732 1.793266
v 0.540753 -0.400732 1.793266
v 0.540753 -0.400732 1.793266
v 0.540993 -0.404805 1.813736
v 0.540993 -0.404805 1.813736
v 0.540993 -0.404805 1.813736
v 0.540993 -0.404805 1.813736
v 0.541196 -0.416401 1.831090
v 0.541196 -0.416401 1.831090
v 0.541196 -0.416401 1.831090
v 0.541196 -0.416401 1.831090
v 0.541332 -0.433757 1.842685
v 0.541332 -0.433757 1.842685
v 0.541332 -0.433757 1.842685
v 0.541332 -0.433757 1.842685
v 0.541380 -0.454229 1.846757
v 0.541380 -0.454229 1.846757
v 0.541380 -0.454229 1.846757
v 0.541380 -0.454229 1.846757
v 0.541332 -0.474701 1.842685
v 0.541332 -0.474701 1.842685
v 0.541332 -0.474701 1.842685
v 0.541332 -0.474701 1.842685
v 0.541196 -0.492057 1.831090
v 0.541196 -0.492057 1.831090
v 0.541196 -0.492057 1.831090
v 0.541196 -0.492057 1.831090
v 0.540993 -0.503653 1.813736
v 0.540993 -0.503653 1.813736
v 0.540993 -0.503653 1.813736
v 0.540993 -0.503653 1.813736
v 0.540753 -0.507726 1.793266
v 0.540753 -0.507726 1.793266
v 0.540753 -0.507726 1.793266
v 0.540753 -0.507726 1.793266
v 0.540513 -0.503653 1.772796
v 0.540513 -0.503653 1.772796
v 0.540513 -0.503653 1.772796
v 0.540513 -0.503653 1.772796
v 0.540310 -0.492057 1.755442
v 0.540310 -0.492057 1.755442
v 0.540310 -0.492057 1.755442
v 0.540310 -0.492057 1.755442
v 0.540174 -0.474701 1.743847
v 0.540174 -0.474701 1.743847
v 0.540174 -0.474701 1.743847
v 0.540174 -0.474701 1.743847
v 0.564038 -0.454229 1.739495
v 0.564038 -0.454229 1.739495
v 0.564086 -0.433757 1.743567
v 0.564086 -0.433757 1.743567
v 0.564222 -0.416401 1.755162
v 0.564222 -0.416401 1.755162
v 0.564425 -0.404805 1.772516
v 0.564425 -0.404805 1.772516
v 0.564665 -0.400732 1.792986
v 0.564665 -0.400732 1.792986
v 0.564905 -0.404805 1.813456
v 0.564905 -0.404805 1.813456
v 0.565108 -0.416401 1.830809
v 0.565108 -0.416401 1.830809
v 0.565244 -0.433757 1.842405
v 0.565244 -0.433757 1.842405
v 0.565292 -0.454229 1.846476
v 0.565292 -0.454229 1.846476
v 0.565244 -0.474701 1.842405
v 0.565244 -0.474701 1.842405
v 0.565108 -0.492057 1.830809
v 0.565108 -0.492057 1.830809
v 0.564905 -0.503653 1.813456
v 0.564905 -0.503653 1.813456
v 0.564665 -0.507726 1.792986
v 0.564665 -0.507726 1.792986
v 0.564425 -0.503653 1.772516
v 0.564425 -0.503653 1.772516
v 0.564222 -0.492057 1.755162
v 0.564222 -0.492057 1.755162
v 0.564086 -0.474701 1.743567
v 0.564086 -0.474701 1.743567
v 0.422898 -0.454229 1.740947
v 0.422898 -0.454229 1.740947
v 0.422946 -0.433757 1.745018
v 0.422946 -0.433757 1.745018
v 0.423082 -0.416401 1.756614
v 0.423082 -0.416401 1.756614
v 0.423285 -0.404805 1.773967
v 0.423285 -0.404805 1.773967
v 0.423525 -0.400732 1.794437
v 0.423525 -0.400732 1.794437
v 0.423765 -0.404805 1.814907
v 0.423765 -0.404805 1.814907
v 0.423968 -0.416401 1.832261
v 0.423968 -0.416401 1.832261
v 0.424104 -0.433757 1.843856
v 0.424104 -0.433757 1.843856
v 0.424152 -0.454229 1.847928
v 0.424152 -0.454229 1.847928
v 0.424104 -0.474701 1.843856
v 0.424104 -0.474701 1.843856
v 0.423968 -0.492057 1.832261
v 0.423968 -0.492057 1.832261
v 0.423765 -0.503653 1.814907
v 0.423765 -0.503653 1.814907
v 0.423525 -0.507726 1.794437
v 0.423525 -0.507726 1.794437
v 0.423285 -0.503653 1.773967
v 0.423285 -0.503653 1.773967
v 0.423082 -0.492057 1.756614
v 0.423082 -0.492057 1.756614
v 0.422946 -0.474701 1.745018
v 0.422946 -0.474701 1.745018
v 0.563935 -0.434407 1.745138
v 0.563935 -0.434407 1.745138
v 0.563935 -0.434407 1.745138
v 0.563889 -0.454229 1.741196
v 0.563889 -0.454229 1.741196
v 0.563889 -0.454229 1.741196
v 0.564264 -0.406374 1.773168
v 0.564264 -0.406374 1.773168
v 0.564264 -0.406374 1.773168
v 0.564067 -0.417602 1.756365
v 0.564067 -0.417602 1.756365
v 0.564067 -0.417602 1.756365
v 0.564728 -0.406374 1.812808
v 0.564728 -0.406374 1.812808
v 0.564728 -0.406374 1.812808
v 0.564496 -0.402431 1.792988
v 0.564496 -0.402431 1.792988
v 0.564496 -0.402431 1.792988
v 0.565057 -0.434407 1.840837
v 0.565057 -0.434407 1.840837
v 0.565057 -0.434407 1.840837
v 0.564925 -0.417602 1.829610
v 0.564925 -0.417602 1.829610
v 0.564925 -0.417602 1.829610
v 0.565057 -0.474051 1.840837
v 0.565057 -0.474051 1.840837
v 0.565057 -0.474051 1.840837
v 0.565103 -0.454229 1.844780
v 0.565103 -0.454229 1.844780
v 0.565103 -0.454229 1.844780
v 0.564728 -0.502084 1.812808
v 0.564728 -0.502084 1.812808
v 0.564728 -0.502084 1.812808
v 0.564925 -0.490856 1.829610
v 0.564925 -0.490856 1.829610
v 0.564925 -0.490856 1.829610
v 0.564264 -0.502084 1.773168
v 0.564264 -0.502084 1.773168
v 0.564264 -0.502084 1.773168
v 0.564496 -0.506027 1.792988
v 0.564496 -0.506027 1.792988
v 0.564496 -0.506027 1.792988
v 0.563935 -0.474051 1.745138
v 0.563935 -0.474051 1.745138
v 0.563935 -0.474051 1.745138
v 0.564067 -0.490856 1.756365
v 0.564067 -0.490856 1.756365
v 0.564067 -0.490856 1.756365
v 0.555705 -0.417602 1.756463
v 0.555705 -0.417602 1.756463
v 0.555705 -0.417602 1.756463
v 0.555573 -0.474051 1.745236
v 0.555573 -0.474051 1.745236
v 0.555573 -0.474051 1.745236
v 0.555573 -0.434407 1.745236
v 0.555573 -0.434407 1.745236
v 0.555573 -0.434407 1.745236
v 0.555527 -0.454229 1.741294
v 0.555527 -0.454229 1.741294
v 0.555527 -0.454229 1.741294
v 0.555705 -0.490856 1.756463
v 0.555705 -0.490856 1.756463
v 0.555705 -0.490856 1.756463
v 0.555901 -0.502084 1.773266
v 0.555901 -0.502084 1.773266
v 0.555901 -0.502084 1.773266
v 0.556134 -0.506027 1.793086
v 0.556134 -0.506027 1.793086
v 0.556134 -0.506027 1.793086
v 0.556366 -0.502084 1.812906
v 0.556366 -0.502084 1.812906
v 0.556366 -0.502084 1.812906
v 0.556563 -0.490856 1.829708
v 0.556563 -0.490856 1.829708
v 0.556563 -0.490856 1.829708
v 0.555901 -0.406374 1.773266
v 0.555901 -0.406374 1.773266
v 0.555901 -0.406374 1.773266
v 0.556366 -0.406374 1.812906
v 0.556366 -0.406374 1.812906
v 0.556366 -0.406374 1.812906
v 0.556134 -0.402431 1.793086
v 0.556134 -0.402431 1.793086
v 0.556134 -0.402431 1.793086
v 0.556695 -0.434407 1.840935
v 0.556695 -0.434407 1.840935
v 0.556695 -0.434407 1.840935
v 0.556563 -0.417602 1.829708
v 0.556563 -0.417602 1.829708
v 0.556563 -0.417602 1.829708
v 0.556695 -0.474051 1.840935
v 0.556695 -0.474051 1.840935
v 0.556695 -0.474051 1.840935
v 0.556741 -0.454229 1.844878
v 0.556741 -0.454229 1.844878
v 0.556741 -0.454229 1.844878
vn 0.9918 -0.1006 -0.0788
vn 0.9938 0.0672 0.0889
vn 0.9914 -0.0672 -0.1122
vn 0.9940 0.0236 0.1070
vn -0.9954 0.0210 -0.0939
vn 0.9940 -0.0236 0.1070
vn 0.9912 -0.0236 -0.1303
vn -0.0115 0.1951 -0.9807
vn 0.9938 -0.0672 0.0889
vn 0.9918 0.1006 -0.0788
vn 0.9934 -0.1006 0.0556
vn 0.9923 0.1186 -0.0352
vn 0.9929 -0.1186 0.0120
vn 0.9929 0.1186 0.0120
vn 0.9923 -0.1186 -0.0352
vn 0.9934 0.1006 0.0556
vn 0.9642 -0.2619 0.0408
vn 0.9662 -0.1484 0.2108
vn -0.7516 0.5443 0.3725
vn 0.9653 -0.2221 0.1371
vn -0.7484 -0.1277 0.6509
vn -0.7544 0.6420 0.1366
vn 0.9667 0.0521 0.2506
vn 0.9662 0.1484 0.2108
vn -0.7574 0.6420 -0.1188
vn 0.9653 0.2221 0.1371
vn -0.7602 0.5443 -0.3548
vn 0.9642 0.2619 0.0408
vn -0.7623 0.3637 -0.5354
vn 0.9630 0.2619 -0.0634
vn -0.7634 0.1277 -0.6331
vn 0.9619 0.2221 -0.1597
vn 0.9667 -0.0521 0.2506
vn 0.0097 0.5556 0.8314
vn -0.9934 0.0895 0.0714
vn -0.9952 0.0598 -0.0778
vn 0.0115 0.1951 0.9807
vn -0.9931 0.0598 0.1011
vn 0.0115 -0.1951 0.9807
vn -0.9929 0.0210 0.1172
vn 0.0097 -0.5556 0.8314
vn -0.9929 -0.0210 0.1172
vn 0.0065 -0.8315 0.5555
vn -0.9931 -0.0598 0.1011
vn 0.0023 -0.9808 0.1951
vn -0.9934 -0.0895 0.0714
vn -0.0023 -0.9808 -0.1951
vn -0.9939 -0.1056 0.0326
vn -0.0065 -0.8315 -0.5555
vn -0.0115 -0.1951 -0.9807
vn -0.0097 -0.5556 -0.8314
vn -0.0097 0.5556 -0.8314
vn 0.9914 0.0672 -0.1122
vn -0.0065 0.8315 -0.5555
vn -0.9954 -0.0210 -0.0939
vn -0.9944 -0.1056 -0.0093
vn -0.0023 0.9808 -0.1951
vn -0.9948 0.0895 -0.0481
vn -0.9948 -0.0895 -0.0481
vn 0.0023 0.9808 0.1951
vn -0.9944 0.1056 -0.0093
vn -0.9952 -0.0598 -0.0778
vn 0.0065 0.8315 0.5555
vn -0.9939 0.1056 0.0326
vn 0.9964 -0.0805 -0.0277
vn -0.0000 -1.0000 -0.0000
vn 0.0045 0.9239 0.3827
vn -0.0117 -0.0000 -0.9999
vn -0.0108 0.3827 -0.9238
vn 0.9967 0.0805 0.0043
vn -0.0108 -0.3827 -0.9238
vn -0.7495 0.3637 0.5531
vn -0.7484 0.1277 0.6509
vn 0.9630 -0.2619 -0.0634
vn 0.9975 -0.0160 0.0688
vn -0.7516 -0.5443 0.3725
vn 0.9619 -0.2221 -0.1597
vn -0.7495 -0.3637 0.5531
vn -0.7544 -0.6420 0.1366
vn 0.9610 -0.1484 -0.2333
vn -0.7574 -0.6420 -0.1188
vn 0.9605 -0.0521 -0.2732
vn -0.7602 -0.5443 -0.3548
vn 0.9605 0.0521 -0.2732
vn -0.7623 -0.3637 -0.5354
vn 0.9610 0.1484 -0.2333
vn -0.7634 -0.1277 -0.6331
vn -0.0000 1.0000 -0.0000
vn 0.9949 -0.0218 0.0980
vn -0.9967 -0.0805 -0.0043
vn -0.9960 -0.0682 0.0573
vn -0.9958 0.0456 0.0799
vn 0.0108 0.3827 0.9238
vn -0.9956 -0.0160 0.0921
vn 0.9956 0.0160 -0.0921
vn 0.0108 -0.3827 0.9238
vn -0.0083 -0.7071 -0.7071
vn 0.0045 -0.9239 0.3827
vn -0.0045 -0.9239 -0.3827
vn 0.9926 0.0621 -0.1046
vn -0.9701 -0.1401 -0.1984
vn 0.9924 0.0218 -0.1213
vn -0.9692 -0.2097 -0.1288
vn 0.9924 -0.0218 -0.1213
vn -0.9682 -0.2474 -0.0379
vn 0.9926 -0.0621 -0.1046
vn -0.9670 -0.2474 0.0605
vn -0.9651 -0.1401 0.2211
vn 0.9929 -0.0930 -0.0738
vn -0.9660 -0.2097 0.1515
vn 0.9934 -0.1097 -0.0335
vn -0.9647 0.0492 0.2587
vn -0.9651 0.1401 0.2211
vn 0.9939 -0.1097 0.0102
vn -0.9974 -0.0456 -0.0565
vn -0.9975 0.0160 -0.0688
vn -0.9971 0.0682 -0.0339
vn -0.9964 0.0805 0.0277
vn -0.9705 -0.0492 -0.2360
vn 0.9929 0.0930 -0.0738
vn -0.9705 0.0492 -0.2360
vn 0.9934 0.1097 -0.0335
vn -0.9701 0.1401 -0.1984
vn 0.9939 0.1097 0.0102
vn -0.9692 0.2097 -0.1288
vn 0.9944 0.0930 0.0505
vn -0.9682 0.2474 -0.0379
vn 0.9948 0.0621 0.0813
vn 0.9949 0.0218 0.0980
vn -0.9670 0.2474 0.0605
vn -0.9647 -0.0492 0.2587
vn 0.9944 -0.0930 0.0505
vn -0.9660 0.2097 0.1515
vn 0.9948 -0.0621 0.0813
vn 0.0098 -0.1951 0.9807
vn 0.0098 0.1951 0.9807
vn 0.0083 0.5556 0.8314
vn 0.0056 0.8315 0.5556
vn 0.0019 0.9808 0.1951
vn -0.0019 0.9808 -0.1951
vn -0.0083 0.5556 -0.8314
vn -0.0056 0.8315 -0.5556
vn 0.9999 -0.0000 -0.0117
vn 0.0086 0.5556 0.8314
vn -0.0086 -0.5556 -0.8314
vn -0.0101 -0.1951 -0.9807
vn -0.0101 0.1951 -0.9807
vn 0.0101 0.1951 0.9807
vn 0.0086 -0.5556 0.8314
vn -0.0086 0.5556 -0.8314
vn -0.0057 0.8315 -0.5556
vn 0.0020 -0.9808 0.1951
vn -0.0020 0.9808 -0.1951
vn -0.0020 -0.9808 -0.1951
vn 0.0020 0.9808 0.1951
vn -0.0057 -0.8315 -0.5556
vn 0.0083 -0.5556 0.8314
vn 0.0056 -0.8315 0.5556
vn 0.0019 -0.9808 0.1951
vn -0.0019 -0.9808 -0.1951
vn -0.0098 0.1951 -0.9807
vn -0.0056 -0.8315 -0.5556
vn -0.0083 -0.5556 -0.8314
vn -0.0098 -0.1951 -0.9807
vn 0.0101 -0.1951 0.9807
vn -0.0083 0.7071 -0.7071
vn 0.9960 0.0682 -0.0573
vn 0.9971 -0.0682 0.0339
vn 0.0083 0.7071 0.7071
vn -0.0045 0.9239 -0.3827
vn 0.9958 -0.0456 -0.0799
vn 0.0117 -0.0000 0.9999
vn 0.9974 0.0456 0.0565
vn 0.0083 -0.7071 0.7071
vn 0.9912 0.0236 -0.1303
vt 0.000000 0.000000
s 0
usemtl Material.021
f 1369/241/258 1515/241/258 1519/241/258 1372/241/258
f 1316/241/260 1461/241/260 1467/241/260 1320/241/260
f 1366/241/261 1508/241/261 1512/241/261 1368/241/261
f 1362/241/264 1504/241/264 1509/241/264 1365/241/264
f 1358/241/266 1500/241/266 1505/241/266 1361/241/266
f 1354/241/268 1496/241/268 1501/241/268 1357/241/268
f 1350/241/270 1492/241/270 1497/241/270 1353/241/270
f 1373/241/311 1518/241/311 1523/241/311 1376/241/311
f 1377/241/312 1522/241/312 1462/241/312 1319/241/312
f 1325/241/315 1470/241/315 1475/241/315 1328/241/315
f 1321/241/317 1466/241/317 1471/241/317 1324/241/317
f 1329/241/318 1474/241/318 1479/241/318 1332/241/318
f 1333/241/320 1478/241/320 1483/241/320 1336/241/320
f 1337/241/322 1482/241/322 1487/241/322 1340/241/322
f 1341/241/324 1486/241/324 1489/241/324 1345/241/324
f 1346/241/326 1488/241/326 1493/241/326 1349/241/326
f 1316/241/327 1317/241/327 1318/241/327 1319/241/327
f 1320/241/327 1321/241/327 1322/241/327 1323/241/327
f 1324/241/327 1325/241/327 1326/241/327 1327/241/327
f 1328/241/327 1329/241/327 1330/241/327 1331/241/327
f 1332/241/327 1333/241/327 1334/241/327 1335/241/327
f 1336/241/327 1337/241/327 1338/241/327 1339/241/327
f 1340/241/327 1341/241/327 1342/241/327 1343/241/327
f 1368/241/327 1369/241/327 1370/241/327 1371/241/327
f 1372/241/327 1373/241/327 1374/241/327 1375/241/327
f 1376/241/327 1377/241/327 1378/241/327 1379/241/327
f 1488/241/327 1489/241/327 1490/241/327 1491/241/327
f 1492/241/327 1493/241/327 1494/241/327 1495/241/327
f 1496/241/327 1497/241/327 1498/241/327 1499/241/327
f 1500/241/327 1501/241/327 1502/241/327 1503/241/327
f 1504/241/327 1505/241/327 1506/241/327 1507/241/327
f 1508/241/327 1509/241/327 1510/241/327 1511/241/327
f 1512/241/327 1513/241/327 1514/241/327 1515/241/327
f 1365/241/327 1509/241/327 1508/241/327 1366/241/327
f 1361/241/327 1505/241/327 1504/241/327 1362/241/327
f 1357/241/327 1501/241/327 1500/241/327 1358/241/327
f 1353/241/327 1497/241/327 1496/241/327 1354/241/327
f 1488/241/327 1346/241/327 1345/241/327 1489/241/327
f 1349/241/327 1493/241/327 1492/241/327 1350/241/327
f 1467/241/327 1461/241/327 1460/241/327 1464/241/327
f 1471/241/327 1466/241/327 1465/241/327 1468/241/327
f 1475/241/327 1470/241/327 1469/241/327 1472/241/327
f 1479/241/327 1474/241/327 1473/241/327 1476/241/327
f 1483/241/327 1478/241/327 1477/241/327 1480/241/327
f 1487/241/327 1482/241/327 1481/241/327 1484/241/327
f 1489/241/327 1486/241/327 1485/241/327 1490/241/327
f 1493/241/327 1488/241/327 1491/241/327 1494/241/327
f 1497/241/327 1492/241/327 1495/241/327 1498/241/327
f 1501/241/327 1496/241/327 1499/241/327 1502/241/327
f 1505/241/327 1500/241/327 1503/241/327 1506/241/327
f 1509/241/327 1504/241/327 1507/241/327 1510/241/327
f 1512/241/327 1508/241/327 1511/241/327 1513/241/327
f 1519/241/327 1515/241/327 1514/241/327 1516/241/327
f 1523/241/327 1518/241/327 1517/241/327 1520/241/327
f 1462/241/327 1522/241/327 1521/241/327 1463/241/327
f 1368/241/327 1512/241/327 1515/241/327 1369/241/327
f 1372/241/327 1519/241/327 1518/241/327 1373/241/327
f 1320/241/327 1467/241/327 1466/241/327 1321/241/327
f 1461/241/327 1316/241/327 1319/241/327 1462/241/327
f 1376/241/327 1523/241/327 1522/241/327 1377/241/327
f 1324/241/327 1471/241/327 1470/241/327 1325/241/327
f 1328/241/327 1475/241/327 1474/241/327 1329/241/327
f 1332/241/327 1479/241/327 1478/241/327 1333/241/327
f 1336/241/327 1483/241/327 1482/241/327 1337/241/327
f 1340/241/327 1487/241/327 1486/241/327 1341/241/327
f 2207/241/327 2104/241/327 2107/241/327 2206/241/327
usemtl Material.009
f 1180/241/240 1308/241/240 1305/241/240 1179/241/240
f 1152/241/241 1281/241/241 1278/241/241 1151/241/241
f 1184/241/242 1312/241/242 1309/241/242 1183/241/242
f 1156/241/243 1285/241/243 1282/241/243 1155/241/243
f 1188/241/244 1317/241/244 1323/241/244 1192/241/244
f 1160/241/245 1288/241/245 1286/241/245 1159/241/245
f 1125/241/246 1255/241/246 1313/241/246 1187/241/246
f 1129/241/247 1127/241/247 1189/241/247 1195/241/247
f 1164/241/248 1292/241/248 1289/241/248 1163/241/248
f 1136/241/249 1265/241/249 1261/241/249 1135/241/249
f 1168/241/250 1296/241/250 1293/241/250 1167/241/250
f 1140/241/251 1269/241/251 1266/241/251 1139/241/251
f 1172/241/252 1300/241/252 1297/241/252 1171/241/252
f 1144/241/253 1273/241/253 1270/241/253 1143/241/253
f 1176/241/254 1304/241/254 1301/241/254 1175/241/254
f 1148/241/255 1277/241/255 1274/241/255 1147/241/255
f 1153/241/273 1150/241/273 1214/241/273 1219/241/273
f 1209/241/274 1338/241/274 1343/241/274 1212/241/274
f 1193/241/275 1322/241/275 1327/241/275 1196/241/275
f 1157/241/276 1154/241/276 1218/241/276 1223/241/276
f 1213/241/277 1342/241/277 1344/241/277 1216/241/277
f 1161/241/278 1158/241/278 1222/241/278 1227/241/278
f 1217/241/279 1347/241/279 1348/241/279 1220/241/279
f 1165/241/280 1162/241/280 1226/241/280 1231/241/280
f 1221/241/281 1351/241/281 1352/241/281 1224/241/281
f 1169/241/282 1166/241/282 1230/241/282 1235/241/282
f 1225/241/283 1355/241/283 1356/241/283 1228/241/283
f 1173/241/284 1170/241/284 1234/241/284 1239/241/284
f 1229/241/285 1359/241/285 1360/241/285 1232/241/285
f 1177/241/286 1174/241/286 1238/241/286 1243/241/286
f 1233/241/287 1363/241/287 1364/241/287 1236/241/287
f 1181/241/288 1178/241/288 1242/241/288 1247/241/288
f 1126/241/289 1186/241/289 1250/241/289 1190/241/289
f 1185/241/290 1182/241/290 1246/241/290 1251/241/290
f 1133/241/291 1130/241/291 1194/241/291 1199/241/291
f 1132/241/292 1260/241/292 1257/241/292 1131/241/292
f 1137/241/293 1134/241/293 1198/241/293 1203/241/293
f 1249/241/294 1378/241/294 1318/241/294 1191/241/294
f 1237/241/295 1367/241/295 1371/241/295 1240/241/295
f 1141/241/296 1138/241/296 1202/241/296 1207/241/296
f 1197/241/297 1326/241/297 1331/241/297 1200/241/297
f 1241/241/298 1370/241/298 1375/241/298 1244/241/298
f 1145/241/299 1142/241/299 1206/241/299 1211/241/299
f 1201/241/300 1330/241/300 1335/241/300 1204/241/300
f 1245/241/301 1374/241/301 1379/241/301 1248/241/301
f 1149/241/302 1146/241/302 1210/241/302 1215/241/302
f 1205/241/303 1334/241/303 1339/241/303 1208/241/303
f 1124/241/327 1125/241/327 1126/241/327 1127/241/327
f 1128/241/327 1129/241/327 1130/241/327 1131/241/327
f 1132/241/327 1133/241/327 1134/241/327 1135/241/327
f 1136/241/327 1137/241/327 1138/241/327 1139/241/327
f 1140/241/327 1141/241/327 1142/241/327 1143/241/327
f 1144/241/327 1145/241/327 1146/241/327 1147/241/327
f 1148/241/327 1149/241/327 1150/241/327 1151/241/327
f 1152/241/327 1153/241/327 1154/241/327 1155/241/327
f 1156/241/327 1157/241/327 1158/241/327 1159/241/327
f 1160/241/327 1161/241/327 1162/241/327 1163/241/327
f 1164/241/327 1165/241/327 1166/241/327 1167/241/327
f 1168/241/327 1169/241/327 1170/241/327 1171/241/327
f 1172/241/327 1173/241/327 1174/241/327 1175/241/327
f 1176/241/327 1177/241/327 1178/241/327 1179/241/327
f 1180/241/327 1181/241/327 1182/241/327 1183/241/327
f 1184/241/327 1185/241/327 1186/241/327 1187/241/327
f 1188/241/327 1189/241/327 1190/241/327 1191/241/327
f 1192/241/327 1193/241/327 1194/241/327 1195/241/327
f 1196/241/327 1197/241/327 1198/241/327 1199/241/327
f 1200/241/327 1201/241/327 1202/241/327 1203/241/327
f 1204/241/327 1205/241/327 1206/241/327 1207/241/327
f 1208/241/327 1209/241/327 1210/241/327 1211/241/327
f 1212/241/327 1213/241/327 1214/241/327 1215/241/327
f 1216/241/327 1217/241/327 1218/241/327 1219/241/327
f 1220/241/327 1221/241/327 1222/241/327 1223/241/327
f 1224/241/327 1225/241/327 1226/241/327 1227/241/327
f 1228/241/327 1229/241/327 1230/241/327 1231/241/327
f 1232/241/327 1233/241/327 1234/241/327 1235/241/327
f 1236/241/327 1237/241/327 1238/241/327 1239/241/327
f 1240/241/327 1241/241/327 1242/241/327 1243/241/327
f 1244/241/327 1245/241/327 1246/241/327 1247/241/327
f 1248/241/327 1249/241/327 1250/241/327 1251/241/327
f 1252/241/327 1253/241/327 1254/241/327 1255/241/327
f 1256/241/327 1257/241/327 1258/241/327 1259/241/327
f 1260/241/327 1261/241/327 1262/241/327 1263/241/327
f 1288/241/327 1289/241/327 1290/241/327 1291/241/327
f 1292/241/327 1293/241/327 1294/241/327 1295/241/327
f 1296/241/327 1297/241/327 1298/241/327 1299/241/327
f 1300/241/327 1301/241/327 1302/241/327 1303/241/327
f 1304/241/327 1305/241/327 1306/241/327 1307/241/327
f 1308/241/327 1309/241/327 1310/241/327 1311/241/327
f 1312/241/327 1313/241/327 1314/241/327 1315/241/327
f 1344/241/327 1345/241/327 1346/241/327 1347/241/327
f 1348/241/327 1349/241/327 1350/241/327 1351/241/327
f 1352/241/327 1353/241/327 1354/241/327 1355/241/327
f 1356/241/327 1357/241/327 1358/241/327 1359/241/327
f 1360/241/327 1361/241/327 1362/241/327 1363/241/327
f 1364/241/327 1365/241/327 1366/241/327 1367/241/327
f 1128/241/327 1124/241/327 1127/241/327 1129/241/327
f 1132/241/327 1131/241/327 1130/241/327 1133/241/327
f 1136/241/327 1135/241/327 1134/241/327 1137/241/327
f 1140/241/327 1139/241/327 1138/241/327 1141/241/327
f 1144/241/327 1143/241/327 1142/241/327 1145/241/327
f 1148/241/327 1147/241/327 1146/241/327 1149/241/327
f 1152/241/327 1151/241/327 1150/241/327 1153/241/327
f 1156/241/327 1155/241/327 1154/241/327 1157/241/327
f 1160/241/327 1159/241/327 1158/241/327 1161/241/327
f 1164/241/327 1163/241/327 1162/241/327 1165/241/327
f 1168/241/327 1167/241/327 1166/241/327 1169/241/327
f 1172/241/327 1171/241/327 1170/241/327 1173/241/327
f 1176/241/327 1175/241/327 1174/241/327 1177/241/327
f 1180/241/327 1179/241/327 1178/241/327 1181/241/327
f 1184/241/327 1183/241/327 1182/241/327 1185/241/327
f 1125/241/327 1187/241/327 1186/241/327 1126/241/327
f 1195/241/327 1189/241/327 1188/241/327 1192/241/327
f 1199/241/327 1194/241/327 1193/241/327 1196/241/327
f 1203/241/327 1198/241/327 1197/241/327 1200/241/327
f 1207/241/327 1202/241/327 1201/241/327 1204/241/327
f 1211/241/327 1206/241/327 1205/241/327 1208/241/327
f 1215/241/327 1210/241/327 1209/241/327 1212/241/327
f 1219/241/327 1214/241/327 1213/241/327 1216/241/327
f 1223/241/327 1218/241/327 1217/241/327 1220/241/327
f 1227/241/327 1222/241/327 1221/241/327 1224/241/327
f 1231/241/327 1226/241/327 1225/241/327 1228/241/327
f 1235/241/327 1230/241/327 1229/241/327 1232/241/327
f 1239/241/327 1234/241/327 1233/241/327 1236/241/327
f 1243/241/327 1238/241/327 1237/241/327 1240/241/327
f 1247/241/327 1242/241/327 1241/241/327 1244/241/327
f 1251/241/327 1246/241/327 1245/241/327 1248/241/327
f 1190/241/327 1250/241/327 1249/241/327 1191/241/327
f 1173/241/327 1239/241/327 1238/241/327 1174/241/327
f 1242/241/327 1178/241/327 1177/241/327 1243/241/327
f 1145/241/327 1211/241/327 1210/241/327 1146/241/327
f 1214/241/327 1150/241/327 1149/241/327 1215/241/327
f 1246/241/327 1182/241/327 1181/241/327 1247/241/327
f 1218/241/327 1154/241/327 1153/241/327 1219/241/327
f 1250/241/327 1186/241/327 1185/241/327 1251/241/327
f 1222/241/327 1158/241/327 1157/241/327 1223/241/327
f 1126/241/327 1190/241/327 1189/241/327 1127/241/327
f 1194/241/327 1130/241/327 1129/241/327 1195/241/327
f 1226/241/327 1162/241/327 1161/241/327 1227/241/327
f 1198/241/327 1134/241/327 1133/241/327 1199/241/327
f 1230/241/327 1166/241/327 1165/241/327 1231/241/327
f 1202/241/327 1138/241/327 1137/241/327 1203/241/327
f 1234/241/327 1170/241/327 1169/241/327 1235/241/327
f 1206/241/327 1142/241/327 1141/241/327 1207/241/327
f 1323/241/327 1317/241/327 1316/241/327 1320/241/327
f 1327/241/327 1322/241/327 1321/241/327 1324/241/327
f 1331/241/327 1326/241/327 1325/241/327 1328/241/327
f 1335/241/327 1330/241/327 1329/241/327 1332/241/327
f 1339/241/327 1334/241/327 1333/241/327 1336/241/327
f 1343/241/327 1338/241/327 1337/241/327 1340/241/327
f 1344/241/327 1342/241/327 1341/241/327 1345/241/327
f 1348/241/327 1347/241/327 1346/241/327 1349/241/327
f 1352/241/327 1351/241/327 1350/241/327 1353/241/327
f 1356/241/327 1355/241/327 1354/241/327 1357/241/327
f 1360/241/327 1359/241/327 1358/241/327 1361/241/327
f 1364/241/327 1363/241/327 1362/241/327 1365/241/327
f 1371/241/327 1367/241/327 1366/241/327 1368/241/327
f 1375/241/327 1370/241/327 1369/241/327 1372/241/327
f 1379/241/327 1374/241/327 1373/241/327 1376/241/327
f 1318/241/327 1378/241/327 1377/241/327 1319/241/327
f 1248/241/327 1379/241/327 1378/241/327 1249/241/327
f 1374/241/327 1245/241/327 1244/241/327 1375/241/327
f 1151/241/327 1278/241/327 1277/241/327 1148/241/327
f 1281/241/327 1152/241/327 1155/241/327 1282/241/327
f 1208/241/327 1339/241/327 1338/241/327 1209/241/327
f 1334/241/327 1205/241/327 1204/241/327 1335/241/327
f 1191/241/327 1318/241/327 1317/241/327 1188/241/327
f 1285/241/327 1156/241/327 1159/241/327 1286/241/327
f 1212/241/327 1343/241/327 1342/241/327 1213/241/327
f 1288/241/327 1160/241/327 1163/241/327 1289/241/327
f 1216/241/327 1344/241/327 1347/241/327 1217/241/327
f 1292/241/327 1164/241/327 1167/241/327 1293/241/327
f 1220/241/327 1348/241/327 1351/241/327 1221/241/327
f 1296/241/327 1168/241/327 1171/241/327 1297/241/327
f 1224/241/327 1352/241/327 1355/241/327 1225/241/327
f 1300/241/327 1172/241/327 1175/241/327 1301/241/327
f 1228/241/327 1356/241/327 1359/241/327 1229/241/327
f 1304/241/327 1176/241/327 1179/241/327 1305/241/327
f 1232/241/327 1360/241/327 1363/241/327 1233/241/327
f 1308/241/327 1180/241/327 1183/241/327 1309/241/327
f 1124/241/327 1252/241/327 1255/241/327 1125/241/327
f 1256/241/327 1128/241/327 1131/241/327 1257/241/327
f 1312/241/327 1184/241/327 1187/241/327 1313/241/327
f 1260/241/327 1132/241/327 1135/241/327 1261/241/327
f 1265/241/327 1136/241/327 1139/241/327 1266/241/327
f 1192/241/327 1323/241/327 1322/241/327 1193/241/327
f 1236/241/327 1364/241/327 1367/241/327 1237/241/327
f 1269/241/327 1140/241/327 1143/241/327 1270/241/327
f 1196/241/327 1327/241/327 1326/241/327 1197/241/327
f 1240/241/327 1371/241/327 1370/241/327 1241/241/327
f 1273/241/327 1144/241/327 1147/241/327 1274/241/327
f 1200/241/327 1331/241/327 1330/241/327 1201/241/327
f 1128/241/414 1256/241/414 1252/241/414 1124/241/414
usemtl Material.010
f 1268/241/256 1401/241/256 1397/241/256 1267/241/256
f 1263/241/257 1394/241/257 1385/241/257 1258/241/257
f 1264/241/259 1396/241/259 1390/241/259 1262/241/259
f 1254/241/262 1380/241/262 1455/241/262 1314/241/262
f 1315/241/263 1459/241/263 1450/241/263 1310/241/263
f 1311/241/265 1454/241/265 1445/241/265 1306/241/265
f 1307/241/267 1449/241/267 1440/241/267 1302/241/267
f 1303/241/269 1444/241/269 1435/241/269 1298/241/269
f 1299/241/271 1439/241/271 1430/241/271 1294/241/271
f 1259/241/272 1389/241/272 1381/241/272 1253/241/272
f 1517/241/273 1663/241/273 1664/241/273 1520/241/273
f 1405/241/304 2256/241/304 2259/241/304 1403/241/304
f 1383/241/305 2249/241/305 2301/241/305 1524/241/305
f 1514/241/302 1656/241/302 1660/241/302 1516/241/302
f 1529/241/306 2298/241/306 2245/241/306 1387/241/306
f 1433/241/291 1578/241/291 1571/241/291 1426/241/291
f 1511/241/299 1652/241/299 1657/241/299 1513/241/299
f 1404/241/307 2261/241/307 2326/241/307 1545/241/307
f 1589/241/308 2307/241/308 2281/241/308 1447/241/308
f 1507/241/296 1648/241/296 1653/241/296 1510/241/296
f 1448/241/309 2280/241/309 2283/241/309 1441/241/309
f 1503/241/293 1644/241/293 1649/241/293 1506/241/293
f 1579/241/310 2313/241/310 2275/241/310 1437/241/310
f 1499/241/291 1640/241/291 1645/241/291 1502/241/291
f 1564/241/276 1700/241/276 1697/241/276 1562/241/276
f 1495/241/247 1636/241/247 1641/241/247 1498/241/247
f 1272/241/313 1406/241/313 1402/241/313 1271/241/313
f 1388/241/314 2244/241/314 2247/241/314 1382/241/314
f 1276/241/316 1411/241/316 1407/241/316 1275/241/316
f 1280/241/319 1416/241/319 1412/241/319 1279/241/319
f 1284/241/321 1421/241/321 1417/241/321 1283/241/321
f 1291/241/323 1429/241/323 1422/241/323 1287/241/323
f 1295/241/325 1434/241/325 1425/241/325 1290/241/325
f 1610/241/327 1736/241/327 1740/241/327 1612/241/327
f 1554/241/302 1692/241/302 1689/241/302 1552/241/302
f 1613/241/327 1743/241/327 1744/241/327 1616/241/327
f 1674/241/328 1801/241/328 1799/241/328 1670/241/328
f 1546/241/329 2325/241/329 2322/241/329 1549/241/329
f 1666/241/327 1792/241/327 1732/241/327 1606/241/327
f 1662/241/327 1788/241/327 1793/241/327 1665/241/327
f 1548/241/296 1687/241/296 1680/241/296 1542/241/296
f 1537/241/291 1679/241/291 1672/241/291 1531/241/291
f 1659/241/327 1784/241/327 1789/241/327 1661/241/327
f 1535/241/330 2294/241/330 2319/241/330 1539/241/330
f 1607/241/327 1735/241/327 1737/241/327 1609/241/327
f 1655/241/327 1780/241/327 1785/241/327 1658/241/327
f 1527/241/289 1668/241/289 1728/241/289 1601/241/289
f 1595/241/331 2306/241/331 2296/241/331 1603/241/331
f 1651/241/327 1776/241/327 1781/241/327 1654/241/327
f 1521/241/276 1667/241/276 1605/241/276 1463/241/276
f 1540/241/332 2321/241/332 2251/241/332 1399/241/332
f 1525/241/333 2303/241/333 2299/241/333 1533/241/333
f 1469/241/282 1614/241/282 1619/241/282 1472/241/282
f 1428/241/334 2268/241/334 2271/241/334 1423/241/334
f 1465/241/280 1611/241/280 1615/241/280 1468/241/280
f 1473/241/284 1618/241/284 1623/241/284 1476/241/284
f 1550/241/335 2324/241/335 2257/241/335 1409/241/335
f 1477/241/286 1622/241/286 1627/241/286 1480/241/286
f 1392/241/336 2255/241/336 2292/241/336 1534/241/336
f 1481/241/288 1626/241/288 1631/241/288 1484/241/288
f 1560/241/337 2330/241/337 2263/241/337 1419/241/337
f 1485/241/290 1630/241/290 1633/241/290 1490/241/290
f 1453/241/302 1598/241/302 1590/241/302 1446/241/302
f 1491/241/289 1632/241/289 1637/241/289 1494/241/289
f 1570/241/338 2336/241/338 2269/241/338 1427/241/338
f 1708/241/339 1836/241/339 1833/241/339 1707/241/339
f 1757/241/340 1887/241/340 1888/241/340 1760/241/340
f 1704/241/341 1832/241/341 1828/241/341 1702/241/341
f 1754/241/342 1880/241/342 1884/241/342 1756/241/342
f 1703/241/343 1831/241/343 1824/241/343 1698/241/343
f 1750/241/344 1876/241/344 1881/241/344 1753/241/344
f 1699/241/345 1827/241/345 1820/241/345 1694/241/345
f 1746/241/346 1872/241/346 1877/241/346 1749/241/346
f 1739/241/347 1864/241/347 1869/241/347 1741/241/347
f 1695/241/348 1823/241/348 1816/241/348 1690/241/348
f 1742/241/349 1868/241/349 1873/241/349 1745/241/349
f 1800/241/327 1928/241/327 1924/241/327 1796/241/327
f 1691/241/350 1819/241/350 1812/241/350 1685/241/350
f 1795/241/351 1920/241/351 1860/241/351 1733/241/351
f 1791/241/352 1916/241/352 1921/241/352 1794/241/352
f 1686/241/353 1815/241/353 1808/241/353 1681/241/353
f 1617/241/327 1747/241/327 1748/241/327 1620/241/327
f 1563/241/273 1696/241/273 1693/241/273 1558/241/273
f 1621/241/327 1751/241/327 1752/241/327 1624/241/327
f 1557/241/354 2331/241/354 2328/241/354 1559/241/354
f 1625/241/327 1755/241/327 1759/241/327 1628/241/327
f 1567/241/355 2337/241/355 2334/241/355 1569/241/355
f 1629/241/327 1758/241/327 1763/241/327 1634/241/327
f 1577/241/280 1709/241/280 1706/241/280 1572/241/280
f 1635/241/327 1762/241/327 1767/241/327 1638/241/327
f 1575/241/356 2318/241/356 2314/241/356 1583/241/356
f 1639/241/327 1766/241/327 1771/241/327 1642/241/327
f 1587/241/284 1717/241/284 1714/241/284 1581/241/284
f 1643/241/327 1770/241/327 1773/241/327 1646/241/327
f 1585/241/357 2312/241/357 2308/241/357 1593/241/357
f 1647/241/327 1772/241/327 1777/241/327 1650/241/327
f 1597/241/288 1727/241/288 1720/241/288 1591/241/288
f 1905/241/327 2035/241/327 2036/241/327 1908/241/327
f 1852/241/327 1980/241/327 1978/241/327 1851/241/327
f 1902/241/327 2028/241/327 2032/241/327 1904/241/327
f 1848/241/327 1977/241/327 1972/241/327 1846/241/327
f 1898/241/327 2024/241/327 2029/241/327 1901/241/327
f 1847/241/327 1975/241/327 1968/241/327 1842/241/327
f 1894/241/327 2020/241/327 2025/241/327 1897/241/327
f 1843/241/327 1971/241/327 1964/241/327 1838/241/327
f 1890/241/327 2016/241/327 2021/241/327 1893/241/327
f 1839/241/327 1967/241/327 1960/241/327 1834/241/327
f 1886/241/327 2012/241/327 2017/241/327 1889/241/327
f 1835/241/327 1963/241/327 1956/241/327 1829/241/327
f 1883/241/327 2008/241/327 2013/241/327 1885/241/327
f 1830/241/327 1959/241/327 1952/241/327 1825/241/327
f 1879/241/327 2004/241/327 2009/241/327 1882/241/327
f 1826/241/327 1955/241/327 1948/241/327 1821/241/327
f 1761/241/358 1891/241/358 1892/241/358 1764/241/358
f 1712/241/359 1840/241/359 1837/241/359 1711/241/359
f 1765/241/360 1895/241/360 1896/241/360 1768/241/360
f 1716/241/361 1844/241/361 1841/241/361 1715/241/361
f 1769/241/362 1899/241/362 1900/241/362 1774/241/362
f 1722/241/363 1849/241/363 1845/241/363 1719/241/363
f 1775/241/364 1903/241/364 1907/241/364 1778/241/364
f 1726/241/365 1853/241/365 1850/241/365 1721/241/365
f 1779/241/366 1906/241/366 1911/241/366 1782/241/366
f 1730/241/367 1857/241/367 1854/241/367 1725/241/367
f 1671/241/368 1798/241/368 1858/241/368 1729/241/368
f 1783/241/369 1910/241/369 1913/241/369 1786/241/369
f 1734/241/370 1863/241/370 1865/241/370 1738/241/370
f 1682/241/371 1811/241/371 1804/241/371 1677/241/371
f 1787/241/372 1912/241/372 1917/241/372 1790/241/372
f 1678/241/373 1807/241/373 1802/241/373 1673/241/373
f 1954/241/327 2080/241/327 2077/241/327 1949/241/327
f 2003/241/327 2131/241/327 2132/241/327 2006/241/327
f 1994/241/327 2120/241/327 2125/241/327 1997/241/327
f 1950/241/327 2076/241/327 2072/241/327 1945/241/327
f 1998/241/327 2124/241/327 2128/241/327 2002/241/327
f 2058/241/247 2182/241/247 2181/241/247 2054/241/247
f 1946/241/327 2075/241/327 2068/241/327 1942/241/327
f 2050/241/327 2176/241/327 2116/241/327 1990/241/327
f 2046/241/327 2172/241/327 2177/241/327 2049/241/327
f 1943/241/327 2071/241/327 2064/241/327 1938/241/327
f 1935/241/327 2063/241/327 2056/241/327 1930/241/327
f 2042/241/327 2168/241/327 2173/241/327 2045/241/327
f 1939/241/327 2067/241/327 2060/241/327 1934/241/327
f 1991/241/327 2119/241/327 2121/241/327 1993/241/327
f 2038/241/327 2164/241/327 2169/241/327 2041/241/327
f 1926/241/327 2052/241/327 2112/241/327 1986/241/327
f 1856/241/327 1984/241/327 1981/241/327 1855/241/327
f 1797/241/327 1927/241/327 1985/241/327 1859/241/327
f 1909/241/327 2039/241/327 2040/241/327 1914/241/327
f 1862/241/327 1988/241/327 1992/241/327 1866/241/327
f 1810/241/327 1936/241/327 1933/241/327 1805/241/327
f 1915/241/327 2043/241/327 2044/241/327 1918/241/327
f 1806/241/327 1932/241/327 1929/241/327 1803/241/327
f 1814/241/327 1940/241/327 1937/241/327 1809/241/327
f 1919/241/327 2047/241/327 2048/241/327 1922/241/327
f 1923/241/327 2051/241/327 1989/241/327 1861/241/327
f 1818/241/327 1947/241/327 1941/241/327 1813/241/327
f 1931/241/327 2059/241/327 2053/241/327 1925/241/327
f 1871/241/327 1999/241/327 2001/241/327 1874/241/327
f 1822/241/327 1951/241/327 1944/241/327 1817/241/327
f 1867/241/327 1995/241/327 1996/241/327 1870/241/327
f 1875/241/327 2000/241/327 2005/241/327 1878/241/327
f 2149/241/374 2228/241/374 2231/241/374 2152/241/374
f 2096/241/282 2202/241/282 2201/241/282 2095/241/282
f 2145/241/375 2226/241/375 2229/241/375 2148/241/375
f 2092/241/280 2200/241/280 2198/241/280 2090/241/280
f 2142/241/376 2225/241/376 2227/241/376 2144/241/376
f 2091/241/278 2199/241/278 2196/241/278 2086/241/278
f 2138/241/377 2223/241/377 2224/241/377 2141/241/377
f 2087/241/276 2197/241/276 2194/241/276 2082/241/276
f 2134/241/378 2221/241/378 2222/241/378 2137/241/378
f 2083/241/273 2195/241/273 2192/241/273 2078/241/273
f 2130/241/379 2219/241/379 2220/241/379 2133/241/379
f 2123/241/380 2215/241/380 2216/241/380 2126/241/380
f 2079/241/302 2193/241/302 2190/241/302 2073/241/302
f 2127/241/381 2217/241/381 2218/241/381 2129/241/381
f 2184/241/382 2185/241/382 2187/241/382 2186/241/382 2189/241/382 2188/241/382 2191/241/382 2190/241/382 2193/241/382 2192/241/382 2195/241/382 2194/241/382 2197/241/382 2196/241/382 2199/241/382 2198/241/382 2200/241/382 2201/241/382 2202/241/382 2203/241/382 2204/241/382 2205/241/382 2207/241/382 2208/241/382 2210/241/382 2211/241/382 2180/241/382 2181/241/382 2182/241/382 2183/241/382
f 2074/241/299 2191/241/299 2188/241/299 2069/241/299
f 2007/241/327 2135/241/327 2136/241/327 2010/241/327
f 1958/241/327 2084/241/327 2081/241/327 1953/241/327
f 2011/241/327 2139/241/327 2140/241/327 2014/241/327
f 1962/241/327 2088/241/327 2085/241/327 1957/241/327
f 2015/241/327 2143/241/327 2147/241/327 2018/241/327
f 1966/241/327 2093/241/327 2089/241/327 1961/241/327
f 2019/241/327 2146/241/327 2151/241/327 2022/241/327
f 1970/241/327 2097/241/327 2094/241/327 1965/241/327
f 2023/241/327 2150/241/327 2155/241/327 2026/241/327
f 1974/241/327 2101/241/327 2098/241/327 1969/241/327
f 2027/241/327 2154/241/327 2159/241/327 2030/241/327
f 1976/241/327 2105/241/327 2102/241/327 1973/241/327
f 2031/241/327 2158/241/327 2161/241/327 2033/241/327
f 1983/241/327 2111/241/327 2106/241/327 1979/241/327
f 2034/241/327 2160/241/327 2165/241/327 2037/241/327
f 1987/241/327 2115/241/327 2108/241/327 1982/241/327
f 2210/241/383 2242/241/383 2240/241/383 2208/241/383
f 2195/241/384 2227/241/384 2225/241/384 2192/241/384
f 2197/241/385 2229/241/385 2226/241/385 2194/241/385
f 2216/241/382 2217/241/382 2218/241/382 2219/241/382 2220/241/382 2221/241/382 2222/241/382 2223/241/382 2224/241/382 2225/241/382 2227/241/382 2226/241/382 2229/241/382 2228/241/382 2231/241/382 2230/241/382 2233/241/382 2232/241/382 2235/241/382 2234/241/382 2237/241/382 2236/241/382 2239/241/382 2240/241/382 2242/241/382 2243/241/382 2212/241/382 2213/241/382 2214/241/382 2215/241/382
f 2199/241/386 2231/241/386 2228/241/386 2196/241/386
f 2180/241/387 2212/241/387 2243/241/387 2211/241/387
f 2184/241/388 2216/241/388 2215/241/388 2183/241/388
f 2200/241/389 2233/241/389 2230/241/389 2198/241/389
f 2187/241/390 2185/241/390 2217/241/390 2218/241/390
f 2202/241/390 2235/241/390 2232/241/390 2201/241/390
f 2189/241/391 2220/241/391 2219/241/391 2186/241/391
f 2204/241/392 2237/241/392 2234/241/392 2203/241/392
f 2191/241/393 2222/241/393 2221/241/393 2188/241/393
f 2207/241/394 2239/241/394 2236/241/394 2205/241/394
f 2193/241/395 2224/241/395 2223/241/395 2190/241/395
f 2100/241/284 2204/241/284 2203/241/284 2099/241/284
f 2153/241/396 2230/241/396 2233/241/396 2156/241/396
f 2104/241/286 2207/241/286 2205/241/286 2103/241/286
f 2157/241/397 2232/241/397 2235/241/397 2162/241/397
f 2110/241/288 2209/241/288 2206/241/288 2107/241/288
f 2163/241/398 2234/241/398 2237/241/398 2166/241/398
f 2114/241/290 2210/241/290 2208/241/290 2109/241/290
f 2055/241/289 2180/241/289 2211/241/289 2113/241/289
f 2167/241/399 2236/241/399 2239/241/399 2238/241/399 2170/241/399
f 2118/241/400 2213/241/400 2214/241/400 2122/241/400
f 2066/241/293 2187/241/293 2185/241/293 2061/241/293
f 2171/241/401 2238/241/401 2241/241/401 2174/241/401
f 2062/241/291 2184/241/291 2183/241/291 2057/241/291
f 2070/241/296 2189/241/296 2186/241/296 2065/241/296
f 2175/241/402 2241/241/402 2240/241/402 2242/241/402 2178/241/402
f 2179/241/403 2243/241/403 2212/241/403 2117/241/403
f 2182/241/404 2214/241/404 2213/241/404 2181/241/404
f 2246/241/278 2300/241/278 2302/241/278 2248/241/278
f 2258/241/286 2323/241/286 2327/241/286 2260/241/286
f 2252/241/282 2320/241/282 2293/241/282 2254/241/282
f 2288/241/273 2297/241/273 2305/241/273 2290/241/273
f 2282/241/299 2309/241/299 2311/241/299 2284/241/299
f 2264/241/290 2329/241/290 2333/241/290 2266/241/290
f 2270/241/247 2335/241/247 2339/241/247 2272/241/247
f 2276/241/293 2315/241/293 2317/241/293 2278/241/293
f 1443/241/296 1588/241/296 1580/241/296 1436/241/296
f 1573/241/278 1705/241/278 1701/241/278 1568/241/278
f 1414/241/405 2267/241/405 2332/241/405 1556/241/405
f 1400/241/284 1544/241/284 1541/241/284 1398/241/284
f 1438/241/406 2274/241/406 2277/241/406 1431/241/406
f 1582/241/282 1713/241/282 1710/241/282 1576/241/282
f 1460/241/278 1604/241/278 1608/241/278 1464/241/278
f 1424/241/327 2273/241/327 2338/241/327 1566/241/327
f 1410/241/288 1555/241/288 1551/241/288 1408/241/288
f 1592/241/286 1723/241/286 1718/241/286 1586/241/286
f 1395/241/407 2250/241/407 2253/241/407 1391/241/407
f 1432/241/408 2279/241/408 2316/241/408 1574/241/408
f 1393/241/280 1538/241/280 1530/241/280 1386/241/280
f 1532/241/247 1675/241/247 1669/241/247 1526/241/247
f 1602/241/290 1731/241/290 1724/241/290 1596/241/290
f 1599/241/409 2295/241/409 2287/241/409 1457/241/409
f 1415/241/410 2262/241/410 2265/241/410 1413/241/410
f 1442/241/411 2285/241/411 2310/241/411 1584/241/411
f 1543/241/293 1683/241/293 1676/241/293 1536/241/293
f 1458/241/412 2286/241/412 2289/241/412 1451/241/412
f 1384/241/276 1528/241/276 1600/241/276 1456/241/276
f 1420/241/289 1565/241/289 1561/241/289 1418/241/289
f 1452/241/413 2291/241/413 2304/241/413 1594/241/413
f 1553/241/299 1688/241/299 1684/241/299 1547/241/299
f 1264/241/327 1265/241/327 1266/241/327 1267/241/327
f 1268/241/327 1269/241/327 1270/241/327 1271/241/327
f 1272/241/327 1273/241/327 1274/241/327 1275/241/327
f 1276/241/327 1277/241/327 1278/241/327 1279/241/327
f 1280/241/327 1281/241/327 1282/241/327 1283/241/327
f 1284/241/327 1285/241/327 1286/241/327 1287/241/327
f 1380/241/327 1381/241/327 1382/241/327 1383/241/327 1384/241/327
f 1385/241/327 1386/241/327 1387/241/327 1388/241/327 1389/241/327
f 1390/241/327 1391/241/327 1392/241/327 1393/241/327 1394/241/327
f 1395/241/327 1396/241/327 1397/241/327 1398/241/327 1399/241/327
f 1400/241/327 1401/241/327 1402/241/327 1403/241/327 1404/241/327
f 1405/241/327 1406/241/327 1407/241/327 1408/241/327 1409/241/327
f 1410/241/327 1411/241/327 1412/241/327 1413/241/327 1414/241/327
f 1415/241/327 1416/241/327 1417/241/327 1418/241/327 1419/241/327
f 1420/241/327 1421/241/327 1422/241/327 1423/241/327 1424/241/327
f 1425/241/327 1426/241/327 1427/241/327 1428/241/327 1429/241/327
f 1430/241/327 1431/241/327 1432/241/327 1433/241/327 1434/241/327
f 1435/241/327 1436/241/327 1437/241/327 1438/241/327 1439/241/327
f 1440/241/327 1441/241/327 1442/241/327 1443/241/327 1444/241/327
f 1445/241/327 1446/241/327 1447/241/327 1448/241/327 1449/241/327
f 1450/241/327 1451/241/327 1452/241/327 1453/241/327 1454/241/327
f 1455/241/327 1456/241/327 1457/241/327 1458/241/327 1459/241/327
f 1460/241/327 1461/241/327 1462/241/327 1463/241/327
f 1464/241/327 1465/241/327 1466/241/327 1467/241/327
f 1468/241/327 1469/241/327 1470/241/327 1471/241/327
f 1472/241/327 1473/241/327 1474/241/327 1475/241/327
f 1476/241/327 1477/241/327 1478/241/327 1479/241/327
f 1480/241/327 1481/241/327 1482/241/327 1483/241/327
f 1484/241/327 1485/241/327 1486/241/327 1487/241/327
f 1516/241/327 1517/241/327 1518/241/327 1519/241/327
f 1520/241/327 1521/241/327 1522/241/327 1523/241/327
f 1524/241/327 1525/241/327 1526/241/327 1527/241/327 1528/241/327
f 1529/241/327 1530/241/327 1531/241/327 1532/241/327 1533/241/327
f 1534/241/327 1535/241/327 1536/241/327 1537/241/327 1538/241/327
f 1539/241/327 1540/241/327 1541/241/327 1542/241/327 1543/241/327
f 1544/241/327 1545/241/327 1546/241/327 1547/241/327 1548/241/327
f 1549/241/327 1550/241/327 1551/241/327 1552/241/327 1553/241/327
f 1554/241/327 1555/241/327 1556/241/327 1557/241/327 1558/241/327
f 1559/241/327 1560/241/327 1561/241/327 1562/241/327 1563/241/327
f 1564/241/327 1565/241/327 1566/241/327 1567/241/327 1568/241/327
f 1569/241/327 1570/241/327 1571/241/327 1572/241/327 1573/241/327
f 1574/241/327 1575/241/327 1576/241/327 1577/241/327 1578/241/327
f 1579/241/327 1580/241/327 1581/241/327 1582/241/327 1583/241/327
f 1584/241/327 1585/241/327 1586/241/327 1587/241/327 1588/241/327
f 1589/241/327 1590/241/327 1591/241/327 1592/241/327 1593/241/327
f 1594/241/327 1595/241/327 1596/241/327 1597/241/327 1598/241/327
f 1599/241/327 1600/241/327 1601/241/327 1602/241/327 1603/241/327
f 1604/241/327 1605/241/327 1606/241/327 1607/241/327
f 1608/241/327 1609/241/327 1610/241/327 1611/241/327
f 1612/241/327 1613/241/327 1614/241/327 1615/241/327
f 1616/241/327 1617/241/327 1618/241/327 1619/241/327
f 1620/241/327 1621/241/327 1622/241/327 1623/241/327
f 1624/241/327 1625/241/327 1626/241/327 1627/241/327
f 1628/241/327 1629/241/327 1630/241/327 1631/241/327
f 1632/241/327 1633/241/327 1634/241/327 1635/241/327
f 1636/241/327 1637/241/327 1638/241/327 1639/241/327
f 1640/241/327 1641/241/327 1642/241/327 1643/241/327
f 1644/241/327 1645/241/327 1646/241/327 1647/241/327
f 1648/241/327 1649/241/327 1650/241/327 1651/241/327
f 1652/241/327 1653/241/327 1654/241/327 1655/241/327
f 1656/241/327 1657/241/327 1658/241/327 1659/241/327
f 1660/241/327 1661/241/327 1662/241/327 1663/241/327
f 1664/241/327 1665/241/327 1666/241/327 1667/241/327
f 1668/241/327 1669/241/327 1670/241/327 1671/241/327
f 1672/241/327 1673/241/327 1674/241/327 1675/241/327
f 1676/241/327 1677/241/327 1678/241/327 1679/241/327
f 1680/241/327 1681/241/327 1682/241/327 1683/241/327
f 1684/241/327 1685/241/327 1686/241/327 1687/241/327
f 1688/241/327 1689/241/327 1690/241/327 1691/241/327
f 1692/241/327 1693/241/327 1694/241/327 1695/241/327
f 1696/241/327 1697/241/327 1698/241/327 1699/241/327
f 1700/241/327 1701/241/327 1702/241/327 1703/241/327
f 1704/241/327 1705/241/327 1706/241/327 1707/241/327
f 1708/241/327 1709/241/327 1710/241/327 1711/241/327
f 1712/241/327 1713/241/327 1714/241/327 1715/241/327
f 1716/241/327 1717/241/327 1718/241/327 1719/241/327
f 1720/241/327 1721/241/327 1722/241/327 1723/241/327
f 1724/241/327 1725/241/327 1726/241/327 1727/241/327
f 1728/241/327 1729/241/327 1730/241/327 1731/241/327
f 1732/241/327 1733/241/327 1734/241/327 1735/241/327
f 1736/241/327 1737/241/327 1738/241/327 1739/241/327
f 1740/241/327 1741/241/327 1742/241/327 1743/241/327
f 1744/241/327 1745/241/327 1746/241/327 1747/241/327
f 1748/241/327 1749/241/327 1750/241/327 1751/241/327
f 1752/241/327 1753/241/327 1754/241/327 1755/241/327
f 1756/241/327 1757/241/327 1758/241/327 1759/241/327
f 1760/241/327 1761/241/327 1762/241/327 1763/241/327
f 1764/241/327 1765/241/327 1766/241/327 1767/241/327
f 1768/241/327 1769/241/327 1770/241/327 1771/241/327
f 1772/241/327 1773/241/327 1774/241/327 1775/241/327
f 1776/241/327 1777/241/327 1778/241/327 1779/241/327
f 1780/241/327 1781/241/327 1782/241/327 1783/241/327
f 1784/241/327 1785/241/327 1786/241/327 1787/241/327
f 1788/241/327 1789/241/327 1790/241/327 1791/241/327
f 1792/241/327 1793/241/327 1794/241/327 1795/241/327
f 1796/241/327 1797/241/327 1798/241/327 1799/241/327
f 1800/241/327 1801/241/327 1802/241/327 1803/241/327
f 1804/241/327 1805/241/327 1806/241/327 1807/241/327
f 1808/241/327 1809/241/327 1810/241/327 1811/241/327
f 1812/241/327 1813/241/327 1814/241/327 1815/241/327
f 1816/241/327 1817/241/327 1818/241/327 1819/241/327
f 1820/241/327 1821/241/327 1822/241/327 1823/241/327
f 1824/241/327 1825/241/327 1826/241/327 1827/241/327
f 1828/241/327 1829/241/327 1830/241/327 1831/241/327
f 1832/241/327 1833/241/327 1834/241/327 1835/241/327
f 1836/241/327 1837/241/327 1838/241/327 1839/241/327
f 1840/241/327 1841/241/327 1842/241/327 1843/241/327
f 1844/241/327 1845/241/327 1846/241/327 1847/241/327
f 1848/241/327 1849/241/327 1850/241/327 1851/241/327
f 1852/241/327 1853/241/327 1854/241/327 1855/241/327
f 1856/241/327 1857/241/327 1858/241/327 1859/241/327
f 1860/241/327 1861/241/327 1862/241/327 1863/241/327
f 1864/241/327 1865/241/327 1866/241/327 1867/241/327
f 1868/241/327 1869/241/327 1870/241/327 1871/241/327
f 1872/241/327 1873/241/327 1874/241/327 1875/241/327
f 1876/241/327 1877/241/327 1878/241/327 1879/241/327
f 1880/241/327 1881/241/327 1882/241/327 1883/241/327
f 1884/241/327 1885/241/327 1886/241/327 1887/241/327
f 1888/241/327 1889/241/327 1890/241/327 1891/241/327
f 1892/241/327 1893/241/327 1894/241/327 1895/241/327
f 1896/241/327 1897/241/327 1898/241/327 1899/241/327
f 1900/241/327 1901/241/327 1902/241/327 1903/241/327
f 1904/241/327 1905/241/327 1906/241/327 1907/241/327
f 1908/241/327 1909/241/327 1910/241/327 1911/241/327
f 1912/241/327 1913/241/327 1914/241/327 1915/241/327
f 1916/241/327 1917/241/327 1918/241/327 1919/241/327
f 1920/241/327 1921/241/327 1922/241/327 1923/241/327
f 1924/241/327 1925/241/327 1926/241/327 1927/241/327
f 1928/241/327 1929/241/327 1930/241/327 1931/241/327
f 1932/241/327 1933/241/327 1934/241/327 1935/241/327
f 1936/241/327 1937/241/327 1938/241/327 1939/241/327
f 1940/241/327 1941/241/327 1942/241/327 1943/241/327
f 1944/241/327 1945/241/327 1946/241/327 1947/241/327
f 1948/241/327 1949/241/327 1950/241/327 1951/241/327
f 1952/241/327 1953/241/327 1954/241/327 1955/241/327
f 1956/241/327 1957/241/327 1958/241/327 1959/241/327
f 1960/241/327 1961/241/327 1962/241/327 1963/241/327
f 1964/241/327 1965/241/327 1966/241/327 1967/241/327
f 1968/241/327 1969/241/327 1970/241/327 1971/241/327
f 1972/241/327 1973/241/327 1974/241/327 1975/241/327
f 1976/241/327 1977/241/327 1978/241/327 1979/241/327
f 1980/241/327 1981/241/327 1982/241/327 1983/241/327
f 1984/241/327 1985/241/327 1986/241/327 1987/241/327
f 1988/241/327 1989/241/327 1990/241/327 1991/241/327
f 1992/241/327 1993/241/327 1994/241/327 1995/241/327
f 1996/241/327 1997/241/327 1998/241/327 1999/241/327
f 2000/241/327 2001/241/327 2002/241/327 2003/241/327
f 2004/241/327 2005/241/327 2006/241/327 2007/241/327
f 2008/241/327 2009/241/327 2010/241/327 2011/241/327
f 2012/241/327 2013/241/327 2014/241/327 2015/241/327
f 2016/241/327 2017/241/327 2018/241/327 2019/241/327
f 2020/241/327 2021/241/327 2022/241/327 2023/241/327
f 2024/241/327 2025/241/327 2026/241/327 2027/241/327
f 2028/241/327 2029/241/327 2030/241/327 2031/241/327
f 2032/241/327 2033/241/327 2034/241/327 2035/241/327
f 2036/241/327 2037/241/327 2038/241/327 2039/241/327
f 2040/241/327 2041/241/327 2042/241/327 2043/241/327
f 2044/241/327 2045/241/327 2046/241/327 2047/241/327
f 2048/241/327 2049/241/327 2050/241/327 2051/241/327
f 2052/241/327 2053/241/327 2054/241/327 2055/241/327
f 2056/241/327 2057/241/327 2058/241/327 2059/241/327
f 2060/241/327 2061/241/327 2062/241/327 2063/241/327
f 2064/241/327 2065/241/327 2066/241/327 2067/241/327
f 2068/241/327 2069/241/327 2070/241/327 2071/241/327
f 2072/241/327 2073/241/327 2074/241/327 2075/241/327
f 2076/241/327 2077/241/327 2078/241/327 2079/241/327
f 2080/241/327 2081/241/327 2082/241/327 2083/241/327
f 2084/241/327 2085/241/327 2086/241/327 2087/241/327
f 2088/241/327 2089/241/327 2090/241/327 2091/241/327
f 2092/241/327 2093/241/327 2094/241/327 2095/241/327
f 2096/241/327 2097/241/327 2098/241/327 2099/241/327
f 2100/241/327 2101/241/327 2102/241/327 2103/241/327
f 2104/241/327 2105/241/327 2106/241/327 2107/241/327
f 2108/241/327 2109/241/327 2110/241/327 2111/241/327
f 2112/241/327 2113/241/327 2114/241/327 2115/241/327
f 2116/241/327 2117/241/327 2118/241/327 2119/241/327
f 2120/241/327 2121/241/327 2122/241/327 2123/241/327
f 2124/241/327 2125/241/327 2126/241/327 2127/241/327
f 2128/241/327 2129/241/327 2130/241/327 2131/241/327
f 2132/241/327 2133/241/327 2134/241/327 2135/241/327
f 2136/241/327 2137/241/327 2138/241/327 2139/241/327
f 2140/241/327 2141/241/327 2142/241/327 2143/241/327
f 2144/241/327 2145/241/327 2146/241/327 2147/241/327
f 2148/241/327 2149/241/327 2150/241/327 2151/241/327
f 2152/241/327 2153/241/327 2154/241/327 2155/241/327
f 2156/241/327 2157/241/327 2158/241/327 2159/241/327
f 2160/241/327 2161/241/327 2162/241/327 2163/241/327
f 2164/241/327 2165/241/327 2166/241/327 2167/241/327
f 2168/241/327 2169/241/327 2170/241/327 2171/241/327
f 2172/241/327 2173/241/327 2174/241/327 2175/241/327
f 2176/241/327 2177/241/327 2178/241/327 2179/241/327
f 2244/241/327 2245/241/327 2246/241/327
f 2247/241/327 2248/241/327 2249/241/327
f 2250/241/327 2251/241/327 2252/241/327
f 2253/241/327 2254/241/327 2255/241/327
f 2256/241/327 2257/241/327 2258/241/327
f 2259/241/327 2260/241/327 2261/241/327
f 2262/241/327 2263/241/327 2264/241/327
f 2265/241/327 2266/241/327 2267/241/327
f 2268/241/327 2269/241/327 2270/241/327
f 2271/241/327 2272/241/327 2273/241/327
f 2274/241/327 2275/241/327 2276/241/327
f 2277/241/327 2278/241/327 2279/241/327
f 2280/241/327 2281/241/327 2282/241/327
f 2283/241/327 2284/241/327 2285/241/327
f 2286/241/327 2287/241/327 2288/241/327
f 2289/241/327 2290/241/327 2291/241/327
f 2292/241/327 2293/241/327 2294/241/327
f 2295/241/327 2296/241/327 2297/241/327
f 2298/241/327 2299/241/327 2300/241/327
f 2301/241/327 2302/241/327 2303/241/327
f 2304/241/327 2305/241/327 2306/241/327
f 2307/241/327 2308/241/327 2309/241/327
f 2310/241/327 2311/241/327 2312/241/327
f 2313/241/327 2314/241/327 2315/241/327
f 2316/241/327 2317/241/327 2318/241/327
f 2319/241/327 2320/241/327 2321/241/327
f 2322/241/327 2323/241/327 2324/241/327
f 2325/241/327 2326/241/327 2327/241/327
f 2328/241/327 2329/241/327 2330/241/327
f 2331/241/327 2332/241/327 2333/241/327
f 2334/241/327 2335/241/327 2336/241/327
f 2337/241/327 2338/241/327 2339/241/327
f 1259/241/327 1253/241/327 1252/241/327 1256/241/327
f 1263/241/327 1258/241/327 1257/241/327 1260/241/327
f 1264/241/327 1262/241/327 1261/241/327 1265/241/327
f 1268/241/327 1267/241/327 1266/241/327 1269/241/327
f 1272/241/327 1271/241/327 1270/241/327 1273/241/327
f 1276/241/327 1275/241/327 1274/241/327 1277/241/327
f 1280/241/327 1279/241/327 1278/241/327 1281/241/327
f 1284/241/327 1283/241/327 1282/241/327 1285/241/327
f 1291/241/327 1287/241/327 1286/241/327 1288/241/327
f 1295/241/327 1290/241/327 1289/241/327 1292/241/327
f 1299/241/327 1294/241/327 1293/241/327 1296/241/327
f 1303/241/327 1298/241/327 1297/241/327 1300/241/327
f 1307/241/327 1302/241/327 1301/241/327 1304/241/327
f 1311/241/327 1306/241/327 1305/241/327 1308/241/327
f 1315/241/327 1310/241/327 1309/241/327 1312/241/327
f 1254/241/327 1314/241/327 1313/241/327 1255/241/327
f 1394/241/327 1263/241/327 1262/241/327 1390/241/327
f 1459/241/327 1315/241/327 1314/241/327 1455/241/327
f 1389/241/327 1259/241/327 1258/241/327 1385/241/327
f 1253/241/327 1381/241/327 1380/241/327 1254/241/327
f 1454/241/327 1311/241/327 1310/241/327 1450/241/327
f 1449/241/327 1307/241/327 1306/241/327 1445/241/327
f 1444/241/327 1303/241/327 1302/241/327 1440/241/327
f 1439/241/327 1299/241/327 1298/241/327 1435/241/327
f 1434/241/327 1295/241/327 1294/241/327 1430/241/327
f 1290/241/327 1425/241/327 1429/241/327 1291/241/327
f 1388/241/327 1382/241/327 1381/241/327 1389/241/327
f 1393/241/327 1386/241/327 1385/241/327 1394/241/327
f 1395/241/327 1391/241/327 1390/241/327 1396/241/327
f 1400/241/327 1398/241/327 1397/241/327 1401/241/327
f 1405/241/327 1403/241/327 1402/241/327 1406/241/327
f 1410/241/327 1408/241/327 1407/241/327 1411/241/327
f 1415/241/327 1413/241/327 1412/241/327 1416/241/327
f 1420/241/327 1418/241/327 1417/241/327 1421/241/327
f 1428/241/327 1423/241/327 1422/241/327 1429/241/327
f 1433/241/327 1426/241/327 1425/241/327 1434/241/327
f 1438/241/327 1431/241/327 1430/241/327 1439/241/327
f 1443/241/327 1436/241/327 1435/241/327 1444/241/327
f 1448/241/327 1441/241/327 1440/241/327 1449/241/327
f 1453/241/327 1446/241/327 1445/241/327 1454/241/327
f 1458/241/327 1451/241/327 1450/241/327 1459/241/327
f 1384/241/327 1456/241/327 1455/241/327 1380/241/327
f 1513/241/327 1657/241/327 1656/241/327 1514/241/327
f 1538/241/327 1393/241/327 1392/241/327 1534/241/327
f 1599/241/327 1457/241/327 1456/241/327 1600/241/327
f 1510/241/327 1653/241/327 1652/241/327 1511/241/327
f 1529/241/327 1387/241/327 1386/241/327 1530/241/327
f 1383/241/327 1524/241/327 1528/241/327 1384/241/327
f 1598/241/327 1453/241/327 1452/241/327 1594/241/327
f 1506/241/327 1649/241/327 1648/241/327 1507/241/327
f 1589/241/327 1447/241/327 1446/241/327 1590/241/327
f 1502/241/327 1645/241/327 1644/241/327 1503/241/327
f 1588/241/327 1443/241/327 1442/241/327 1584/241/327
f 1498/241/327 1641/241/327 1640/241/327 1499/241/327
f 1579/241/327 1437/241/327 1436/241/327 1580/241/327
f 1432/241/327 1574/241/327 1578/241/327 1433/241/327
f 1632/241/327 1491/241/327 1490/241/327 1633/241/327
f 1494/241/327 1637/241/327 1636/241/327 1495/241/327
f 1396/241/327 1264/241/327 1267/241/327 1397/241/327
f 1401/241/327 1268/241/327 1271/241/327 1402/241/327
f 1406/241/327 1272/241/327 1275/241/327 1407/241/327
f 1411/241/327 1276/241/327 1279/241/327 1412/241/327
f 1416/241/327 1280/241/327 1283/241/327 1417/241/327
f 1421/241/327 1284/241/327 1287/241/327 1422/241/327
f 1532/241/327 1526/241/327 1525/241/327 1533/241/327
f 1537/241/327 1531/241/327 1530/241/327 1538/241/327
f 1543/241/327 1536/241/327 1535/241/327 1539/241/327
f 1548/241/327 1542/241/327 1541/241/327 1544/241/327
f 1553/241/327 1547/241/327 1546/241/327 1549/241/327
f 1554/241/327 1552/241/327 1551/241/327 1555/241/327
f 1563/241/327 1558/241/327 1557/241/327 1559/241/327
f 1564/241/327 1562/241/327 1561/241/327 1565/241/327
f 1573/241/327 1568/241/327 1567/241/327 1569/241/327
f 1577/241/327 1572/241/327 1571/241/327 1578/241/327
f 1582/241/327 1576/241/327 1575/241/327 1583/241/327
f 1587/241/327 1581/241/327 1580/241/327 1588/241/327
f 1592/241/327 1586/241/327 1585/241/327 1593/241/327
f 1597/241/327 1591/241/327 1590/241/327 1598/241/327
f 1602/241/327 1596/241/327 1595/241/327 1603/241/327
f 1527/241/327 1601/241/327 1600/241/327 1528/241/327
f 1608/241/327 1604/241/327 1607/241/327 1609/241/327
f 1615/241/327 1611/241/327 1610/241/327 1612/241/327
f 1619/241/327 1614/241/327 1613/241/327 1616/241/327
f 1623/241/327 1618/241/327 1617/241/327 1620/241/327
f 1627/241/327 1622/241/327 1621/241/327 1624/241/327
f 1631/241/327 1626/241/327 1625/241/327 1628/241/327
f 1633/241/327 1630/241/327 1629/241/327 1634/241/327
f 1637/241/327 1632/241/327 1635/241/327 1638/241/327
f 1641/241/327 1636/241/327 1639/241/327 1642/241/327
f 1645/241/327 1640/241/327 1643/241/327 1646/241/327
f 1649/241/327 1644/241/327 1647/241/327 1650/241/327
f 1653/241/327 1648/241/327 1651/241/327 1654/241/327
f 1657/241/327 1652/241/327 1655/241/327 1658/241/327
f 1660/241/327 1656/241/327 1659/241/327 1661/241/327
f 1664/241/327 1663/241/327 1662/241/327 1665/241/327
f 1605/241/327 1667/241/327 1666/241/327 1606/241/327
f 1665/241/327 1793/241/327 1792/241/327 1666/241/327
f 1687/241/327 1548/241/327 1547/241/327 1684/241/327
f 1735/241/327 1607/241/327 1606/241/327 1732/241/327
f 1609/241/327 1737/241/327 1736/241/327 1610/241/327
f 1661/241/327 1789/241/327 1788/241/327 1662/241/327
f 1683/241/327 1543/241/327 1542/241/327 1680/241/327
f 1658/241/327 1785/241/327 1784/241/327 1659/241/327
f 1679/241/327 1537/241/327 1536/241/327 1676/241/327
f 1731/241/327 1602/241/327 1601/241/327 1728/241/327
f 1654/241/327 1781/241/327 1780/241/327 1655/241/327
f 1675/241/327 1532/241/327 1531/241/327 1672/241/327
f 1526/241/327 1669/241/327 1668/241/327 1527/241/327
f 1727/241/327 1597/241/327 1596/241/327 1724/241/327
f 1591/241/327 1720/241/327 1723/241/327 1592/241/327
f 1772/241/327 1647/241/327 1646/241/327 1773/241/327
f 1650/241/327 1777/241/327 1776/241/327 1651/241/327
f 1540/241/327 1399/241/327 1398/241/327 1541/241/327
f 1516/241/327 1660/241/327 1663/241/327 1517/241/327
f 1464/241/327 1608/241/327 1611/241/327 1465/241/327
f 1604/241/327 1460/241/327 1463/241/327 1605/241/327
f 1544/241/327 1400/241/327 1404/241/327 1545/241/327
f 1520/241/327 1664/241/327 1667/241/327 1521/241/327
f 1468/241/327 1615/241/327 1614/241/327 1469/241/327
f 1550/241/327 1409/241/327 1408/241/327 1551/241/327
f 1472/241/327 1619/241/327 1618/241/327 1473/241/327
f 1555/241/327 1410/241/327 1414/241/327 1556/241/327
f 1476/241/327 1623/241/327 1622/241/327 1477/241/327
f 1560/241/327 1419/241/327 1418/241/327 1561/241/327
f 1480/241/327 1627/241/327 1626/241/327 1481/241/327
f 1565/241/327 1420/241/327 1424/241/327 1566/241/327
f 1484/241/327 1631/241/327 1630/241/327 1485/241/327
f 1570/241/327 1427/241/327 1426/241/327 1571/241/327
f 1674/241/327 1670/241/327 1669/241/327 1675/241/327
f 1678/241/327 1673/241/327 1672/241/327 1679/241/327
f 1682/241/327 1677/241/327 1676/241/327 1683/241/327
f 1686/241/327 1681/241/327 1680/241/327 1687/241/327
f 1691/241/327 1685/241/327 1684/241/327 1688/241/327
f 1695/241/327 1690/241/327 1689/241/327 1692/241/327
f 1699/241/327 1694/241/327 1693/241/327 1696/241/327
f 1703/241/327 1698/241/327 1697/241/327 1700/241/327
f 1704/241/327 1702/241/327 1701/241/327 1705/241/327
f 1708/241/327 1707/241/327 1706/241/327 1709/241/327
f 1712/241/327 1711/241/327 1710/241/327 1713/241/327
f 1716/241/327 1715/241/327 1714/241/327 1717/241/327
f 1722/241/327 1719/241/327 1718/241/327 1723/241/327
f 1726/241/327 1721/241/327 1720/241/327 1727/241/327
f 1730/241/327 1725/241/327 1724/241/327 1731/241/327
f 1671/241/327 1729/241/327 1728/241/327 1668/241/327
f 1737/241/327 1735/241/327 1734/241/327 1738/241/327
f 1740/241/327 1736/241/327 1739/241/327 1741/241/327
f 1744/241/327 1743/241/327 1742/241/327 1745/241/327
f 1748/241/327 1747/241/327 1746/241/327 1749/241/327
f 1752/241/327 1751/241/327 1750/241/327 1753/241/327
f 1759/241/327 1755/241/327 1754/241/327 1756/241/327
f 1763/241/327 1758/241/327 1757/241/327 1760/241/327
f 1767/241/327 1762/241/327 1761/241/327 1764/241/327
f 1771/241/327 1766/241/327 1765/241/327 1768/241/327
f 1773/241/327 1770/241/327 1769/241/327 1774/241/327
f 1777/241/327 1772/241/327 1775/241/327 1778/241/327
f 1781/241/327 1776/241/327 1779/241/327 1782/241/327
f 1785/241/327 1780/241/327 1783/241/327 1786/241/327
f 1789/241/327 1784/241/327 1787/241/327 1790/241/327
f 1793/241/327 1788/241/327 1791/241/327 1794/241/327
f 1732/241/327 1792/241/327 1795/241/327 1733/241/327
f 1831/241/327 1703/241/327 1702/241/327 1828/241/327
f 1753/241/327 1881/241/327 1880/241/327 1754/241/327
f 1827/241/327 1699/241/327 1698/241/327 1824/241/327
f 1749/241/327 1877/241/327 1876/241/327 1750/241/327
f 1823/241/327 1695/241/327 1694/241/327 1820/241/327
f 1745/241/327 1873/241/327 1872/241/327 1746/241/327
f 1819/241/327 1691/241/327 1690/241/327 1816/241/327
f 1741/241/327 1869/241/327 1868/241/327 1742/241/327
f 1794/241/327 1921/241/327 1920/241/327 1795/241/327
f 1815/241/327 1686/241/327 1685/241/327 1812/241/327
f 1863/241/327 1734/241/327 1733/241/327 1860/241/327
f 1738/241/327 1865/241/327 1864/241/327 1739/241/327
f 1912/241/327 1787/241/327 1786/241/327 1913/241/327
f 1790/241/327 1917/241/327 1916/241/327 1791/241/327
f 1811/241/327 1682/241/327 1681/241/327 1808/241/327
f 1677/241/327 1804/241/327 1807/241/327 1678/241/327
f 1612/241/327 1740/241/327 1743/241/327 1613/241/327
f 1688/241/327 1553/241/327 1552/241/327 1689/241/327
f 1616/241/327 1744/241/327 1747/241/327 1617/241/327
f 1692/241/327 1554/241/327 1558/241/327 1693/241/327
f 1620/241/327 1748/241/327 1751/241/327 1621/241/327
f 1696/241/327 1563/241/327 1562/241/327 1697/241/327
f 1624/241/327 1752/241/327 1755/241/327 1625/241/327
f 1700/241/327 1564/241/327 1568/241/327 1701/241/327
f 1628/241/327 1759/241/327 1758/241/327 1629/241/327
f 1705/241/327 1573/241/327 1572/241/327 1706/241/327
f 1634/241/327 1763/241/327 1762/241/327 1635/241/327
f 1709/241/327 1577/241/327 1576/241/327 1710/241/327
f 1638/241/327 1767/241/327 1766/241/327 1639/241/327
f 1713/241/327 1582/241/327 1581/241/327 1714/241/327
f 1642/241/327 1771/241/327 1770/241/327 1643/241/327
f 1717/241/327 1587/241/327 1586/241/327 1718/241/327
f 1800/241/327 1796/241/327 1799/241/327 1801/241/327
f 1806/241/327 1803/241/327 1802/241/327 1807/241/327
f 1810/241/327 1805/241/327 1804/241/327 1811/241/327
f 1814/241/327 1809/241/327 1808/241/327 1815/241/327
f 1818/241/327 1813/241/327 1812/241/327 1819/241/327
f 1822/241/327 1817/241/327 1816/241/327 1823/241/327
f 1826/241/327 1821/241/327 1820/241/327 1827/241/327
f 1830/241/327 1825/241/327 1824/241/327 1831/241/327
f 1835/241/327 1829/241/327 1828/241/327 1832/241/327
f 1839/241/327 1834/241/327 1833/241/327 1836/241/327
f 1843/241/327 1838/241/327 1837/241/327 1840/241/327
f 1847/241/327 1842/241/327 1841/241/327 1844/241/327
f 1848/241/327 1846/241/327 1845/241/327 1849/241/327
f 1852/241/327 1851/241/327 1850/241/327 1853/241/327
f 1856/241/327 1855/241/327 1854/241/327 1857/241/327
f 1797/241/327 1859/241/327 1858/241/327 1798/241/327
f 1865/241/327 1863/241/327 1862/241/327 1866/241/327
f 1869/241/327 1864/241/327 1867/241/327 1870/241/327
f 1873/241/327 1868/241/327 1871/241/327 1874/241/327
f 1877/241/327 1872/241/327 1875/241/327 1878/241/327
f 1881/241/327 1876/241/327 1879/241/327 1882/241/327
f 1884/241/327 1880/241/327 1883/241/327 1885/241/327
f 1888/241/327 1887/241/327 1886/241/327 1889/241/327
f 1892/241/327 1891/241/327 1890/241/327 1893/241/327
f 1896/241/327 1895/241/327 1894/241/327 1897/241/327
f 1900/241/327 1899/241/327 1898/241/327 1901/241/327
f 1907/241/327 1903/241/327 1902/241/327 1904/241/327
f 1911/241/327 1906/241/327 1905/241/327 1908/241/327
f 1913/241/327 1910/241/327 1909/241/327 1914/241/327
f 1917/241/327 1912/241/327 1915/241/327 1918/241/327
f 1921/241/327 1916/241/327 1919/241/327 1922/241/327
f 1860/241/327 1920/241/327 1923/241/327 1861/241/327
f 1901/241/327 2029/241/327 2028/241/327 1902/241/327
f 1975/241/327 1847/241/327 1846/241/327 1972/241/327
f 1897/241/327 2025/241/327 2024/241/327 1898/241/327
f 1971/241/327 1843/241/327 1842/241/327 1968/241/327
f 1893/241/327 2021/241/327 2020/241/327 1894/241/327
f 1967/241/327 1839/241/327 1838/241/327 1964/241/327
f 1889/241/327 2017/241/327 2016/241/327 1890/241/327
f 1963/241/327 1835/241/327 1834/241/327 1960/241/327
f 1885/241/327 2013/241/327 2012/241/327 1886/241/327
f 1959/241/327 1830/241/327 1829/241/327 1956/241/327
f 1882/241/327 2009/241/327 2008/241/327 1883/241/327
f 1955/241/327 1826/241/327 1825/241/327 1952/241/327
f 2000/241/327 1875/241/327 1874/241/327 2001/241/327
f 1878/241/327 2005/241/327 2004/241/327 1879/241/327
f 1951/241/327 1822/241/327 1821/241/327 1948/241/327
f 1817/241/327 1944/241/327 1947/241/327 1818/241/327
f 1756/241/327 1884/241/327 1887/241/327 1757/241/327
f 1832/241/327 1704/241/327 1707/241/327 1833/241/327
f 1760/241/327 1888/241/327 1891/241/327 1761/241/327
f 1836/241/327 1708/241/327 1711/241/327 1837/241/327
f 1764/241/327 1892/241/327 1895/241/327 1765/241/327
f 1840/241/327 1712/241/327 1715/241/327 1841/241/327
f 1768/241/327 1896/241/327 1899/241/327 1769/241/327
f 1844/241/327 1716/241/327 1719/241/327 1845/241/327
f 1774/241/327 1900/241/327 1903/241/327 1775/241/327
f 1849/241/327 1722/241/327 1721/241/327 1850/241/327
f 1778/241/327 1907/241/327 1906/241/327 1779/241/327
f 1853/241/327 1726/241/327 1725/241/327 1854/241/327
f 1670/241/327 1799/241/327 1798/241/327 1671/241/327
f 1801/241/327 1674/241/327 1673/241/327 1802/241/327
f 1782/241/327 1911/241/327 1910/241/327 1783/241/327
f 1857/241/327 1730/241/327 1729/241/327 1858/241/327
f 1931/241/327 1925/241/327 1924/241/327 1928/241/327
f 1935/241/327 1930/241/327 1929/241/327 1932/241/327
f 1939/241/327 1934/241/327 1933/241/327 1936/241/327
f 1943/241/327 1938/241/327 1937/241/327 1940/241/327
f 1946/241/327 1942/241/327 1941/241/327 1947/241/327
f 1950/241/327 1945/241/327 1944/241/327 1951/241/327
f 1954/241/327 1949/241/327 1948/241/327 1955/241/327
f 1958/241/327 1953/241/327 1952/241/327 1959/241/327
f 1962/241/327 1957/241/327 1956/241/327 1963/241/327
f 1966/241/327 1961/241/327 1960/241/327 1967/241/327
f 1970/241/327 1965/241/327 1964/241/327 1971/241/327
f 1974/241/327 1969/241/327 1968/241/327 1975/241/327
f 1976/241/327 1973/241/327 1972/241/327 1977/241/327
f 1983/241/327 1979/241/327 1978/241/327 1980/241/327
f 1987/241/327 1982/241/327 1981/241/327 1984/241/327
f 1926/241/327 1986/241/327 1985/241/327 1927/241/327
f 1992/241/327 1988/241/327 1991/241/327 1993/241/327
f 1996/241/327 1995/241/327 1994/241/327 1997/241/327
f 2001/241/327 1999/241/327 1998/241/327 2002/241/327
f 2005/241/327 2000/241/327 2003/241/327 2006/241/327
f 2009/241/327 2004/241/327 2007/241/327 2010/241/327
f 2013/241/327 2008/241/327 2011/241/327 2014/241/327
f 2017/241/327 2012/241/327 2015/241/327 2018/241/327
f 2021/241/327 2016/241/327 2019/241/327 2022/241/327
f 2025/241/327 2020/241/327 2023/241/327 2026/241/327
f 2029/241/327 2024/241/327 2027/241/327 2030/241/327
f 2032/241/327 2028/241/327 2031/241/327 2033/241/327
f 2036/241/327 2035/241/327 2034/241/327 2037/241/327
f 2040/241/327 2039/241/327 2038/241/327 2041/241/327
f 2044/241/327 2043/241/327 2042/241/327 2045/241/327
f 2048/241/327 2047/241/327 2046/241/327 2049/241/327
f 1989/241/327 2051/241/327 2050/241/327 1990/241/327
f 2075/241/327 1946/241/327 1945/241/327 2072/241/327
f 1997/241/327 2125/241/327 2124/241/327 1998/241/327
f 2049/241/327 2177/241/327 2176/241/327 2050/241/327
f 2071/241/327 1943/241/327 1942/241/327 2068/241/327
f 2119/241/327 1991/241/327 1990/241/327 2116/241/327
f 1993/241/327 2121/241/327 2120/241/327 1994/241/327
f 2045/241/327 2173/241/327 2172/241/327 2046/241/327
f 2067/241/327 1939/241/327 1938/241/327 2064/241/327
f 2041/241/327 2169/241/327 2168/241/327 2042/241/327
f 2063/241/327 1935/241/327 1934/241/327 2060/241/327
f 2115/241/327 1987/241/327 1986/241/327 2112/241/327
f 1982/241/327 2108/241/327 2111/241/327 1983/241/327
f 2160/241/327 2034/241/327 2033/241/327 2161/241/327
f 2037/241/327 2165/241/327 2164/241/327 2038/241/327
f 2059/241/327 1931/241/327 1930/241/327 2056/241/327
f 1925/241/327 2053/241/327 2052/241/327 1926/241/327
f 1977/241/327 1848/241/327 1851/241/327 1978/241/327
f 1904/241/327 2032/241/327 2035/241/327 1905/241/327
f 1980/241/327 1852/241/327 1855/241/327 1981/241/327
f 1796/241/327 1924/241/327 1927/241/327 1797/241/327
f 1928/241/327 1800/241/327 1803/241/327 1929/241/327
f 1908/241/327 2036/241/327 2039/241/327 1909/241/327
f 1984/241/327 1856/241/327 1859/241/327 1985/241/327
f 1932/241/327 1806/241/327 1805/241/327 1933/241/327
f 1914/241/327 2040/241/327 2043/241/327 1915/241/327
f 1936/241/327 1810/241/327 1809/241/327 1937/241/327
f 1918/241/327 2044/241/327 2047/241/327 1919/241/327
f 1866/241/327 1992/241/327 1995/241/327 1867/241/327
f 1988/241/327 1862/241/327 1861/241/327 1989/241/327
f 1940/241/327 1814/241/327 1813/241/327 1941/241/327
f 1922/241/327 2048/241/327 2051/241/327 1923/241/327
f 1870/241/327 1996/241/327 1999/241/327 1871/241/327
f 2058/241/327 2054/241/327 2053/241/327 2059/241/327
f 2062/241/327 2057/241/327 2056/241/327 2063/241/327
f 2066/241/327 2061/241/327 2060/241/327 2067/241/327
f 2070/241/327 2065/241/327 2064/241/327 2071/241/327
f 2074/241/327 2069/241/327 2068/241/327 2075/241/327
f 2079/241/327 2073/241/327 2072/241/327 2076/241/327
f 2083/241/327 2078/241/327 2077/241/327 2080/241/327
f 2087/241/327 2082/241/327 2081/241/327 2084/241/327
f 2091/241/327 2086/241/327 2085/241/327 2088/241/327
f 2092/241/327 2090/241/327 2089/241/327 2093/241/327
f 2096/241/327 2095/241/327 2094/241/327 2097/241/327
f 2100/241/327 2099/241/327 2098/241/327 2101/241/327
f 2104/241/327 2103/241/327 2102/241/327 2105/241/327
f 2110/241/327 2107/241/327 2106/241/327 2111/241/327
f 2114/241/327 2109/241/327 2108/241/327 2115/241/327
f 2055/241/327 2113/241/327 2112/241/327 2052/241/327
f 2121/241/327 2119/241/327 2118/241/327 2122/241/327
f 2125/241/327 2120/241/327 2123/241/327 2126/241/327
f 2128/241/327 2124/241/327 2127/241/327 2129/241/327
f 2132/241/327 2131/241/327 2130/241/327 2133/241/327
f 2136/241/327 2135/241/327 2134/241/327 2137/241/327
f 2140/241/327 2139/241/327 2138/241/327 2141/241/327
f 2147/241/327 2143/241/327 2142/241/327 2144/241/327
f 2151/241/327 2146/241/327 2145/241/327 2148/241/327
f 2155/241/327 2150/241/327 2149/241/327 2152/241/327
f 2159/241/327 2154/241/327 2153/241/327 2156/241/327
f 2161/241/327 2158/241/327 2157/241/327 2162/241/327
f 2165/241/327 2160/241/327 2163/241/327 2166/241/327
f 2169/241/327 2164/241/327 2167/241/327 2170/241/327
f 2173/241/327 2168/241/327 2171/241/327 2174/241/327
f 2177/241/327 2172/241/327 2175/241/327 2178/241/327
f 2116/241/327 2176/241/327 2179/241/327 2117/241/327
f 2199/241/327 2091/241/327 2090/241/327 2198/241/327
f 2141/241/327 2224/241/327 2225/241/327 2142/241/327
f 2197/241/327 2087/241/327 2086/241/327 2196/241/327
f 2137/241/327 2222/241/327 2223/241/327 2138/241/327
f 2195/241/327 2083/241/327 2082/241/327 2194/241/327
f 2133/241/327 2220/241/327 2221/241/327 2134/241/327
f 2193/241/327 2079/241/327 2078/241/327 2192/241/327
f 2129/241/327 2218/241/327 2219/241/327 2130/241/327
f 2117/241/327 2212/241/327 2213/241/327 2118/241/327
f 2191/241/327 2074/241/327 2073/241/327 2190/241/327
f 2215/241/327 2123/241/327 2122/241/327 2214/241/327
f 2126/241/327 2216/241/327 2217/241/327 2127/241/327
f 2241/241/327 2175/241/327 2174/241/327 2240/241/327
f 2178/241/327 2242/241/327 2243/241/327 2179/241/327
f 2189/241/327 2070/241/327 2069/241/327 2188/241/327
f 2065/241/327 2186/241/327 2187/241/327 2066/241/327
f 2002/241/327 2128/241/327 2131/241/327 2003/241/327
f 2076/241/327 1950/241/327 1949/241/327 2077/241/327
f 2006/241/327 2132/241/327 2135/241/327 2007/241/327
f 2080/241/327 1954/241/327 1953/241/327 2081/241/327
f 2010/241/327 2136/241/327 2139/241/327 2011/241/327
f 2084/241/327 1958/241/327 1957/241/327 2085/241/327
f 2014/241/327 2140/241/327 2143/241/327 2015/241/327
f 2088/241/327 1962/241/327 1961/241/327 2089/241/327
f 2018/241/327 2147/241/327 2146/241/327 2019/241/327
f 2093/241/327 1966/241/327 1965/241/327 2094/241/327
f 2022/241/327 2151/241/327 2150/241/327 2023/241/327
f 2097/241/327 1970/241/327 1969/241/327 2098/241/327
f 2026/241/327 2155/241/327 2154/241/327 2027/241/327
f 2101/241/327 1974/241/327 1973/241/327 2102/241/327
f 2030/241/327 2159/241/327 2158/241/327 2031/241/327
f 2105/241/327 1976/241/327 1979/241/327 2106/241/327
f 2208/241/327 2207/241/327 2206/241/327 2209/241/327
f 2240/241/327 2239/241/327 2238/241/327 2241/241/327
f 2205/241/327 2236/241/327 2237/241/327 2204/241/327
f 2190/241/327 2223/241/327 2222/241/327 2191/241/327
f 2224/241/327 2193/241/327 2192/241/327 2225/241/327
f 2227/241/327 2195/241/327 2194/241/327 2226/241/327
f 2242/241/327 2210/241/327 2211/241/327 2243/241/327
f 2229/241/327 2197/241/327 2196/241/327 2228/241/327
f 2181/241/327 2213/241/327 2212/241/327 2180/241/327
f 2214/241/327 2182/241/327 2183/241/327 2215/241/327
f 2231/241/327 2199/241/327 2198/241/327 2230/241/327
f 2216/241/327 2184/241/327 2185/241/327 2217/241/327
f 2233/241/327 2200/241/327 2201/241/327 2232/241/327
f 2218/241/327 2187/241/327 2186/241/327 2219/241/327
f 2235/241/327 2202/241/327 2203/241/327 2234/241/327
f 2220/241/327 2189/241/327 2188/241/327 2221/241/327
f 2144/241/327 2227/241/327 2226/241/327 2145/241/327
f 2200/241/327 2092/241/327 2095/241/327 2201/241/327
f 2148/241/327 2229/241/327 2228/241/327 2149/241/327
f 2202/241/327 2096/241/327 2099/241/327 2203/241/327
f 2152/241/327 2231/241/327 2230/241/327 2153/241/327
f 2204/241/327 2100/241/327 2103/241/327 2205/241/327
f 2156/241/327 2233/241/327 2232/241/327 2157/241/327
f 2162/241/327 2235/241/327 2234/241/327 2163/241/327
f 2209/241/327 2110/241/327 2109/241/327 2208/241/327
f 2054/241/327 2181/241/327 2180/241/327 2055/241/327
f 2182/241/327 2058/241/327 2057/241/327 2183/241/327
f 2166/241/327 2237/241/327 2236/241/327 2167/241/327
f 2210/241/327 2114/241/327 2113/241/327 2211/241/327
f 2184/241/327 2062/241/327 2061/241/327 2185/241/327
f 2170/241/327 2238/241/327 2239/241/327 2171/241/327
f 2246/241/327 2248/241/327 2247/241/327 2244/241/327
f 2252/241/327 2254/241/327 2253/241/327 2250/241/327
f 2258/241/327 2260/241/327 2259/241/327 2256/241/327
f 2264/241/327 2266/241/327 2265/241/327 2262/241/327
f 2270/241/327 2272/241/327 2271/241/327 2268/241/327
f 2276/241/327 2278/241/327 2277/241/327 2274/241/327
f 2282/241/327 2284/241/327 2283/241/327 2280/241/327
f 2288/241/327 2290/241/327 2289/241/327 2286/241/327
f 2292/241/327 2255/241/327 2254/241/327 2293/241/327
f 2297/241/327 2288/241/327 2287/241/327 2295/241/327
f 2300/241/327 2246/241/327 2245/241/327 2298/241/327
f 2248/241/327 2302/241/327 2301/241/327 2249/241/327
f 2304/241/327 2291/241/327 2290/241/327 2305/241/327
f 2309/241/327 2282/241/327 2281/241/327 2307/241/327
f 2310/241/327 2285/241/327 2284/241/327 2311/241/327
f 2315/241/327 2276/241/327 2275/241/327 2313/241/327
f 2278/241/327 2317/241/327 2316/241/327 2279/241/327
f 2299/241/327 2303/241/327 2302/241/327 2300/241/327
f 2319/241/327 2294/241/327 2293/241/327 2320/241/327
f 2322/241/327 2325/241/327 2327/241/327 2323/241/327
f 2328/241/327 2331/241/327 2333/241/327 2329/241/327
f 2334/241/327 2337/241/327 2339/241/327 2335/241/327
f 2314/241/327 2318/241/327 2317/241/327 2315/241/327
f 2308/241/327 2312/241/327 2311/241/327 2309/241/327
f 2296/241/327 2306/241/327 2305/241/327 2297/241/327
f 2320/241/327 2252/241/327 2251/241/327 2321/241/327
f 2326/241/327 2261/241/327 2260/241/327 2327/241/327
f 2323/241/327 2258/241/327 2257/241/327 2324/241/327
f 2332/241/327 2267/241/327 2266/241/327 2333/241/327
f 2329/241/327 2264/241/327 2263/241/327 2330/241/327
f 2338/241/327 2273/241/327 2272/241/327 2339/241/327
f 2335/241/327 2270/241/327 2269/241/327 2336/241/327
f 1584/241/327 2310/241/327 2312/241/327 1585/241/327
f 2285/241/327 1442/241/327 1441/241/327 2283/241/327
f 1391/241/327 2253/241/327 2255/241/327 1392/241/327
f 2250/241/327 1395/241/327 1399/241/327 2251/241/327
f 1419/241/327 2263/241/327 2262/241/327 1415/241/327
f 2330/241/327 1560/241/327 1559/241/327 2328/241/327
f 2331/241/327 1557/241/327 1556/241/327 2332/241/327
f 1437/241/327 2275/241/327 2274/241/327 1438/241/327
f 2313/241/327 1579/241/327 1583/241/327 2314/241/327
f 1403/241/327 2259/241/327 2261/241/327 1404/241/327
f 2256/241/327 1405/241/327 1409/241/327 2257/241/327
f 1566/241/327 2338/241/327 2337/241/327 1567/241/327
f 2273/241/327 1424/241/327 1423/241/327 2271/241/327
f 2321/241/327 1540/241/327 1539/241/327 2319/241/327
f 1574/241/327 2316/241/327 2318/241/327 1575/241/327
f 2279/241/327 1432/241/327 1431/241/327 2277/241/327
f 1569/241/327 2334/241/327 2336/241/327 1570/241/327
f 1413/241/327 2265/241/327 2267/241/327 1414/241/327
f 1534/241/327 2292/241/327 2294/241/327 1535/241/327
f 1427/241/327 2269/241/327 2268/241/327 1428/241/327
f 1457/241/327 2287/241/327 2286/241/327 1458/241/327
f 2295/241/327 1599/241/327 1603/241/327 2296/241/327
f 1545/241/327 2326/241/327 2325/241/327 1546/241/327
f 1593/241/327 2308/241/327 2307/241/327 1589/241/327
f 1387/241/327 2245/241/327 2244/241/327 1388/241/327
f 2298/241/327 1529/241/327 1533/241/327 2299/241/327
f 1524/241/327 2301/241/327 2303/241/327 1525/241/327
f 2249/241/327 1383/241/327 1382/241/327 2247/241/327
f 2306/241/327 1595/241/327 1594/241/327 2304/241/327
f 2291/241/327 1452/241/327 1451/241/327 2289/241/327
f 2324/241/327 1550/241/327 1549/241/327 2322/241/327
f 2280/241/327 1448/241/327 1447/241/327 2281/241/327
o Wheel.001
v -0.565924 -0.454229 2.015165
v -0.565924 -0.454229 2.015165
v -0.565924 -0.454229 2.015165
v -0.565924 -0.454229 2.015165
v -0.566121 -0.369513 1.998315
v -0.566121 -0.369513 1.998315
v -0.566121 -0.369513 1.998315
v -0.566121 -0.369513 1.998315
v -0.566684 -0.297695 1.950333
v -0.566684 -0.297695 1.950333
v -0.566684 -0.297695 1.950333
v -0.566684 -0.297695 1.950333
v -0.567525 -0.249708 1.878523
v -0.567525 -0.249708 1.878523
v -0.567525 -0.249708 1.878523
v -0.567525 -0.249708 1.878523
v -0.568518 -0.232857 1.793817
v -0.568518 -0.232857 1.793817
v -0.568518 -0.232857 1.793817
v -0.568518 -0.232857 1.793817
v -0.569511 -0.249708 1.709110
v -0.569511 -0.249708 1.709110
v -0.569511 -0.249708 1.709110
v -0.569511 -0.249708 1.709110
v -0.570352 -0.297695 1.637300
v -0.570352 -0.297695 1.637300
v -0.570352 -0.297695 1.637300
v -0.570352 -0.297695 1.637300
v -0.570915 -0.369513 1.589318
v -0.570915 -0.369513 1.589318
v -0.570915 -0.369513 1.589318
v -0.570915 -0.369513 1.589318
v -0.571112 -0.454229 1.572469
v -0.571112 -0.454229 1.572469
v -0.571112 -0.454229 1.572469
v -0.571112 -0.454229 1.572469
v -0.570915 -0.538944 1.589318
v -0.570915 -0.538944 1.589318
v -0.570915 -0.538944 1.589318
v -0.570915 -0.538944 1.589318
v -0.570352 -0.610763 1.637300
v -0.570352 -0.610763 1.637300
v -0.570352 -0.610763 1.637300
v -0.570352 -0.610763 1.637300
v -0.569511 -0.658750 1.709110
v -0.569511 -0.658750 1.709110
v -0.569511 -0.658750 1.709110
v -0.569511 -0.658750 1.709110
v -0.568518 -0.675601 1.793817
v -0.568518 -0.675601 1.793817
v -0.568518 -0.675601 1.793817
v -0.568518 -0.675601 1.793817
v -0.567525 -0.658750 1.878523
v -0.567525 -0.658750 1.878523
v -0.567525 -0.658750 1.878523
v -0.567525 -0.658750 1.878523
v -0.566684 -0.610763 1.950333
v -0.566684 -0.610763 1.950333
v -0.566684 -0.610763 1.950333
v -0.566684 -0.610763 1.950333
v -0.566121 -0.538944 1.998316
v -0.566121 -0.538944 1.998316
v -0.566121 -0.538944 1.998316
v -0.566121 -0.538944 1.998316
v -0.445591 -0.454229 2.013754
v -0.445591 -0.454229 2.013754
v -0.445591 -0.454229 2.013754
v -0.445591 -0.454229 2.013754
v -0.445788 -0.369513 1.996905
v -0.445788 -0.369513 1.996905
v -0.445788 -0.369513 1.996905
v -0.445788 -0.369513 1.996905
v -0.446350 -0.297695 1.948923
v -0.446350 -0.297695 1.948923
v -0.446350 -0.297695 1.948923
v -0.446350 -0.297695 1.948923
v -0.447192 -0.249708 1.877113
v -0.447192 -0.249708 1.877113
v -0.447192 -0.249708 1.877113
v -0.447192 -0.249708 1.877113
v -0.448185 -0.232857 1.792406
v -0.448185 -0.232857 1.792406
v -0.448185 -0.232857 1.792406
v -0.448185 -0.232857 1.792406
v -0.449177 -0.249708 1.707700
v -0.449177 -0.249708 1.707700
v -0.449177 -0.249708 1.707700
v -0.449177 -0.249708 1.707700
v -0.450019 -0.297695 1.635890
v -0.450019 -0.297695 1.635890
v -0.450019 -0.297695 1.635890
v -0.450019 -0.297695 1.635890
v -0.450581 -0.369513 1.587908
v -0.450581 -0.369513 1.587908
v -0.450581 -0.369513 1.587908
v -0.450581 -0.369513 1.587908
v -0.450779 -0.454229 1.571058
v -0.450779 -0.454229 1.571058
v -0.450779 -0.454229 1.571058
v -0.450779 -0.454229 1.571058
v -0.450581 -0.538944 1.587908
v -0.450581 -0.538944 1.587908
v -0.450581 -0.538944 1.587908
v -0.450581 -0.538944 1.587908
v -0.450019 -0.610763 1.635890
v -0.450019 -0.610763 1.635890
v -0.450019 -0.610763 1.635890
v -0.450019 -0.610763 1.635890
v -0.449177 -0.658750 1.707700
v -0.449177 -0.658750 1.707700
v -0.449177 -0.658750 1.707700
v -0.449177 -0.658750 1.707700
v -0.448185 -0.675601 1.792406
v -0.448185 -0.675601 1.792406
v -0.448185 -0.675601 1.792406
v -0.448185 -0.675601 1.792406
v -0.447192 -0.658750 1.877113
v -0.447192 -0.658750 1.877113
v -0.447192 -0.658750 1.877113
v -0.447192 -0.658750 1.877113
v -0.446350 -0.610763 1.948923
v -0.446350 -0.610763 1.948923
v -0.446350 -0.610763 1.948923
v -0.446350 -0.610763 1.948923
v -0.445788 -0.538944 1.996905
v -0.445788 -0.538944 1.996905
v -0.445788 -0.538944 1.996905
v -0.445788 -0.538944 1.996905
v -0.574794 -0.454229 1.947677
v -0.574794 -0.454229 1.947677
v -0.574794 -0.454229 1.947677
v -0.574794 -0.454229 1.947677
v -0.574931 -0.395379 1.935972
v -0.574931 -0.395379 1.935972
v -0.574931 -0.395379 1.935972
v -0.574931 -0.395379 1.935972
v -0.575321 -0.345488 1.902640
v -0.575321 -0.345488 1.902640
v -0.575321 -0.345488 1.902640
v -0.575321 -0.345488 1.902640
v -0.575906 -0.312152 1.852755
v -0.575906 -0.312152 1.852755
v -0.575906 -0.312152 1.852755
v -0.575906 -0.312152 1.852755
v -0.576596 -0.300446 1.793911
v -0.576596 -0.300446 1.793911
v -0.576596 -0.300446 1.793911
v -0.576596 -0.300446 1.793911
v -0.577285 -0.312152 1.735068
v -0.577285 -0.312152 1.735068
v -0.577285 -0.312152 1.735068
v -0.577285 -0.312152 1.735068
v -0.577870 -0.345488 1.685183
v -0.577870 -0.345488 1.685183
v -0.577870 -0.345488 1.685183
v -0.577870 -0.345488 1.685183
v -0.578260 -0.395379 1.651850
v -0.578260 -0.395379 1.651850
v -0.578260 -0.395379 1.651850
v -0.578260 -0.395379 1.651850
v -0.578398 -0.454229 1.640146
v -0.578398 -0.454229 1.640146
v -0.578398 -0.454229 1.640146
v -0.578398 -0.454229 1.640146
v -0.578260 -0.513079 1.651850
v -0.578260 -0.513079 1.651850
v -0.578260 -0.513079 1.651850
v -0.578260 -0.513079 1.651850
v -0.577870 -0.562970 1.685182
v -0.577870 -0.562970 1.685182
v -0.577870 -0.562970 1.685182
v -0.577870 -0.562970 1.685182
v -0.577285 -0.596306 1.735068
v -0.577285 -0.596306 1.735068
v -0.577285 -0.596306 1.735068
v -0.577285 -0.596306 1.735068
v -0.576596 -0.608012 1.793911
v -0.576596 -0.608012 1.793911
v -0.576596 -0.608012 1.793911
v -0.576596 -0.608012 1.793911
v -0.575906 -0.596306 1.852755
v -0.575906 -0.596306 1.852755
v -0.575906 -0.596306 1.852755
v -0.575906 -0.596306 1.852755
v -0.575321 -0.562970 1.902640
v -0.575321 -0.562970 1.902640
v -0.575321 -0.562970 1.902640
v -0.575321 -0.562970 1.902640
v -0.574931 -0.513079 1.935972
v -0.574931 -0.513079 1.935972
v -0.574931 -0.513079 1.935972
v -0.574931 -0.513079 1.935972
v -0.439206 -0.454229 1.946088
v -0.439206 -0.454229 1.946088
v -0.439206 -0.454229 1.946088
v -0.439206 -0.454229 1.946088
v -0.439344 -0.395379 1.934383
v -0.439344 -0.395379 1.934383
v -0.439344 -0.395379 1.934383
v -0.439344 -0.395379 1.934383
v -0.439734 -0.345488 1.901051
v -0.439734 -0.345488 1.901051
v -0.439734 -0.345488 1.901051
v -0.439734 -0.345488 1.901051
v -0.440319 -0.312152 1.851166
v -0.440319 -0.312152 1.851166
v -0.440319 -0.312152 1.851166
v -0.440319 -0.312152 1.851166
v -0.441008 -0.300446 1.792322
v -0.441008 -0.300446 1.792322
v -0.441008 -0.300446 1.792322
v -0.441008 -0.300446 1.792322
v -0.441698 -0.312152 1.733479
v -0.441698 -0.312152 1.733479
v -0.441698 -0.312152 1.733479
v -0.441698 -0.312152 1.733479
v -0.442283 -0.345488 1.683594
v -0.442283 -0.345488 1.683594
v -0.442283 -0.345488 1.683594
v -0.442283 -0.345488 1.683594
v -0.442673 -0.395379 1.650261
v -0.442673 -0.395379 1.650261
v -0.442673 -0.395379 1.650261
v -0.442673 -0.395379 1.650261
v -0.442810 -0.454229 1.638556
v -0.442810 -0.454229 1.638556
v -0.442810 -0.454229 1.638556
v -0.442810 -0.454229 1.638556
v -0.442673 -0.513079 1.650261
v -0.442673 -0.513079 1.650261
v -0.442673 -0.513079 1.650261
v -0.442673 -0.513079 1.650261
v -0.442283 -0.562970 1.683594
v -0.442283 -0.562970 1.683594
v -0.442283 -0.562970 1.683594
v -0.442283 -0.562970 1.683594
v -0.441698 -0.596306 1.733479
v -0.441698 -0.596306 1.733479
v -0.441698 -0.596306 1.733479
v -0.441698 -0.596306 1.733479
v -0.441008 -0.608012 1.792322
v -0.441008 -0.608012 1.792322
v -0.441008 -0.608012 1.792322
v -0.441008 -0.608012 1.792322
v -0.440319 -0.596306 1.851166
v -0.440319 -0.596306 1.851166
v -0.440319 -0.596306 1.851166
v -0.440319 -0.596306 1.851166
v -0.439734 -0.562970 1.901051
v -0.439734 -0.562970 1.901051
v -0.439734 -0.562970 1.901051
v -0.439734 -0.562970 1.901051
v -0.439344 -0.513079 1.934383
v -0.439344 -0.513079 1.934383
v -0.439344 -0.513079 1.934383
v -0.439344 -0.513079 1.934383
v -0.568248 -0.454229 1.922430
v -0.568248 -0.454229 1.922430
v -0.568248 -0.454229 1.922430
v -0.568248 -0.454229 1.922430
v -0.568248 -0.454229 1.922430
v -0.568362 -0.405011 1.912641
v -0.568362 -0.405011 1.912641
v -0.568362 -0.405011 1.912641
v -0.568362 -0.405011 1.912641
v -0.568362 -0.405011 1.912641
v -0.568689 -0.363286 1.884764
v -0.568689 -0.363286 1.884764
v -0.568689 -0.363286 1.884764
v -0.568689 -0.363286 1.884764
v -0.568689 -0.363286 1.884764
v -0.569178 -0.335406 1.843044
v -0.569178 -0.335406 1.843044
v -0.569178 -0.335406 1.843044
v -0.569178 -0.335406 1.843044
v -0.569178 -0.335406 1.843044
v -0.569755 -0.325616 1.793831
v -0.569755 -0.325616 1.793831
v -0.569755 -0.325616 1.793831
v -0.569755 -0.325616 1.793831
v -0.569755 -0.325616 1.793831
v -0.570331 -0.335406 1.744619
v -0.570331 -0.335406 1.744619
v -0.570331 -0.335406 1.744619
v -0.570331 -0.335406 1.744619
v -0.570331 -0.335406 1.744619
v -0.570820 -0.363286 1.702898
v -0.570820 -0.363286 1.702898
v -0.570820 -0.363286 1.702898
v -0.570820 -0.363286 1.702898
v -0.570820 -0.363286 1.702898
v -0.571147 -0.405011 1.675021
v -0.571147 -0.405011 1.675021
v -0.571147 -0.405011 1.675021
v -0.571147 -0.405011 1.675021
v -0.571147 -0.405011 1.675021
v -0.571262 -0.454229 1.665232
v -0.571262 -0.454229 1.665232
v -0.571262 -0.454229 1.665232
v -0.571262 -0.454229 1.665232
v -0.571262 -0.454229 1.665232
v -0.571147 -0.503447 1.675021
v -0.571147 -0.503447 1.675021
v -0.571147 -0.503447 1.675021
v -0.571147 -0.503447 1.675021
v -0.571147 -0.503447 1.675021
v -0.570820 -0.545172 1.702898
v -0.570820 -0.545172 1.702898
v -0.570820 -0.545172 1.702898
v -0.570820 -0.545172 1.702898
v -0.570820 -0.545172 1.702898
v -0.570331 -0.573052 1.744619
v -0.570331 -0.573052 1.744619
v -0.570331 -0.573052 1.744619
v -0.570331 -0.573052 1.744619
v -0.570331 -0.573052 1.744619
v -0.569755 -0.582842 1.793831
v -0.569755 -0.582842 1.793831
v -0.569755 -0.582842 1.793831
v -0.569755 -0.582842 1.793831
v -0.569755 -0.582842 1.793831
v -0.569178 -0.573052 1.843044
v -0.569178 -0.573052 1.843044
v -0.569178 -0.573052 1.843044
v -0.569178 -0.573052 1.843044
v -0.569178 -0.573052 1.843044
v -0.568689 -0.545172 1.884764
v -0.568689 -0.545172 1.884764
v -0.568689 -0.545172 1.884764
v -0.568689 -0.545172 1.884764
v -0.568689 -0.545172 1.884764
v -0.568362 -0.503447 1.912641
v -0.568362 -0.503447 1.912641
v -0.568362 -0.503447 1.912641
v -0.568362 -0.503447 1.912641
v -0.568362 -0.503447 1.912641
v -0.460876 -0.454229 1.921172
v -0.460876 -0.454229 1.921172
v -0.460876 -0.454229 1.921172
v -0.460876 -0.454229 1.921172
v -0.460991 -0.405011 1.911382
v -0.460991 -0.405011 1.911382
v -0.460991 -0.405011 1.911382
v -0.460991 -0.405011 1.911382
v -0.461318 -0.363286 1.883506
v -0.461318 -0.363286 1.883506
v -0.461318 -0.363286 1.883506
v -0.461318 -0.363286 1.883506
v -0.461807 -0.335406 1.841785
v -0.461807 -0.335406 1.841785
v -0.461807 -0.335406 1.841785
v -0.461807 -0.335406 1.841785
v -0.462384 -0.325616 1.792573
v -0.462384 -0.325616 1.792573
v -0.462384 -0.325616 1.792573
v -0.462384 -0.325616 1.792573
v -0.462960 -0.335406 1.743360
v -0.462960 -0.335406 1.743360
v -0.462960 -0.335406 1.743360
v -0.462960 -0.335406 1.743360
v -0.463449 -0.363286 1.701640
v -0.463449 -0.363286 1.701640
v -0.463449 -0.363286 1.701640
v -0.463449 -0.363286 1.701640
v -0.463776 -0.405011 1.673763
v -0.463776 -0.405011 1.673763
v -0.463776 -0.405011 1.673763
v -0.463776 -0.405011 1.673763
v -0.463891 -0.454229 1.663974
v -0.463891 -0.454229 1.663974
v -0.463891 -0.454229 1.663974
v -0.463891 -0.454229 1.663974
v -0.463776 -0.503447 1.673763
v -0.463776 -0.503447 1.673763
v -0.463776 -0.503447 1.673763
v -0.463776 -0.503447 1.673763
v -0.463449 -0.545172 1.701640
v -0.463449 -0.545172 1.701640
v -0.463449 -0.545172 1.701640
v -0.463449 -0.545172 1.701640
v -0.462960 -0.573052 1.743360
v -0.462960 -0.573052 1.743360
v -0.462960 -0.573052 1.743360
v -0.462960 -0.573052 1.743360
v -0.462384 -0.582842 1.792573
v -0.462384 -0.582842 1.792573
v -0.462384 -0.582842 1.792573
v -0.462384 -0.582842 1.792573
v -0.461807 -0.573052 1.841785
v -0.461807 -0.573052 1.841785
v -0.461807 -0.573052 1.841785
v -0.461807 -0.573052 1.841785
v -0.461318 -0.545172 1.883506
v -0.461318 -0.545172 1.883506
v -0.461318 -0.545172 1.883506
v -0.461318 -0.545172 1.883506
v -0.460991 -0.503447 1.911383
v -0.460991 -0.503447 1.911383
v -0.460991 -0.503447 1.911383
v -0.460991 -0.503447 1.911383
v -0.547484 -0.454229 1.922186
v -0.547484 -0.454229 1.922186
v -0.547484 -0.454229 1.922186
v -0.547484 -0.454229 1.922186
v -0.547484 -0.454229 1.922186
v -0.547598 -0.405011 1.912397
v -0.547598 -0.405011 1.912397
v -0.547598 -0.405011 1.912397
v -0.547598 -0.405011 1.912397
v -0.547598 -0.405011 1.912397
v -0.547925 -0.363286 1.884521
v -0.547925 -0.363286 1.884521
v -0.547925 -0.363286 1.884521
v -0.547925 -0.363286 1.884521
v -0.547925 -0.363286 1.884521
v -0.548414 -0.335406 1.842800
v -0.548414 -0.335406 1.842800
v -0.548414 -0.335406 1.842800
v -0.548414 -0.335406 1.842800
v -0.548414 -0.335406 1.842800
v -0.548991 -0.325616 1.793588
v -0.548991 -0.325616 1.793588
v -0.548991 -0.325616 1.793588
v -0.548991 -0.325616 1.793588
v -0.548991 -0.325616 1.793588
v -0.549567 -0.335406 1.744375
v -0.549567 -0.335406 1.744375
v -0.549567 -0.335406 1.744375
v -0.549567 -0.335406 1.744375
v -0.549567 -0.335406 1.744375
v -0.550056 -0.363286 1.702655
v -0.550056 -0.363286 1.702655
v -0.550056 -0.363286 1.702655
v -0.550056 -0.363286 1.702655
v -0.550056 -0.363286 1.702655
v -0.550383 -0.405011 1.674778
v -0.550383 -0.405011 1.674778
v -0.550383 -0.405011 1.674778
v -0.550383 -0.405011 1.674778
v -0.550383 -0.405011 1.674778
v -0.550498 -0.454229 1.664989
v -0.550498 -0.454229 1.664989
v -0.550498 -0.454229 1.664989
v -0.550498 -0.454229 1.664989
v -0.550498 -0.454229 1.664989
v -0.550383 -0.503447 1.674778
v -0.550383 -0.503447 1.674778
v -0.550383 -0.503447 1.674778
v -0.550383 -0.503447 1.674778
v -0.550383 -0.503447 1.674778
v -0.550056 -0.545172 1.702655
v -0.550056 -0.545172 1.702655
v -0.550056 -0.545172 1.702655
v -0.550056 -0.545172 1.702655
v -0.550056 -0.545172 1.702655
v -0.549567 -0.573052 1.744375
v -0.549567 -0.573052 1.744375
v -0.549567 -0.573052 1.744375
v -0.549567 -0.573052 1.744375
v -0.549567 -0.573052 1.744375
v -0.548991 -0.582842 1.793588
v -0.548991 -0.582842 1.793588
v -0.548991 -0.582842 1.793588
v -0.548991 -0.582842 1.793588
v -0.548991 -0.582842 1.793588
v -0.548414 -0.573052 1.842800
v -0.548414 -0.573052 1.842800
v -0.548414 -0.573052 1.842800
v -0.548414 -0.573052 1.842800
v -0.548414 -0.573052 1.842800
v -0.547925 -0.545172 1.884521
v -0.547925 -0.545172 1.884521
v -0.547925 -0.545172 1.884521
v -0.547925 -0.545172 1.884521
v -0.547925 -0.545172 1.884521
v -0.547598 -0.503447 1.912398
v -0.547598 -0.503447 1.912398
v -0.547598 -0.503447 1.912398
v -0.547598 -0.503447 1.912398
v -0.547598 -0.503447 1.912398
v -0.519100 -0.454229 1.921854
v -0.519100 -0.454229 1.921854
v -0.519100 -0.454229 1.921854
v -0.519100 -0.454229 1.921854
v -0.519215 -0.405011 1.912065
v -0.519215 -0.405011 1.912065
v -0.519215 -0.405011 1.912065
v -0.519215 -0.405011 1.912065
v -0.519542 -0.363286 1.884188
v -0.519542 -0.363286 1.884188
v -0.519542 -0.363286 1.884188
v -0.519542 -0.363286 1.884188
v -0.520031 -0.335406 1.842468
v -0.520031 -0.335406 1.842468
v -0.520031 -0.335406 1.842468
v -0.520031 -0.335406 1.842468
v -0.520607 -0.325616 1.793255
v -0.520607 -0.325616 1.793255
v -0.520607 -0.325616 1.793255
v -0.520607 -0.325616 1.793255
v -0.521184 -0.335406 1.744043
v -0.521184 -0.335406 1.744043
v -0.521184 -0.335406 1.744043
v -0.521184 -0.335406 1.744043
v -0.521673 -0.363286 1.702322
v -0.521673 -0.363286 1.702322
v -0.521673 -0.363286 1.702322
v -0.521673 -0.363286 1.702322
v -0.522000 -0.405011 1.674446
v -0.522000 -0.405011 1.674446
v -0.522000 -0.405011 1.674446
v -0.522000 -0.405011 1.674446
v -0.522114 -0.454229 1.664656
v -0.522114 -0.454229 1.664656
v -0.522114 -0.454229 1.664656
v -0.522114 -0.454229 1.664656
v -0.522000 -0.503447 1.674446
v -0.522000 -0.503447 1.674446
v -0.522000 -0.503447 1.674446
v -0.522000 -0.503447 1.674446
v -0.521673 -0.545172 1.702322
v -0.521673 -0.545172 1.702322
v -0.521673 -0.545172 1.702322
v -0.521673 -0.545172 1.702322
v -0.521184 -0.573052 1.744043
v -0.521184 -0.573052 1.744043
v -0.521184 -0.573052 1.744043
v -0.521184 -0.573052 1.744043
v -0.520607 -0.582842 1.793255
v -0.520607 -0.582842 1.793255
v -0.520607 -0.582842 1.793255
v -0.520607 -0.582842 1.793255
v -0.520031 -0.573052 1.842468
v -0.520031 -0.573052 1.842468
v -0.520031 -0.573052 1.842468
v -0.520031 -0.573052 1.842468
v -0.519542 -0.545172 1.884188
v -0.519542 -0.545172 1.884188
v -0.519542 -0.545172 1.884188
v -0.519542 -0.545172 1.884188
v -0.519215 -0.503447 1.912065
v -0.519215 -0.503447 1.912065
v -0.519215 -0.503447 1.912065
v -0.519215 -0.503447 1.912065
v -0.558398 -0.454229 1.922314
v -0.558398 -0.454229 1.922314
v -0.558398 -0.454229 1.922314
v -0.558398 -0.454229 1.922314
v -0.558513 -0.405011 1.912525
v -0.558513 -0.405011 1.912525
v -0.558513 -0.405011 1.912525
v -0.558513 -0.405011 1.912525
v -0.558840 -0.363286 1.884649
v -0.558840 -0.363286 1.884649
v -0.558840 -0.363286 1.884649
v -0.558840 -0.363286 1.884649
v -0.559329 -0.335406 1.842928
v -0.559329 -0.335406 1.842928
v -0.559329 -0.335406 1.842928
v -0.559329 -0.335406 1.842928
v -0.559905 -0.325616 1.793716
v -0.559905 -0.325616 1.793716
v -0.559905 -0.325616 1.793716
v -0.559905 -0.325616 1.793716
v -0.560482 -0.335406 1.744503
v -0.560482 -0.335406 1.744503
v -0.560482 -0.335406 1.744503
v -0.560482 -0.335406 1.744503
v -0.560971 -0.363286 1.702783
v -0.560971 -0.363286 1.702783
v -0.560971 -0.363286 1.702783
v -0.560971 -0.363286 1.702783
v -0.561298 -0.405011 1.674906
v -0.561298 -0.405011 1.674906
v -0.561298 -0.405011 1.674906
v -0.561298 -0.405011 1.674906
v -0.561412 -0.454229 1.665117
v -0.561412 -0.454229 1.665117
v -0.561412 -0.454229 1.665117
v -0.561412 -0.454229 1.665117
v -0.561298 -0.503447 1.674906
v -0.561298 -0.503447 1.674906
v -0.561298 -0.503447 1.674906
v -0.561298 -0.503447 1.674906
v -0.560971 -0.545172 1.702783
v -0.560971 -0.545172 1.702783
v -0.560971 -0.545172 1.702783
v -0.560971 -0.545172 1.702783
v -0.560482 -0.573052 1.744503
v -0.560482 -0.573052 1.744503
v -0.560482 -0.573052 1.744503
v -0.560482 -0.573052 1.744503
v -0.559905 -0.582842 1.793716
v -0.559905 -0.582842 1.793716
v -0.559905 -0.582842 1.793716
v -0.559905 -0.582842 1.793716
v -0.559329 -0.573052 1.842928
v -0.559329 -0.573052 1.842928
v -0.559329 -0.573052 1.842928
v -0.559329 -0.573052 1.842928
v -0.558840 -0.545172 1.884649
v -0.558840 -0.545172 1.884649
v -0.558840 -0.545172 1.884649
v -0.558840 -0.545172 1.884649
v -0.558513 -0.503447 1.912525
v -0.558513 -0.503447 1.912525
v -0.558513 -0.503447 1.912525
v -0.558513 -0.503447 1.912525
v -0.519100 -0.454229 1.921854
v -0.519100 -0.454229 1.921854
v -0.519100 -0.454229 1.921854
v -0.519100 -0.454229 1.921854
v -0.519215 -0.405011 1.912065
v -0.519215 -0.405011 1.912065
v -0.519215 -0.405011 1.912065
v -0.519215 -0.405011 1.912065
v -0.519542 -0.363286 1.884188
v -0.519542 -0.363286 1.884188
v -0.519542 -0.363286 1.884188
v -0.519542 -0.363286 1.884188
v -0.520031 -0.335406 1.842468
v -0.520031 -0.335406 1.842468
v -0.520031 -0.335406 1.842468
v -0.520031 -0.335406 1.842468
v -0.520607 -0.325616 1.793255
v -0.520607 -0.325616 1.793255
v -0.520607 -0.325616 1.793255
v -0.520607 -0.325616 1.793255
v -0.521184 -0.335406 1.744043
v -0.521184 -0.335406 1.744043
v -0.521184 -0.335406 1.744043
v -0.521184 -0.335406 1.744043
v -0.521673 -0.363286 1.702322
v -0.521673 -0.363286 1.702322
v -0.521673 -0.363286 1.702322
v -0.521673 -0.363286 1.702322
v -0.522000 -0.405011 1.674446
v -0.522000 -0.405011 1.674446
v -0.522000 -0.405011 1.674446
v -0.522000 -0.405011 1.674446
v -0.522114 -0.454229 1.664656
v -0.522114 -0.454229 1.664656
v -0.522114 -0.454229 1.664656
v -0.522114 -0.454229 1.664656
v -0.522000 -0.503447 1.674446
v -0.522000 -0.503447 1.674446
v -0.522000 -0.503447 1.674446
v -0.522000 -0.503447 1.674446
v -0.521673 -0.545172 1.702322
v -0.521673 -0.545172 1.702322
v -0.521673 -0.545172 1.702322
v -0.521673 -0.545172 1.702322
v -0.521184 -0.573052 1.744043
v -0.521184 -0.573052 1.744043
v -0.521184 -0.573052 1.744043
v -0.521184 -0.573052 1.744043
v -0.520607 -0.582842 1.793255
v -0.520607 -0.582842 1.793255
v -0.520607 -0.582842 1.793255
v -0.520607 -0.582842 1.793255
v -0.520031 -0.573052 1.842468
v -0.520031 -0.573052 1.842468
v -0.520031 -0.573052 1.842468
v -0.520031 -0.573052 1.842468
v -0.519542 -0.545172 1.884188
v -0.519542 -0.545172 1.884188
v -0.519542 -0.545172 1.884188
v -0.519542 -0.545172 1.884188
v -0.519215 -0.503447 1.912065
v -0.519215 -0.503447 1.912065
v -0.519215 -0.503447 1.912065
v -0.519215 -0.503447 1.912065
v -0.550990 -0.454229 1.847109
v -0.550990 -0.454229 1.847109
v -0.550990 -0.454229 1.847109
v -0.550990 -0.454229 1.847109
v -0.551037 -0.433757 1.843037
v -0.551037 -0.433757 1.843037
v -0.551037 -0.433757 1.843037
v -0.551037 -0.433757 1.843037
v -0.551173 -0.416401 1.831442
v -0.551173 -0.416401 1.831442
v -0.551173 -0.416401 1.831442
v -0.551173 -0.416401 1.831442
v -0.551377 -0.404805 1.814089
v -0.551377 -0.404805 1.814089
v -0.551377 -0.404805 1.814089
v -0.551377 -0.404805 1.814089
v -0.551617 -0.400732 1.793619
v -0.551617 -0.400732 1.793619
v -0.551617 -0.400732 1.793619
v -0.551617 -0.400732 1.793619
v -0.551857 -0.404805 1.773149
v -0.551857 -0.404805 1.773149
v -0.551857 -0.404805 1.773149
v -0.551857 -0.404805 1.773149
v -0.552060 -0.416401 1.755795
v -0.552060 -0.416401 1.755795
v -0.552060 -0.416401 1.755795
v -0.552060 -0.416401 1.755795
v -0.552196 -0.433757 1.744200
v -0.552196 -0.433757 1.744200
v -0.552196 -0.433757 1.744200
v -0.552196 -0.433757 1.744200
v -0.552244 -0.454229 1.740128
v -0.552244 -0.454229 1.740128
v -0.552244 -0.454229 1.740128
v -0.552244 -0.454229 1.740128
v -0.552196 -0.474701 1.744200
v -0.552196 -0.474701 1.744200
v -0.552196 -0.474701 1.744200
v -0.552196 -0.474701 1.744200
v -0.552060 -0.492057 1.755795
v -0.552060 -0.492057 1.755795
v -0.552060 -0.492057 1.755795
v -0.552060 -0.492057 1.755795
v -0.551857 -0.503653 1.773149
v -0.551857 -0.503653 1.773149
v -0.551857 -0.503653 1.773149
v -0.551857 -0.503653 1.773149
v -0.551617 -0.507726 1.793619
v -0.551617 -0.507726 1.793619
v -0.551617 -0.507726 1.793619
v -0.551617 -0.507726 1.793619
v -0.551377 -0.503653 1.814089
v -0.551377 -0.503653 1.814089
v -0.551377 -0.503653 1.814089
v -0.551377 -0.503653 1.814089
v -0.551173 -0.492057 1.831442
v -0.551173 -0.492057 1.831442
v -0.551173 -0.492057 1.831442
v -0.551173 -0.492057 1.831442
v -0.551037 -0.474701 1.843037
v -0.551037 -0.474701 1.843037
v -0.551037 -0.474701 1.843037
v -0.551037 -0.474701 1.843037
v -0.539184 -0.454229 1.846971
v -0.539184 -0.454229 1.846971
v -0.539184 -0.454229 1.846971
v -0.539184 -0.454229 1.846971
v -0.539231 -0.433757 1.842899
v -0.539231 -0.433757 1.842899
v -0.539231 -0.433757 1.842899
v -0.539231 -0.433757 1.842899
v -0.539367 -0.416401 1.831304
v -0.539367 -0.416401 1.831304
v -0.539367 -0.416401 1.831304
v -0.539367 -0.416401 1.831304
v -0.539571 -0.404805 1.813950
v -0.539571 -0.404805 1.813950
v -0.539571 -0.404805 1.813950
v -0.539571 -0.404805 1.813950
v -0.539811 -0.400732 1.793480
v -0.539811 -0.400732 1.793480
v -0.539811 -0.400732 1.793480
v -0.539811 -0.400732 1.793480
v -0.540050 -0.404805 1.773010
v -0.540050 -0.404805 1.773010
v -0.540050 -0.404805 1.773010
v -0.540050 -0.404805 1.773010
v -0.540254 -0.416401 1.755657
v -0.540254 -0.416401 1.755657
v -0.540254 -0.416401 1.755657
v -0.540254 -0.416401 1.755657
v -0.540390 -0.433757 1.744061
v -0.540390 -0.433757 1.744061
v -0.540390 -0.433757 1.744061
v -0.540390 -0.433757 1.744061
v -0.540437 -0.454229 1.739990
v -0.540437 -0.454229 1.739990
v -0.540437 -0.454229 1.739990
v -0.540437 -0.454229 1.739990
v -0.540390 -0.474701 1.744061
v -0.540390 -0.474701 1.744061
v -0.540390 -0.474701 1.744061
v -0.540390 -0.474701 1.744061
v -0.540254 -0.492057 1.755657
v -0.540254 -0.492057 1.755657
v -0.540254 -0.492057 1.755657
v -0.540254 -0.492057 1.755657
v -0.540050 -0.503653 1.773010
v -0.540050 -0.503653 1.773010
v -0.540050 -0.503653 1.773010
v -0.540050 -0.503653 1.773010
v -0.539811 -0.507726 1.793480
v -0.539811 -0.507726 1.793480
v -0.539811 -0.507726 1.793480
v -0.539811 -0.507726 1.793480
v -0.539571 -0.503653 1.813950
v -0.539571 -0.503653 1.813950
v -0.539571 -0.503653 1.813950
v -0.539571 -0.503653 1.813950
v -0.539367 -0.492057 1.831304
v -0.539367 -0.492057 1.831304
v -0.539367 -0.492057 1.831304
v -0.539367 -0.492057 1.831304
v -0.539231 -0.474701 1.842899
v -0.539231 -0.474701 1.842899
v -0.539231 -0.474701 1.842899
v -0.539231 -0.474701 1.842899
v -0.550990 -0.454229 1.847109
v -0.550990 -0.454229 1.847109
v -0.550990 -0.454229 1.847109
v -0.550990 -0.454229 1.847109
v -0.551037 -0.433757 1.843037
v -0.551037 -0.433757 1.843037
v -0.551037 -0.433757 1.843037
v -0.551037 -0.433757 1.843037
v -0.551173 -0.416401 1.831442
v -0.551173 -0.416401 1.831442
v -0.551173 -0.416401 1.831442
v -0.551173 -0.416401 1.831442
v -0.551377 -0.404805 1.814089
v -0.551377 -0.404805 1.814089
v -0.551377 -0.404805 1.814089
v -0.551377 -0.404805 1.814089
v -0.551617 -0.400732 1.793619
v -0.551617 -0.400732 1.793619
v -0.551617 -0.400732 1.793619
v -0.551617 -0.400732 1.793619
v -0.551857 -0.404805 1.773149
v -0.551857 -0.404805 1.773149
v -0.551857 -0.404805 1.773149
v -0.551857 -0.404805 1.773149
v -0.552060 -0.416401 1.755795
v -0.552060 -0.416401 1.755795
v -0.552060 -0.416401 1.755795
v -0.552060 -0.416401 1.755795
v -0.552196 -0.433757 1.744200
v -0.552196 -0.433757 1.744200
v -0.552196 -0.433757 1.744200
v -0.552196 -0.433757 1.744200
v -0.552244 -0.454229 1.740128
v -0.552244 -0.454229 1.740128
v -0.552244 -0.454229 1.740128
v -0.552244 -0.454229 1.740128
v -0.552196 -0.474701 1.744200
v -0.552196 -0.474701 1.744200
v -0.552196 -0.474701 1.744200
v -0.552196 -0.474701 1.744200
v -0.552060 -0.492057 1.755795
v -0.552060 -0.492057 1.755795
v -0.552060 -0.492057 1.755795
v -0.552060 -0.492057 1.755795
v -0.551857 -0.503653 1.773149
v -0.551857 -0.503653 1.773149
v -0.551857 -0.503653 1.773149
v -0.551857 -0.503653 1.773149
v -0.551617 -0.507726 1.793619
v -0.551617 -0.507726 1.793619
v -0.551617 -0.507726 1.793619
v -0.551617 -0.507726 1.793619
v -0.551377 -0.503653 1.814089
v -0.551377 -0.503653 1.814089
v -0.551377 -0.503653 1.814089
v -0.551377 -0.503653 1.814089
v -0.551173 -0.492057 1.831442
v -0.551173 -0.492057 1.831442
v -0.551173 -0.492057 1.831442
v -0.551173 -0.492057 1.831442
v -0.551037 -0.474701 1.843037
v -0.551037 -0.474701 1.843037
v -0.551037 -0.474701 1.843037
v -0.551037 -0.474701 1.843037
v -0.539184 -0.454229 1.846971
v -0.539184 -0.454229 1.846971
v -0.539184 -0.454229 1.846971
v -0.539184 -0.454229 1.846971
v -0.539231 -0.433757 1.842899
v -0.539231 -0.433757 1.842899
v -0.539231 -0.433757 1.842899
v -0.539231 -0.433757 1.842899
v -0.539367 -0.416401 1.831304
v -0.539367 -0.416401 1.831304
v -0.539367 -0.416401 1.831304
v -0.539367 -0.416401 1.831304
v -0.539571 -0.404805 1.813950
v -0.539571 -0.404805 1.813950
v -0.539571 -0.404805 1.813950
v -0.539571 -0.404805 1.813950
v -0.539811 -0.400732 1.793480
v -0.539811 -0.400732 1.793480
v -0.539811 -0.400732 1.793480
v -0.539811 -0.400732 1.793480
v -0.540050 -0.404805 1.773010
v -0.540050 -0.404805 1.773010
v -0.540050 -0.404805 1.773010
v -0.540050 -0.404805 1.773010
v -0.540254 -0.416401 1.755657
v -0.540254 -0.416401 1.755657
v -0.540254 -0.416401 1.755657
v -0.540254 -0.416401 1.755657
v -0.540390 -0.433757 1.744061
v -0.540390 -0.433757 1.744061
v -0.540390 -0.433757 1.744061
v -0.540390 -0.433757 1.744061
v -0.540437 -0.454229 1.739990
v -0.540437 -0.454229 1.739990
v -0.540437 -0.454229 1.739990
v -0.540437 -0.454229 1.739990
v -0.540390 -0.474701 1.744061
v -0.540390 -0.474701 1.744061
v -0.540390 -0.474701 1.744061
v -0.540390 -0.474701 1.744061
v -0.540254 -0.492057 1.755657
v -0.540254 -0.492057 1.755657
v -0.540254 -0.492057 1.755657
v -0.540254 -0.492057 1.755657
v -0.540050 -0.503653 1.773010
v -0.540050 -0.503653 1.773010
v -0.540050 -0.503653 1.773010
v -0.540050 -0.503653 1.773010
v -0.539811 -0.507726 1.793480
v -0.539811 -0.507726 1.793480
v -0.539811 -0.507726 1.793480
v -0.539811 -0.507726 1.793480
v -0.539571 -0.503653 1.813950
v -0.539571 -0.503653 1.813950
v -0.539571 -0.503653 1.813950
v -0.539571 -0.503653 1.813950
v -0.539367 -0.492057 1.831304
v -0.539367 -0.492057 1.831304
v -0.539367 -0.492057 1.831304
v -0.539367 -0.492057 1.831304
v -0.539231 -0.474701 1.842899
v -0.539231 -0.474701 1.842899
v -0.539231 -0.474701 1.842899
v -0.539231 -0.474701 1.842899
v -0.550990 -0.454229 1.847109
v -0.550990 -0.454229 1.847109
v -0.550990 -0.454229 1.847109
v -0.550990 -0.454229 1.847109
v -0.551037 -0.433757 1.843037
v -0.551037 -0.433757 1.843037
v -0.551037 -0.433757 1.843037
v -0.551037 -0.433757 1.843037
v -0.551173 -0.416401 1.831442
v -0.551173 -0.416401 1.831442
v -0.551173 -0.416401 1.831442
v -0.551173 -0.416401 1.831442
v -0.551377 -0.404805 1.814089
v -0.551377 -0.404805 1.814089
v -0.551377 -0.404805 1.814089
v -0.551377 -0.404805 1.814089
v -0.551617 -0.400732 1.793619
v -0.551617 -0.400732 1.793619
v -0.551617 -0.400732 1.793619
v -0.551617 -0.400732 1.793619
v -0.551857 -0.404805 1.773149
v -0.551857 -0.404805 1.773149
v -0.551857 -0.404805 1.773149
v -0.551857 -0.404805 1.773149
v -0.552060 -0.416401 1.755795
v -0.552060 -0.416401 1.755795
v -0.552060 -0.416401 1.755795
v -0.552060 -0.416401 1.755795
v -0.552196 -0.433757 1.744200
v -0.552196 -0.433757 1.744200
v -0.552196 -0.433757 1.744200
v -0.552196 -0.433757 1.744200
v -0.552244 -0.454229 1.740128
v -0.552244 -0.454229 1.740128
v -0.552244 -0.454229 1.740128
v -0.552244 -0.454229 1.740128
v -0.552196 -0.474701 1.744200
v -0.552196 -0.474701 1.744200
v -0.552196 -0.474701 1.744200
v -0.552196 -0.474701 1.744200
v -0.552060 -0.492057 1.755795
v -0.552060 -0.492057 1.755795
v -0.552060 -0.492057 1.755795
v -0.552060 -0.492057 1.755795
v -0.551857 -0.503653 1.773149
v -0.551857 -0.503653 1.773149
v -0.551857 -0.503653 1.773149
v -0.551857 -0.503653 1.773149
v -0.551617 -0.507726 1.793619
v -0.551617 -0.507726 1.793619
v -0.551617 -0.507726 1.793619
v -0.551617 -0.507726 1.793619
v -0.551377 -0.503653 1.814089
v -0.551377 -0.503653 1.814089
v -0.551377 -0.503653 1.814089
v -0.551377 -0.503653 1.814089
v -0.551173 -0.492057 1.831442
v -0.551173 -0.492057 1.831442
v -0.551173 -0.492057 1.831442
v -0.551173 -0.492057 1.831442
v -0.551037 -0.474701 1.843037
v -0.551037 -0.474701 1.843037
v -0.551037 -0.474701 1.843037
v -0.551037 -0.474701 1.843037
v -0.539184 -0.454229 1.846971
v -0.539184 -0.454229 1.846971
v -0.539184 -0.454229 1.846971
v -0.539184 -0.454229 1.846971
v -0.539231 -0.433757 1.842899
v -0.539231 -0.433757 1.842899
v -0.539231 -0.433757 1.842899
v -0.539231 -0.433757 1.842899
v -0.539367 -0.416401 1.831304
v -0.539367 -0.416401 1.831304
v -0.539367 -0.416401 1.831304
v -0.539367 -0.416401 1.831304
v -0.539571 -0.404805 1.813950
v -0.539571 -0.404805 1.813950
v -0.539571 -0.404805 1.813950
v -0.539571 -0.404805 1.813950
v -0.539811 -0.400732 1.793480
v -0.539811 -0.400732 1.793480
v -0.539811 -0.400732 1.793480
v -0.539811 -0.400732 1.793480
v -0.540050 -0.404805 1.773010
v -0.540050 -0.404805 1.773010
v -0.540050 -0.404805 1.773010
v -0.540050 -0.404805 1.773010
v -0.540254 -0.416401 1.755657
v -0.540254 -0.416401 1.755657
v -0.540254 -0.416401 1.755657
v -0.540254 -0.416401 1.755657
v -0.540390 -0.433757 1.744061
v -0.540390 -0.433757 1.744061
v -0.540390 -0.433757 1.744061
v -0.540390 -0.433757 1.744061
v -0.540437 -0.454229 1.739990
v -0.540437 -0.454229 1.739990
v -0.540437 -0.454229 1.739990
v -0.540437 -0.454229 1.739990
v -0.540390 -0.474701 1.744061
v -0.540390 -0.474701 1.744061
v -0.540390 -0.474701 1.744061
v -0.540390 -0.474701 1.744061
v -0.540254 -0.492057 1.755657
v -0.540254 -0.492057 1.755657
v -0.540254 -0.492057 1.755657
v -0.540254 -0.492057 1.755657
v -0.540050 -0.503653 1.773010
v -0.540050 -0.503653 1.773010
v -0.540050 -0.503653 1.773010
v -0.540050 -0.503653 1.773010
v -0.539811 -0.507726 1.793480
v -0.539811 -0.507726 1.793480
v -0.539811 -0.507726 1.793480
v -0.539811 -0.507726 1.793480
v -0.539571 -0.503653 1.813950
v -0.539571 -0.503653 1.813950
v -0.539571 -0.503653 1.813950
v -0.539571 -0.503653 1.813950
v -0.539367 -0.492057 1.831304
v -0.539367 -0.492057 1.831304
v -0.539367 -0.492057 1.831304
v -0.539367 -0.492057 1.831304
v -0.539231 -0.474701 1.842899
v -0.539231 -0.474701 1.842899
v -0.539231 -0.474701 1.842899
v -0.539231 -0.474701 1.842899
v -0.563096 -0.454229 1.847251
v -0.563096 -0.454229 1.847251
v -0.563144 -0.433757 1.843179
v -0.563144 -0.433757 1.843179
v -0.563280 -0.416401 1.831584
v -0.563280 -0.416401 1.831584
v -0.563483 -0.404805 1.814230
v -0.563483 -0.404805 1.814230
v -0.563723 -0.400732 1.793760
v -0.563723 -0.400732 1.793760
v -0.563963 -0.404805 1.773290
v -0.563963 -0.404805 1.773290
v -0.564166 -0.416401 1.755937
v -0.564166 -0.416401 1.755937
v -0.564302 -0.433757 1.744341
v -0.564302 -0.433757 1.744341
v -0.564350 -0.454229 1.740270
v -0.564350 -0.454229 1.740270
v -0.564302 -0.474701 1.744341
v -0.564302 -0.474701 1.744341
v -0.564166 -0.492057 1.755937
v -0.564166 -0.492057 1.755937
v -0.563963 -0.503653 1.773290
v -0.563963 -0.503653 1.773290
v -0.563723 -0.507726 1.793760
v -0.563723 -0.507726 1.793760
v -0.563483 -0.503653 1.814230
v -0.563483 -0.503653 1.814230
v -0.563280 -0.492057 1.831584
v -0.563280 -0.492057 1.831584
v -0.563144 -0.474701 1.843179
v -0.563144 -0.474701 1.843179
v -0.421956 -0.454229 1.845800
v -0.421956 -0.454229 1.845800
v -0.422004 -0.433757 1.841728
v -0.422004 -0.433757 1.841728
v -0.422139 -0.416401 1.830132
v -0.422139 -0.416401 1.830132
v -0.422343 -0.404805 1.812779
v -0.422343 -0.404805 1.812779
v -0.422583 -0.400732 1.792309
v -0.422583 -0.400732 1.792309
v -0.422823 -0.404805 1.771839
v -0.422823 -0.404805 1.771839
v -0.423026 -0.416401 1.754485
v -0.423026 -0.416401 1.754485
v -0.423162 -0.433757 1.742890
v -0.423162 -0.433757 1.742890
v -0.423210 -0.454229 1.738818
v -0.423210 -0.454229 1.738818
v -0.423162 -0.474701 1.742890
v -0.423162 -0.474701 1.742890
v -0.423026 -0.492057 1.754485
v -0.423026 -0.492057 1.754485
v -0.422823 -0.503653 1.771839
v -0.422823 -0.503653 1.771839
v -0.422583 -0.507726 1.792309
v -0.422583 -0.507726 1.792309
v -0.422343 -0.503653 1.812779
v -0.422343 -0.503653 1.812779
v -0.422139 -0.492057 1.830133
v -0.422139 -0.492057 1.830133
v -0.422004 -0.474701 1.841728
v -0.422004 -0.474701 1.841728
v -0.562993 -0.434407 1.841608
v -0.562993 -0.434407 1.841608
v -0.562993 -0.434407 1.841608
v -0.562947 -0.454229 1.845551
v -0.562947 -0.454229 1.845551
v -0.562947 -0.454229 1.845551
v -0.563322 -0.406374 1.813578
v -0.563322 -0.406374 1.813578
v -0.563322 -0.406374 1.813578
v -0.563125 -0.417602 1.830381
v -0.563125 -0.417602 1.830381
v -0.563125 -0.417602 1.830381
v -0.563786 -0.406374 1.773939
v -0.563786 -0.406374 1.773939
v -0.563786 -0.406374 1.773939
v -0.563554 -0.402431 1.793758
v -0.563554 -0.402431 1.793758
v -0.563554 -0.402431 1.793758
v -0.564115 -0.434407 1.745909
v -0.564115 -0.434407 1.745909
v -0.564115 -0.434407 1.745909
v -0.563983 -0.417602 1.757136
v -0.563983 -0.417602 1.757136
v -0.563983 -0.417602 1.757136
v -0.564115 -0.474051 1.745909
v -0.564115 -0.474051 1.745909
v -0.564115 -0.474051 1.745909
v -0.564161 -0.454229 1.741966
v -0.564161 -0.454229 1.741966
v -0.564161 -0.454229 1.741966
v -0.563786 -0.502084 1.773939
v -0.563786 -0.502084 1.773939
v -0.563786 -0.502084 1.773939
v -0.563983 -0.490856 1.757136
v -0.563983 -0.490856 1.757136
v -0.563983 -0.490856 1.757136
v -0.563322 -0.502084 1.813578
v -0.563322 -0.502084 1.813578
v -0.563322 -0.502084 1.813578
v -0.563554 -0.506027 1.793758
v -0.563554 -0.506027 1.793758
v -0.563554 -0.506027 1.793758
v -0.562993 -0.474051 1.841608
v -0.562993 -0.474051 1.841608
v -0.562993 -0.474051 1.841608
v -0.563125 -0.490856 1.830381
v -0.563125 -0.490856 1.830381
v -0.563125 -0.490856 1.830381
v -0.554762 -0.417602 1.830283
v -0.554762 -0.417602 1.830283
v -0.554762 -0.417602 1.830283
v -0.554631 -0.474051 1.841510
v -0.554631 -0.474051 1.841510
v -0.554631 -0.474051 1.841510
v -0.554631 -0.434407 1.841510
v -0.554631 -0.434407 1.841510
v -0.554631 -0.434407 1.841510
v -0.554584 -0.454229 1.845453
v -0.554584 -0.454229 1.845453
v -0.554584 -0.454229 1.845453
v -0.554762 -0.490856 1.830283
v -0.554762 -0.490856 1.830283
v -0.554762 -0.490856 1.830283
v -0.554959 -0.502084 1.813480
v -0.554959 -0.502084 1.813480
v -0.554959 -0.502084 1.813480
v -0.555191 -0.506027 1.793660
v -0.555191 -0.506027 1.793660
v -0.555191 -0.506027 1.793660
v -0.555424 -0.502084 1.773840
v -0.555424 -0.502084 1.773840
v -0.555424 -0.502084 1.773840
v -0.555620 -0.490856 1.757038
v -0.555620 -0.490856 1.757038
v -0.555620 -0.490856 1.757038
v -0.554959 -0.406374 1.813480
v -0.554959 -0.406374 1.813480
v -0.554959 -0.406374 1.813480
v -0.555424 -0.406374 1.773840
v -0.555424 -0.406374 1.773840
v -0.555424 -0.406374 1.773840
v -0.555191 -0.402431 1.793660
v -0.555191 -0.402431 1.793660
v -0.555191 -0.402431 1.793660
v -0.555752 -0.434407 1.745811
v -0.555752 -0.434407 1.745811
v -0.555752 -0.434407 1.745811
v -0.555620 -0.417602 1.757038
v -0.555620 -0.417602 1.757038
v -0.555620 -0.417602 1.757038
v -0.555752 -0.474051 1.745811
v -0.555752 -0.474051 1.745811
v -0.555752 -0.474051 1.745811
v -0.555798 -0.454229 1.741868
v -0.555798 -0.454229 1.741868
v -0.555798 -0.454229 1.741868
vn -0.9918 -0.1006 0.0788
vn -0.9938 0.0672 -0.0889
vn -0.9914 -0.0672 0.1122
vn -0.9940 0.0236 -0.1070
vn 0.9954 0.0210 0.0939
vn -0.9940 -0.0236 -0.1070
vn -0.9912 -0.0236 0.1303
vn 0.0115 0.1951 0.9807
vn -0.9938 -0.0672 -0.0889
vn -0.9918 0.1006 0.0788
vn -0.9934 -0.1006 -0.0556
vn -0.9923 0.1186 0.0352
vn -0.9929 -0.1186 -0.0120
vn -0.9929 0.1186 -0.0120
vn -0.9923 -0.1186 0.0352
vn -0.9934 0.1006 -0.0556
vn -0.9642 -0.2619 -0.0408
vn -0.9662 -0.1484 -0.2108
vn 0.7516 0.5443 -0.3725
vn -0.9653 -0.2221 -0.1371
vn 0.7484 -0.1277 -0.6509
vn 0.7544 0.6420 -0.1366
vn -0.9667 0.0521 -0.2506
vn -0.9662 0.1484 -0.2108
vn 0.7574 0.6420 0.1188
vn -0.9653 0.2221 -0.1371
vn 0.7602 0.5443 0.3548
vn -0.9642 0.2619 -0.0408
vn 0.7623 0.3637 0.5354
vn -0.9630 0.2619 0.0634
vn 0.7634 0.1277 0.6331
vn -0.9619 0.2221 0.1597
vn -0.9667 -0.0521 -0.2506
vn -0.0097 0.5556 -0.8314
vn 0.9934 0.0895 -0.0714
vn 0.9952 0.0598 0.0778
vn -0.0115 0.1951 -0.9807
vn 0.9931 0.0598 -0.1011
vn -0.0115 -0.1951 -0.9807
vn 0.9929 0.0210 -0.1172
vn -0.0097 -0.5556 -0.8314
vn 0.9929 -0.0210 -0.1172
vn -0.0065 -0.8315 -0.5555
vn 0.9931 -0.0598 -0.1011
vn -0.0023 -0.9808 -0.1951
vn 0.9934 -0.0895 -0.0714
vn 0.0023 -0.9808 0.1951
vn 0.9939 -0.1056 -0.0326
vn 0.0065 -0.8315 0.5555
vn 0.0115 -0.1951 0.9807
vn 0.0097 -0.5556 0.8314
vn 0.0097 0.5556 0.8314
vn -0.9914 0.0672 0.1122
vn 0.0065 0.8315 0.5555
vn 0.9954 -0.0210 0.0939
vn 0.9944 -0.1056 0.0093
vn 0.0023 0.9808 0.1951
vn 0.9948 0.0895 0.0481
vn 0.9948 -0.0895 0.0481
vn -0.0023 0.9808 -0.1951
vn 0.9944 0.1056 0.0093
vn 0.9952 -0.0598 0.0778
vn -0.0065 0.8315 -0.5555
vn 0.9939 0.1056 -0.0326
vn -0.9964 -0.0805 0.0277
vn -0.0000 -1.0000 -0.0000
vn -0.0045 0.9239 -0.3827
vn 0.0117 -0.0000 0.9999
vn 0.0108 0.3827 0.9238
vn -0.9967 0.0805 -0.0043
vn 0.0108 -0.3827 0.9238
vn 0.7495 0.3637 -0.5531
vn 0.7484 0.1277 -0.6509
vn -0.9630 -0.2619 0.0634
vn -0.9975 -0.0160 -0.0688
vn 0.7516 -0.5443 -0.3725
vn -0.9619 -0.2221 0.1597
vn 0.7495 -0.3637 -0.5531
vn 0.7544 -0.6420 -0.1366
vn -0.9610 -0.1484 0.2333
vn 0.7574 -0.6420 0.1188
vn -0.9605 -0.0521 0.2732
vn 0.7602 -0.5443 0.3548
vn -0.9605 0.0521 0.2732
vn 0.7623 -0.3637 0.5354
vn -0.9610 0.1484 0.2333
vn 0.7634 -0.1277 0.6331
vn -0.0000 1.0000 -0.0000
vn -0.9949 -0.0218 -0.0980
vn 0.9967 -0.0805 0.0043
vn 0.9960 -0.0682 -0.0573
vn 0.9958 0.0456 -0.0799
vn -0.0108 0.3827 -0.9238
vn 0.9956 -0.0160 -0.0921
vn -0.9956 0.0160 0.0921
vn -0.0108 -0.3827 -0.9238
vn 0.0083 -0.7071 0.7071
vn -0.0045 -0.9239 -0.3827
vn 0.0045 -0.9239 0.3827
vn -0.9926 0.0621 0.1046
vn 0.9701 -0.1401 0.1984
vn -0.9924 0.0218 0.1213
vn 0.9692 -0.2097 0.1288
vn -0.9924 -0.0218 0.1213
vn 0.9682 -0.2474 0.0379
vn -0.9926 -0.0621 0.1046
vn 0.9670 -0.2474 -0.0605
vn 0.9651 -0.1401 -0.2211
vn -0.9929 -0.0930 0.0738
vn 0.9660 -0.2097 -0.1515
vn -0.9934 -0.1097 0.0335
vn 0.9647 0.0492 -0.2587
vn 0.9651 0.1401 -0.2211
vn -0.9939 -0.1097 -0.0102
vn 0.9974 -0.0456 0.0565
vn 0.9975 0.0160 0.0688
vn 0.9971 0.0682 0.0339
vn 0.9964 0.0805 -0.0277
vn 0.9705 -0.0492 0.2360
vn -0.9929 0.0930 0.0738
vn 0.9705 0.0492 0.2360
vn -0.9934 0.1097 0.0335
vn 0.9701 0.1401 0.1984
vn -0.9939 0.1097 -0.0102
vn 0.9692 0.2097 0.1288
vn -0.9944 0.0930 -0.0505
vn 0.9682 0.2474 0.0379
vn -0.9948 0.0621 -0.0813
vn -0.9949 0.0218 -0.0980
vn 0.9670 0.2474 -0.0605
vn 0.9647 -0.0492 -0.2587
vn -0.9944 -0.0930 -0.0505
vn 0.9660 0.2097 -0.1515
vn -0.9948 -0.0621 -0.0813
vn -0.0098 -0.1951 -0.9807
vn -0.0098 0.1951 -0.9807
vn -0.0083 0.5556 -0.8314
vn -0.0056 0.8315 -0.5556
vn -0.0019 0.9808 -0.1951
vn 0.0019 0.9808 0.1951
vn 0.0083 0.5556 0.8314
vn 0.0056 0.8315 0.5556
vn -0.9999 -0.0000 0.0117
vn -0.0086 0.5556 -0.8314
vn 0.0086 -0.5556 0.8314
vn 0.0101 -0.1951 0.9807
vn 0.0101 0.1951 0.9807
vn -0.0101 0.1951 -0.9807
vn -0.0086 -0.5556 -0.8314
vn 0.0086 0.5556 0.8314
vn 0.0057 0.8315 0.5556
vn -0.0020 -0.9808 -0.1951
vn 0.0020 0.9808 0.1951
vn 0.0020 -0.9808 0.1951
vn -0.0020 0.9808 -0.1951
vn 0.0057 -0.8315 0.5556
vn -0.0083 -0.5556 -0.8314
vn -0.0056 -0.8315 -0.5556
vn -0.0019 -0.9808 -0.1951
vn 0.0019 -0.9808 0.1951
vn 0.0098 0.1951 0.9807
vn 0.0056 -0.8315 0.5556
vn 0.0083 -0.5556 0.8314
vn 0.0098 -0.1951 0.9807
vn -0.0101 -0.1951 -0.9807
vn 0.0083 0.7071 0.7071
vn -0.9960 0.0682 0.0573
vn -0.9971 -0.0682 -0.0339
vn -0.0083 0.7071 -0.7071
vn 0.0045 0.9239 0.3827
vn -0.9958 -0.0456 0.0799
vn -0.0117 -0.0000 -0.9999
vn -0.9974 0.0456 -0.0565
vn -0.0083 -0.7071 -0.7071
vn -0.9912 0.0236 0.1303
vt 0.000000 0.000000
s 0
usemtl Material.021
f 2585/242/433 2731/242/433 2735/242/433 2588/242/433
f 2532/242/435 2677/242/435 2683/242/435 2536/242/435
f 2582/242/436 2724/242/436 2728/242/436 2584/242/436
f 2578/242/439 2720/242/439 2725/242/439 2581/242/439
f 2574/242/441 2716/242/441 2721/242/441 2577/242/441
f 2570/242/443 2712/242/443 2717/242/443 2573/242/443
f 2566/242/445 2708/242/445 2713/242/445 2569/242/445
f 2589/242/486 2734/242/486 2739/242/486 2592/242/486
f 2593/242/487 2738/242/487 2678/242/487 2535/242/487
f 2541/242/490 2686/242/490 2691/242/490 2544/242/490
f 2537/242/492 2682/242/492 2687/242/492 2540/242/492
f 2545/242/493 2690/242/493 2695/242/493 2548/242/493
f 2549/242/495 2694/242/495 2699/242/495 2552/242/495
f 2553/242/497 2698/242/497 2703/242/497 2556/242/497
f 2557/242/499 2702/242/499 2705/242/499 2561/242/499
f 2562/242/501 2704/242/501 2709/242/501 2565/242/501
f 2532/242/502 2533/242/502 2534/242/502 2535/242/502
f 2536/242/502 2537/242/502 2538/242/502 2539/242/502
f 2540/242/502 2541/242/502 2542/242/502 2543/242/502
f 2544/242/502 2545/242/502 2546/242/502 2547/242/502
f 2548/242/502 2549/242/502 2550/242/502 2551/242/502
f 2552/242/502 2553/242/502 2554/242/502 2555/242/502
f 2556/242/502 2557/242/502 2558/242/502 2559/242/502
f 2584/242/502 2585/242/502 2586/242/502 2587/242/502
f 2588/242/502 2589/242/502 2590/242/502 2591/242/502
f 2592/242/502 2593/242/502 2594/242/502 2595/242/502
f 2704/242/502 2705/242/502 2706/242/502 2707/242/502
f 2708/242/502 2709/242/502 2710/242/502 2711/242/502
f 2712/242/502 2713/242/502 2714/242/502 2715/242/502
f 2716/242/502 2717/242/502 2718/242/502 2719/242/502
f 2720/242/502 2721/242/502 2722/242/502 2723/242/502
f 2724/242/502 2725/242/502 2726/242/502 2727/242/502
f 2728/242/502 2729/242/502 2730/242/502 2731/242/502
f 2581/242/502 2725/242/502 2724/242/502 2582/242/502
f 2577/242/502 2721/242/502 2720/242/502 2578/242/502
f 2573/242/502 2717/242/502 2716/242/502 2574/242/502
f 2569/242/502 2713/242/502 2712/242/502 2570/242/502
f 2704/242/502 2562/242/502 2561/242/502 2705/242/502
f 2565/242/502 2709/242/502 2708/242/502 2566/242/502
f 2683/242/502 2677/242/502 2676/242/502 2680/242/502
f 2687/242/502 2682/242/502 2681/242/502 2684/242/502
f 2691/242/502 2686/242/502 2685/242/502 2688/242/502
f 2695/242/502 2690/242/502 2689/242/502 2692/242/502
f 2699/242/502 2694/242/502 2693/242/502 2696/242/502
f 2703/242/502 2698/242/502 2697/242/502 2700/242/502
f 2705/242/502 2702/242/502 2701/242/502 2706/242/502
f 2709/242/502 2704/242/502 2707/242/502 2710/242/502
f 2713/242/502 2708/242/502 2711/242/502 2714/242/502
f 2717/242/502 2712/242/502 2715/242/502 2718/242/502
f 2721/242/502 2716/242/502 2719/242/502 2722/242/502
f 2725/242/502 2720/242/502 2723/242/502 2726/242/502
f 2728/242/502 2724/242/502 2727/242/502 2729/242/502
f 2735/242/502 2731/242/502 2730/242/502 2732/242/502
f 2739/242/502 2734/242/502 2733/242/502 2736/242/502
f 2678/242/502 2738/242/502 2737/242/502 2679/242/502
f 2584/242/502 2728/242/502 2731/242/502 2585/242/502
f 2588/242/502 2735/242/502 2734/242/502 2589/242/502
f 2536/242/502 2683/242/502 2682/242/502 2537/242/502
f 2677/242/502 2532/242/502 2535/242/502 2678/242/502
f 2592/242/502 2739/242/502 2738/242/502 2593/242/502
f 2540/242/502 2687/242/502 2686/242/502 2541/242/502
f 2544/242/502 2691/242/502 2690/242/502 2545/242/502
f 2548/242/502 2695/242/502 2694/242/502 2549/242/502
f 2552/242/502 2699/242/502 2698/242/502 2553/242/502
f 2556/242/502 2703/242/502 2702/242/502 2557/242/502
f 3423/242/502 3320/242/502 3323/242/502 3422/242/502
usemtl Material.009
f 2396/242/415 2524/242/415 2521/242/415 2395/242/415
f 2368/242/416 2497/242/416 2494/242/416 2367/242/416
f 2400/242/417 2528/242/417 2525/242/417 2399/242/417
f 2372/242/418 2501/242/418 2498/242/418 2371/242/418
f 2404/242/419 2533/242/419 2539/242/419 2408/242/419
f 2376/242/420 2504/242/420 2502/242/420 2375/242/420
f 2341/242/421 2471/242/421 2529/242/421 2403/242/421
f 2345/242/422 2343/242/422 2405/242/422 2411/242/422
f 2380/242/423 2508/242/423 2505/242/423 2379/242/423
f 2352/242/424 2481/242/424 2477/242/424 2351/242/424
f 2384/242/425 2512/242/425 2509/242/425 2383/242/425
f 2356/242/426 2485/242/426 2482/242/426 2355/242/426
f 2388/242/427 2516/242/427 2513/242/427 2387/242/427
f 2360/242/428 2489/242/428 2486/242/428 2359/242/428
f 2392/242/429 2520/242/429 2517/242/429 2391/242/429
f 2364/242/430 2493/242/430 2490/242/430 2363/242/430
f 2369/242/448 2366/242/448 2430/242/448 2435/242/448
f 2425/242/449 2554/242/449 2559/242/449 2428/242/449
f 2409/242/450 2538/242/450 2543/242/450 2412/242/450
f 2373/242/451 2370/242/451 2434/242/451 2439/242/451
f 2429/242/452 2558/242/452 2560/242/452 2432/242/452
f 2377/242/453 2374/242/453 2438/242/453 2443/242/453
f 2433/242/454 2563/242/454 2564/242/454 2436/242/454
f 2381/242/455 2378/242/455 2442/242/455 2447/242/455
f 2437/242/456 2567/242/456 2568/242/456 2440/242/456
f 2385/242/457 2382/242/457 2446/242/457 2451/242/457
f 2441/242/458 2571/242/458 2572/242/458 2444/242/458
f 2389/242/459 2386/242/459 2450/242/459 2455/242/459
f 2445/242/460 2575/242/460 2576/242/460 2448/242/460
f 2393/242/461 2390/242/461 2454/242/461 2459/242/461
f 2449/242/462 2579/242/462 2580/242/462 2452/242/462
f 2397/242/463 2394/242/463 2458/242/463 2463/242/463
f 2342/242/464 2402/242/464 2466/242/464 2406/242/464
f 2401/242/465 2398/242/465 2462/242/465 2467/242/465
f 2349/242/466 2346/242/466 2410/242/466 2415/242/466
f 2348/242/467 2476/242/467 2473/242/467 2347/242/467
f 2353/242/468 2350/242/468 2414/242/468 2419/242/468
f 2465/242/469 2594/242/469 2534/242/469 2407/242/469
f 2453/242/470 2583/242/470 2587/242/470 2456/242/470
f 2357/242/471 2354/242/471 2418/242/471 2423/242/471
f 2413/242/472 2542/242/472 2547/242/472 2416/242/472
f 2457/242/473 2586/242/473 2591/242/473 2460/242/473
f 2361/242/474 2358/242/474 2422/242/474 2427/242/474
f 2417/242/475 2546/242/475 2551/242/475 2420/242/475
f 2461/242/476 2590/242/476 2595/242/476 2464/242/476
f 2365/242/477 2362/242/477 2426/242/477 2431/242/477
f 2421/242/478 2550/242/478 2555/242/478 2424/242/478
f 2340/242/502 2341/242/502 2342/242/502 2343/242/502
f 2344/242/502 2345/242/502 2346/242/502 2347/242/502
f 2348/242/502 2349/242/502 2350/242/502 2351/242/502
f 2352/242/502 2353/242/502 2354/242/502 2355/242/502
f 2356/242/502 2357/242/502 2358/242/502 2359/242/502
f 2360/242/502 2361/242/502 2362/242/502 2363/242/502
f 2364/242/502 2365/242/502 2366/242/502 2367/242/502
f 2368/242/502 2369/242/502 2370/242/502 2371/242/502
f 2372/242/502 2373/242/502 2374/242/502 2375/242/502
f 2376/242/502 2377/242/502 2378/242/502 2379/242/502
f 2380/242/502 2381/242/502 2382/242/502 2383/242/502
f 2384/242/502 2385/242/502 2386/242/502 2387/242/502
f 2388/242/502 2389/242/502 2390/242/502 2391/242/502
f 2392/242/502 2393/242/502 2394/242/502 2395/242/502
f 2396/242/502 2397/242/502 2398/242/502 2399/242/502
f 2400/242/502 2401/242/502 2402/242/502 2403/242/502
f 2404/242/502 2405/242/502 2406/242/502 2407/242/502
f 2408/242/502 2409/242/502 2410/242/502 2411/242/502
f 2412/242/502 2413/242/502 2414/242/502 2415/242/502
f 2416/242/502 2417/242/502 2418/242/502 2419/242/502
f 2420/242/502 2421/242/502 2422/242/502 2423/242/502
f 2424/242/502 2425/242/502 2426/242/502 2427/242/502
f 2428/242/502 2429/242/502 2430/242/502 2431/242/502
f 2432/242/502 2433/242/502 2434/242/502 2435/242/502
f 2436/242/502 2437/242/502 2438/242/502 2439/242/502
f 2440/242/502 2441/242/502 2442/242/502 2443/242/502
f 2444/242/502 2445/242/502 2446/242/502 2447/242/502
f 2448/242/502 2449/242/502 2450/242/502 2451/242/502
f 2452/242/502 2453/242/502 2454/242/502 2455/242/502
f 2456/242/502 2457/242/502 2458/242/502 2459/242/502
f 2460/242/502 2461/242/502 2462/242/502 2463/242/502
f 2464/242/502 2465/242/502 2466/242/502 2467/242/502
f 2468/242/502 2469/242/502 2470/242/502 2471/242/502
f 2472/242/502 2473/242/502 2474/242/502 2475/242/502
f 2476/242/502 2477/242/502 2478/242/502 2479/242/502
f 2504/242/502 2505/242/502 2506/242/502 2507/242/502
f 2508/242/502 2509/242/502 2510/242/502 2511/242/502
f 2512/242/502 2513/242/502 2514/242/502 2515/242/502
f 2516/242/502 2517/242/502 2518/242/502 2519/242/502
f 2520/242/502 2521/242/502 2522/242/502 2523/242/502
f 2524/242/502 2525/242/502 2526/242/502 2527/242/502
f 2528/242/502 2529/242/502 2530/242/502 2531/242/502
f 2560/242/502 2561/242/502 2562/242/502 2563/242/502
f 2564/242/502 2565/242/502 2566/242/502 2567/242/502
f 2568/242/502 2569/242/502 2570/242/502 2571/242/502
f 2572/242/502 2573/242/502 2574/242/502 2575/242/502
f 2576/242/502 2577/242/502 2578/242/502 2579/242/502
f 2580/242/502 2581/242/502 2582/242/502 2583/242/502
f 2344/242/502 2340/242/502 2343/242/502 2345/242/502
f 2348/242/502 2347/242/502 2346/242/502 2349/242/502
f 2352/242/502 2351/242/502 2350/242/502 2353/242/502
f 2356/242/502 2355/242/502 2354/242/502 2357/242/502
f 2360/242/502 2359/242/502 2358/242/502 2361/242/502
f 2364/242/502 2363/242/502 2362/242/502 2365/242/502
f 2368/242/502 2367/242/502 2366/242/502 2369/242/502
f 2372/242/502 2371/242/502 2370/242/502 2373/242/502
f 2376/242/502 2375/242/502 2374/242/502 2377/242/502
f 2380/242/502 2379/242/502 2378/242/502 2381/242/502
f 2384/242/502 2383/242/502 2382/242/502 2385/242/502
f 2388/242/502 2387/242/502 2386/242/502 2389/242/502
f 2392/242/502 2391/242/502 2390/242/502 2393/242/502
f 2396/242/502 2395/242/502 2394/242/502 2397/242/502
f 2400/242/502 2399/242/502 2398/242/502 2401/242/502
f 2341/242/502 2403/242/502 2402/242/502 2342/242/502
f 2411/242/502 2405/242/502 2404/242/502 2408/242/502
f 2415/242/502 2410/242/502 2409/242/502 2412/242/502
f 2419/242/502 2414/242/502 2413/242/502 2416/242/502
f 2423/242/502 2418/242/502 2417/242/502 2420/242/502
f 2427/242/502 2422/242/502 2421/242/502 2424/242/502
f 2431/242/502 2426/242/502 2425/242/502 2428/242/502
f 2435/242/502 2430/242/502 2429/242/502 2432/242/502
f 2439/242/502 2434/242/502 2433/242/502 2436/242/502
f 2443/242/502 2438/242/502 2437/242/502 2440/242/502
f 2447/242/502 2442/242/502 2441/242/502 2444/242/502
f 2451/242/502 2446/242/502 2445/242/502 2448/242/502
f 2455/242/502 2450/242/502 2449/242/502 2452/242/502
f 2459/242/502 2454/242/502 2453/242/502 2456/242/502
f 2463/242/502 2458/242/502 2457/242/502 2460/242/502
f 2467/242/502 2462/242/502 2461/242/502 2464/242/502
f 2406/242/502 2466/242/502 2465/242/502 2407/242/502
f 2389/242/502 2455/242/502 2454/242/502 2390/242/502
f 2458/242/502 2394/242/502 2393/242/502 2459/242/502
f 2361/242/502 2427/242/502 2426/242/502 2362/242/502
f 2430/242/502 2366/242/502 2365/242/502 2431/242/502
f 2462/242/502 2398/242/502 2397/242/502 2463/242/502
f 2434/242/502 2370/242/502 2369/242/502 2435/242/502
f 2466/242/502 2402/242/502 2401/242/502 2467/242/502
f 2438/242/502 2374/242/502 2373/242/502 2439/242/502
f 2342/242/502 2406/242/502 2405/242/502 2343/242/502
f 2410/242/502 2346/242/502 2345/242/502 2411/242/502
f 2442/242/502 2378/242/502 2377/242/502 2443/242/502
f 2414/242/502 2350/242/502 2349/242/502 2415/242/502
f 2446/242/502 2382/242/502 2381/242/502 2447/242/502
f 2418/242/502 2354/242/502 2353/242/502 2419/242/502
f 2450/242/502 2386/242/502 2385/242/502 2451/242/502
f 2422/242/502 2358/242/502 2357/242/502 2423/242/502
f 2539/242/502 2533/242/502 2532/242/502 2536/242/502
f 2543/242/502 2538/242/502 2537/242/502 2540/242/502
f 2547/242/502 2542/242/502 2541/242/502 2544/242/502
f 2551/242/502 2546/242/502 2545/242/502 2548/242/502
f 2555/242/502 2550/242/502 2549/242/502 2552/242/502
f 2559/242/502 2554/242/502 2553/242/502 2556/242/502
f 2560/242/502 2558/242/502 2557/242/502 2561/242/502
f 2564/242/502 2563/242/502 2562/242/502 2565/242/502
f 2568/242/502 2567/242/502 2566/242/502 2569/242/502
f 2572/242/502 2571/242/502 2570/242/502 2573/242/502
f 2576/242/502 2575/242/502 2574/242/502 2577/242/502
f 2580/242/502 2579/242/502 2578/242/502 2581/242/502
f 2587/242/502 2583/242/502 2582/242/502 2584/242/502
f 2591/242/502 2586/242/502 2585/242/502 2588/242/502
f 2595/242/502 2590/242/502 2589/242/502 2592/242/502
f 2534/242/502 2594/242/502 2593/242/502 2535/242/502
f 2464/242/502 2595/242/502 2594/242/502 2465/242/502
f 2590/242/502 2461/242/502 2460/242/502 2591/242/502
f 2367/242/502 2494/242/502 2493/242/502 2364/242/502
f 2497/242/502 2368/242/502 2371/242/502 2498/242/502
f 2424/242/502 2555/242/502 2554/242/502 2425/242/502
f 2550/242/502 2421/242/502 2420/242/502 2551/242/502
f 2407/242/502 2534/242/502 2533/242/502 2404/242/502
f 2501/242/502 2372/242/502 2375/242/502 2502/242/502
f 2428/242/502 2559/242/502 2558/242/502 2429/242/502
f 2504/242/502 2376/242/502 2379/242/502 2505/242/502
f 2432/242/502 2560/242/502 2563/242/502 2433/242/502
f 2508/242/502 2380/242/502 2383/242/502 2509/242/502
f 2436/242/502 2564/242/502 2567/242/502 2437/242/502
f 2512/242/502 2384/242/502 2387/242/502 2513/242/502
f 2440/242/502 2568/242/502 2571/242/502 2441/242/502
f 2516/242/502 2388/242/502 2391/242/502 2517/242/502
f 2444/242/502 2572/242/502 2575/242/502 2445/242/502
f 2520/242/502 2392/242/502 2395/242/502 2521/242/502
f 2448/242/502 2576/242/502 2579/242/502 2449/242/502
f 2524/242/502 2396/242/502 2399/242/502 2525/242/502
f 2340/242/502 2468/242/502 2471/242/502 2341/242/502
f 2472/242/502 2344/242/502 2347/242/502 2473/242/502
f 2528/242/502 2400/242/502 2403/242/502 2529/242/502
f 2476/242/502 2348/242/502 2351/242/502 2477/242/502
f 2481/242/502 2352/242/502 2355/242/502 2482/242/502
f 2408/242/502 2539/242/502 2538/242/502 2409/242/502
f 2452/242/502 2580/242/502 2583/242/502 2453/242/502
f 2485/242/502 2356/242/502 2359/242/502 2486/242/502
f 2412/242/502 2543/242/502 2542/242/502 2413/242/502
f 2456/242/502 2587/242/502 2586/242/502 2457/242/502
f 2489/242/502 2360/242/502 2363/242/502 2490/242/502
f 2416/242/502 2547/242/502 2546/242/502 2417/242/502
f 2344/242/589 2472/242/589 2468/242/589 2340/242/589
usemtl Material.010
f 2484/242/431 2617/242/431 2613/242/431 2483/242/431
f 2479/242/432 2610/242/432 2601/242/432 2474/242/432
f 2480/242/434 2612/242/434 2606/242/434 2478/242/434
f 2470/242/437 2596/242/437 2671/242/437 2530/242/437
f 2531/242/438 2675/242/438 2666/242/438 2526/242/438
f 2527/242/440 2670/242/440 2661/242/440 2522/242/440
f 2523/242/442 2665/242/442 2656/242/442 2518/242/442
f 2519/242/444 2660/242/444 2651/242/444 2514/242/444
f 2515/242/446 2655/242/446 2646/242/446 2510/242/446
f 2475/242/447 2605/242/447 2597/242/447 2469/242/447
f 2733/242/448 2879/242/448 2880/242/448 2736/242/448
f 2621/242/479 3472/242/479 3475/242/479 2619/242/479
f 2599/242/480 3465/242/480 3517/242/480 2740/242/480
f 2730/242/477 2872/242/477 2876/242/477 2732/242/477
f 2745/242/481 3514/242/481 3461/242/481 2603/242/481
f 2649/242/466 2794/242/466 2787/242/466 2642/242/466
f 2727/242/474 2868/242/474 2873/242/474 2729/242/474
f 2620/242/482 3477/242/482 3542/242/482 2761/242/482
f 2805/242/483 3523/242/483 3497/242/483 2663/242/483
f 2723/242/471 2864/242/471 2869/242/471 2726/242/471
f 2664/242/484 3496/242/484 3499/242/484 2657/242/484
f 2719/242/468 2860/242/468 2865/242/468 2722/242/468
f 2795/242/485 3529/242/485 3491/242/485 2653/242/485
f 2715/242/466 2856/242/466 2861/242/466 2718/242/466
f 2780/242/451 2916/242/451 2913/242/451 2778/242/451
f 2711/242/422 2852/242/422 2857/242/422 2714/242/422
f 2488/242/488 2622/242/488 2618/242/488 2487/242/488
f 2604/242/489 3460/242/489 3463/242/489 2598/242/489
f 2492/242/491 2627/242/491 2623/242/491 2491/242/491
f 2496/242/494 2632/242/494 2628/242/494 2495/242/494
f 2500/242/496 2637/242/496 2633/242/496 2499/242/496
f 2507/242/498 2645/242/498 2638/242/498 2503/242/498
f 2511/242/500 2650/242/500 2641/242/500 2506/242/500
f 2826/242/502 2952/242/502 2956/242/502 2828/242/502
f 2770/242/477 2908/242/477 2905/242/477 2768/242/477
f 2829/242/502 2959/242/502 2960/242/502 2832/242/502
f 2890/242/503 3017/242/503 3015/242/503 2886/242/503
f 2762/242/504 3541/242/504 3538/242/504 2765/242/504
f 2882/242/502 3008/242/502 2948/242/502 2822/242/502
f 2878/242/502 3004/242/502 3009/242/502 2881/242/502
f 2764/242/471 2903/242/471 2896/242/471 2758/242/471
f 2753/242/466 2895/242/466 2888/242/466 2747/242/466
f 2875/242/502 3000/242/502 3005/242/502 2877/242/502
f 2751/242/505 3510/242/505 3535/242/505 2755/242/505
f 2823/242/502 2951/242/502 2953/242/502 2825/242/502
f 2871/242/502 2996/242/502 3001/242/502 2874/242/502
f 2743/242/464 2884/242/464 2944/242/464 2817/242/464
f 2811/242/506 3522/242/506 3512/242/506 2819/242/506
f 2867/242/502 2992/242/502 2997/242/502 2870/242/502
f 2737/242/451 2883/242/451 2821/242/451 2679/242/451
f 2756/242/507 3537/242/507 3467/242/507 2615/242/507
f 2741/242/508 3519/242/508 3515/242/508 2749/242/508
f 2685/242/457 2830/242/457 2835/242/457 2688/242/457
f 2644/242/509 3484/242/509 3487/242/509 2639/242/509
f 2681/242/455 2827/242/455 2831/242/455 2684/242/455
f 2689/242/459 2834/242/459 2839/242/459 2692/242/459
f 2766/242/510 3540/242/510 3473/242/510 2625/242/510
f 2693/242/461 2838/242/461 2843/242/461 2696/242/461
f 2608/242/511 3471/242/511 3508/242/511 2750/242/511
f 2697/242/463 2842/242/463 2847/242/463 2700/242/463
f 2776/242/512 3546/242/512 3479/242/512 2635/242/512
f 2701/242/465 2846/242/465 2849/242/465 2706/242/465
f 2669/242/477 2814/242/477 2806/242/477 2662/242/477
f 2707/242/464 2848/242/464 2853/242/464 2710/242/464
f 2786/242/513 3552/242/513 3485/242/513 2643/242/513
f 2924/242/514 3052/242/514 3049/242/514 2923/242/514
f 2973/242/515 3103/242/515 3104/242/515 2976/242/515
f 2920/242/516 3048/242/516 3044/242/516 2918/242/516
f 2970/242/517 3096/242/517 3100/242/517 2972/242/517
f 2919/242/518 3047/242/518 3040/242/518 2914/242/518
f 2966/242/519 3092/242/519 3097/242/519 2969/242/519
f 2915/242/520 3043/242/520 3036/242/520 2910/242/520
f 2962/242/521 3088/242/521 3093/242/521 2965/242/521
f 2955/242/522 3080/242/522 3085/242/522 2957/242/522
f 2911/242/523 3039/242/523 3032/242/523 2906/242/523
f 2958/242/524 3084/242/524 3089/242/524 2961/242/524
f 3016/242/502 3144/242/502 3140/242/502 3012/242/502
f 2907/242/525 3035/242/525 3028/242/525 2901/242/525
f 3011/242/526 3136/242/526 3076/242/526 2949/242/526
f 3007/242/527 3132/242/527 3137/242/527 3010/242/527
f 2902/242/528 3031/242/528 3024/242/528 2897/242/528
f 2833/242/502 2963/242/502 2964/242/502 2836/242/502
f 2779/242/448 2912/242/448 2909/242/448 2774/242/448
f 2837/242/502 2967/242/502 2968/242/502 2840/242/502
f 2773/242/529 3547/242/529 3544/242/529 2775/242/529
f 2841/242/502 2971/242/502 2975/242/502 2844/242/502
f 2783/242/530 3553/242/530 3550/242/530 2785/242/530
f 2845/242/502 2974/242/502 2979/242/502 2850/242/502
f 2793/242/455 2925/242/455 2922/242/455 2788/242/455
f 2851/242/502 2978/242/502 2983/242/502 2854/242/502
f 2791/242/531 3534/242/531 3530/242/531 2799/242/531
f 2855/242/502 2982/242/502 2987/242/502 2858/242/502
f 2803/242/459 2933/242/459 2930/242/459 2797/242/459
f 2859/242/502 2986/242/502 2989/242/502 2862/242/502
f 2801/242/532 3528/242/532 3524/242/532 2809/242/532
f 2863/242/502 2988/242/502 2993/242/502 2866/242/502
f 2813/242/463 2943/242/463 2936/242/463 2807/242/463
f 3121/242/502 3251/242/502 3252/242/502 3124/242/502
f 3068/242/502 3196/242/502 3194/242/502 3067/242/502
f 3118/242/502 3244/242/502 3248/242/502 3120/242/502
f 3064/242/502 3193/242/502 3188/242/502 3062/242/502
f 3114/242/502 3240/242/502 3245/242/502 3117/242/502
f 3063/242/502 3191/242/502 3184/242/502 3058/242/502
f 3110/242/502 3236/242/502 3241/242/502 3113/242/502
f 3059/242/502 3187/242/502 3180/242/502 3054/242/502
f 3106/242/502 3232/242/502 3237/242/502 3109/242/502
f 3055/242/502 3183/242/502 3176/242/502 3050/242/502
f 3102/242/502 3228/242/502 3233/242/502 3105/242/502
f 3051/242/502 3179/242/502 3172/242/502 3045/242/502
f 3099/242/502 3224/242/502 3229/242/502 3101/242/502
f 3046/242/502 3175/242/502 3168/242/502 3041/242/502
f 3095/242/502 3220/242/502 3225/242/502 3098/242/502
f 3042/242/502 3171/242/502 3164/242/502 3037/242/502
f 2977/242/533 3107/242/533 3108/242/533 2980/242/533
f 2928/242/534 3056/242/534 3053/242/534 2927/242/534
f 2981/242/535 3111/242/535 3112/242/535 2984/242/535
f 2932/242/536 3060/242/536 3057/242/536 2931/242/536
f 2985/242/537 3115/242/537 3116/242/537 2990/242/537
f 2938/242/538 3065/242/538 3061/242/538 2935/242/538
f 2991/242/539 3119/242/539 3123/242/539 2994/242/539
f 2942/242/540 3069/242/540 3066/242/540 2937/242/540
f 2995/242/541 3122/242/541 3127/242/541 2998/242/541
f 2946/242/542 3073/242/542 3070/242/542 2941/242/542
f 2887/242/543 3014/242/543 3074/242/543 2945/242/543
f 2999/242/544 3126/242/544 3129/242/544 3002/242/544
f 2950/242/545 3079/242/545 3081/242/545 2954/242/545
f 2898/242/546 3027/242/546 3020/242/546 2893/242/546
f 3003/242/547 3128/242/547 3133/242/547 3006/242/547
f 2894/242/548 3023/242/548 3018/242/548 2889/242/548
f 3170/242/502 3296/242/502 3293/242/502 3165/242/502
f 3219/242/502 3347/242/502 3348/242/502 3222/242/502
f 3210/242/502 3336/242/502 3341/242/502 3213/242/502
f 3166/242/502 3292/242/502 3288/242/502 3161/242/502
f 3214/242/502 3340/242/502 3344/242/502 3218/242/502
f 3274/242/422 3398/242/422 3397/242/422 3270/242/422
f 3162/242/502 3291/242/502 3284/242/502 3158/242/502
f 3266/242/502 3392/242/502 3332/242/502 3206/242/502
f 3262/242/502 3388/242/502 3393/242/502 3265/242/502
f 3159/242/502 3287/242/502 3280/242/502 3154/242/502
f 3151/242/502 3279/242/502 3272/242/502 3146/242/502
f 3258/242/502 3384/242/502 3389/242/502 3261/242/502
f 3155/242/502 3283/242/502 3276/242/502 3150/242/502
f 3207/242/502 3335/242/502 3337/242/502 3209/242/502
f 3254/242/502 3380/242/502 3385/242/502 3257/242/502
f 3142/242/502 3268/242/502 3328/242/502 3202/242/502
f 3072/242/502 3200/242/502 3197/242/502 3071/242/502
f 3013/242/502 3143/242/502 3201/242/502 3075/242/502
f 3125/242/502 3255/242/502 3256/242/502 3130/242/502
f 3078/242/502 3204/242/502 3208/242/502 3082/242/502
f 3026/242/502 3152/242/502 3149/242/502 3021/242/502
f 3131/242/502 3259/242/502 3260/242/502 3134/242/502
f 3022/242/502 3148/242/502 3145/242/502 3019/242/502
f 3030/242/502 3156/242/502 3153/242/502 3025/242/502
f 3135/242/502 3263/242/502 3264/242/502 3138/242/502
f 3139/242/502 3267/242/502 3205/242/502 3077/242/502
f 3034/242/502 3163/242/502 3157/242/502 3029/242/502
f 3147/242/502 3275/242/502 3269/242/502 3141/242/502
f 3087/242/502 3215/242/502 3217/242/502 3090/242/502
f 3038/242/502 3167/242/502 3160/242/502 3033/242/502
f 3083/242/502 3211/242/502 3212/242/502 3086/242/502
f 3091/242/502 3216/242/502 3221/242/502 3094/242/502
f 3365/242/549 3444/242/549 3447/242/549 3368/242/549
f 3312/242/457 3418/242/457 3417/242/457 3311/242/457
f 3361/242/550 3442/242/550 3445/242/550 3364/242/550
f 3308/242/455 3416/242/455 3414/242/455 3306/242/455
f 3358/242/551 3441/242/551 3443/242/551 3360/242/551
f 3307/242/453 3415/242/453 3412/242/453 3302/242/453
f 3354/242/552 3439/242/552 3440/242/552 3357/242/552
f 3303/242/451 3413/242/451 3410/242/451 3298/242/451
f 3350/242/553 3437/242/553 3438/242/553 3353/242/553
f 3299/242/448 3411/242/448 3408/242/448 3294/242/448
f 3346/242/554 3435/242/554 3436/242/554 3349/242/554
f 3339/242/555 3431/242/555 3432/242/555 3342/242/555
f 3295/242/477 3409/242/477 3406/242/477 3289/242/477
f 3343/242/556 3433/242/556 3434/242/556 3345/242/556
f 3400/242/557 3401/242/557 3403/242/557 3402/242/557 3405/242/557 3404/242/557 3407/242/557 3406/242/557 3409/242/557 3408/242/557 3411/242/557 3410/242/557 3413/242/557 3412/242/557 3415/242/557 3414/242/557 3416/242/557 3417/242/557 3418/242/557 3419/242/557 3420/242/557 3421/242/557 3423/242/557 3424/242/557 3426/242/557 3427/242/557 3396/242/557 3397/242/557 3398/242/557 3399/242/557
f 3290/242/474 3407/242/474 3404/242/474 3285/242/474
f 3223/242/502 3351/242/502 3352/242/502 3226/242/502
f 3174/242/502 3300/242/502 3297/242/502 3169/242/502
f 3227/242/502 3355/242/502 3356/242/502 3230/242/502
f 3178/242/502 3304/242/502 3301/242/502 3173/242/502
f 3231/242/502 3359/242/502 3363/242/502 3234/242/502
f 3182/242/502 3309/242/502 3305/242/502 3177/242/502
f 3235/242/502 3362/242/502 3367/242/502 3238/242/502
f 3186/242/502 3313/242/502 3310/242/502 3181/242/502
f 3239/242/502 3366/242/502 3371/242/502 3242/242/502
f 3190/242/502 3317/242/502 3314/242/502 3185/242/502
f 3243/242/502 3370/242/502 3375/242/502 3246/242/502
f 3192/242/502 3321/242/502 3318/242/502 3189/242/502
f 3247/242/502 3374/242/502 3377/242/502 3249/242/502
f 3199/242/502 3327/242/502 3322/242/502 3195/242/502
f 3250/242/502 3376/242/502 3381/242/502 3253/242/502
f 3203/242/502 3331/242/502 3324/242/502 3198/242/502
f 3426/242/558 3458/242/558 3456/242/558 3424/242/558
f 3411/242/559 3443/242/559 3441/242/559 3408/242/559
f 3413/242/560 3445/242/560 3442/242/560 3410/242/560
f 3432/242/557 3433/242/557 3434/242/557 3435/242/557 3436/242/557 3437/242/557 3438/242/557 3439/242/557 3440/242/557 3441/242/557 3443/242/557 3442/242/557 3445/242/557 3444/242/557 3447/242/557 3446/242/557 3449/242/557 3448/242/557 3451/242/557 3450/242/557 3453/242/557 3452/242/557 3455/242/557 3456/242/557 3458/242/557 3459/242/557 3428/242/557 3429/242/557 3430/242/557 3431/242/557
f 3415/242/561 3447/242/561 3444/242/561 3412/242/561
f 3396/242/562 3428/242/562 3459/242/562 3427/242/562
f 3400/242/563 3432/242/563 3431/242/563 3399/242/563
f 3416/242/564 3449/242/564 3446/242/564 3414/242/564
f 3403/242/565 3401/242/565 3433/242/565 3434/242/565
f 3418/242/565 3451/242/565 3448/242/565 3417/242/565
f 3405/242/566 3436/242/566 3435/242/566 3402/242/566
f 3420/242/567 3453/242/567 3450/242/567 3419/242/567
f 3407/242/568 3438/242/568 3437/242/568 3404/242/568
f 3423/242/569 3455/242/569 3452/242/569 3421/242/569
f 3409/242/570 3440/242/570 3439/242/570 3406/242/570
f 3316/242/459 3420/242/459 3419/242/459 3315/242/459
f 3369/242/571 3446/242/571 3449/242/571 3372/242/571
f 3320/242/461 3423/242/461 3421/242/461 3319/242/461
f 3373/242/572 3448/242/572 3451/242/572 3378/242/572
f 3326/242/463 3425/242/463 3422/242/463 3323/242/463
f 3379/242/573 3450/242/573 3453/242/573 3382/242/573
f 3330/242/465 3426/242/465 3424/242/465 3325/242/465
f 3271/242/464 3396/242/464 3427/242/464 3329/242/464
f 3383/242/574 3452/242/574 3455/242/574 3454/242/574 3386/242/574
f 3334/242/575 3429/242/575 3430/242/575 3338/242/575
f 3282/242/468 3403/242/468 3401/242/468 3277/242/468
f 3387/242/576 3454/242/576 3457/242/576 3390/242/576
f 3278/242/466 3400/242/466 3399/242/466 3273/242/466
f 3286/242/471 3405/242/471 3402/242/471 3281/242/471
f 3391/242/577 3457/242/577 3456/242/577 3458/242/577 3394/242/577
f 3395/242/578 3459/242/578 3428/242/578 3333/242/578
f 3398/242/579 3430/242/579 3429/242/579 3397/242/579
f 3462/242/453 3516/242/453 3518/242/453 3464/242/453
f 3474/242/461 3539/242/461 3543/242/461 3476/242/461
f 3468/242/457 3536/242/457 3509/242/457 3470/242/457
f 3504/242/448 3513/242/448 3521/242/448 3506/242/448
f 3498/242/474 3525/242/474 3527/242/474 3500/242/474
f 3480/242/465 3545/242/465 3549/242/465 3482/242/465
f 3486/242/422 3551/242/422 3555/242/422 3488/242/422
f 3492/242/468 3531/242/468 3533/242/468 3494/242/468
f 2659/242/471 2804/242/471 2796/242/471 2652/242/471
f 2789/242/453 2921/242/453 2917/242/453 2784/242/453
f 2630/242/580 3483/242/580 3548/242/580 2772/242/580
f 2616/242/459 2760/242/459 2757/242/459 2614/242/459
f 2654/242/581 3490/242/581 3493/242/581 2647/242/581
f 2798/242/457 2929/242/457 2926/242/457 2792/242/457
f 2676/242/453 2820/242/453 2824/242/453 2680/242/453
f 2640/242/502 3489/242/502 3554/242/502 2782/242/502
f 2626/242/463 2771/242/463 2767/242/463 2624/242/463
f 2808/242/461 2939/242/461 2934/242/461 2802/242/461
f 2611/242/582 3466/242/582 3469/242/582 2607/242/582
f 2648/242/583 3495/242/583 3532/242/583 2790/242/583
f 2609/242/455 2754/242/455 2746/242/455 2602/242/455
f 2748/242/422 2891/242/422 2885/242/422 2742/242/422
f 2818/242/465 2947/242/465 2940/242/465 2812/242/465
f 2815/242/584 3511/242/584 3503/242/584 2673/242/584
f 2631/242/585 3478/242/585 3481/242/585 2629/242/585
f 2658/242/586 3501/242/586 3526/242/586 2800/242/586
f 2759/242/468 2899/242/468 2892/242/468 2752/242/468
f 2674/242/587 3502/242/587 3505/242/587 2667/242/587
f 2600/242/451 2744/242/451 2816/242/451 2672/242/451
f 2636/242/464 2781/242/464 2777/242/464 2634/242/464
f 2668/242/588 3507/242/588 3520/242/588 2810/242/588
f 2769/242/474 2904/242/474 2900/242/474 2763/242/474
f 2480/242/502 2481/242/502 2482/242/502 2483/242/502
f 2484/242/502 2485/242/502 2486/242/502 2487/242/502
f 2488/242/502 2489/242/502 2490/242/502 2491/242/502
f 2492/242/502 2493/242/502 2494/242/502 2495/242/502
f 2496/242/502 2497/242/502 2498/242/502 2499/242/502
f 2500/242/502 2501/242/502 2502/242/502 2503/242/502
f 2596/242/502 2597/242/502 2598/242/502 2599/242/502 2600/242/502
f 2601/242/502 2602/242/502 2603/242/502 2604/242/502 2605/242/502
f 2606/242/502 2607/242/502 2608/242/502 2609/242/502 2610/242/502
f 2611/242/502 2612/242/502 2613/242/502 2614/242/502 2615/242/502
f 2616/242/502 2617/242/502 2618/242/502 2619/242/502 2620/242/502
f 2621/242/502 2622/242/502 2623/242/502 2624/242/502 2625/242/502
f 2626/242/502 2627/242/502 2628/242/502 2629/242/502 2630/242/502
f 2631/242/502 2632/242/502 2633/242/502 2634/242/502 2635/242/502
f 2636/242/502 2637/242/502 2638/242/502 2639/242/502 2640/242/502
f 2641/242/502 2642/242/502 2643/242/502 2644/242/502 2645/242/502
f 2646/242/502 2647/242/502 2648/242/502 2649/242/502 2650/242/502
f 2651/242/502 2652/242/502 2653/242/502 2654/242/502 2655/242/502
f 2656/242/502 2657/242/502 2658/242/502 2659/242/502 2660/242/502
f 2661/242/502 2662/242/502 2663/242/502 2664/242/502 2665/242/502
f 2666/242/502 2667/242/502 2668/242/502 2669/242/502 2670/242/502
f 2671/242/502 2672/242/502 2673/242/502 2674/242/502 2675/242/502
f 2676/242/502 2677/242/502 2678/242/502 2679/242/502
f 2680/242/502 2681/242/502 2682/242/502 2683/242/502
f 2684/242/502 2685/242/502 2686/242/502 2687/242/502
f 2688/242/502 2689/242/502 2690/242/502 2691/242/502
f 2692/242/502 2693/242/502 2694/242/502 2695/242/502
f 2696/242/502 2697/242/502 2698/242/502 2699/242/502
f 2700/242/502 2701/242/502 2702/242/502 2703/242/502
f 2732/242/502 2733/242/502 2734/242/502 2735/242/502
f 2736/242/502 2737/242/502 2738/242/502 2739/242/502
f 2740/242/502 2741/242/502 2742/242/502 2743/242/502 2744/242/502
f 2745/242/502 2746/242/502 2747/242/502 2748/242/502 2749/242/502
f 2750/242/502 2751/242/502 2752/242/502 2753/242/502 2754/242/502
f 2755/242/502 2756/242/502 2757/242/502 2758/242/502 2759/242/502
f 2760/242/502 2761/242/502 2762/242/502 2763/242/502 2764/242/502
f 2765/242/502 2766/242/502 2767/242/502 2768/242/502 2769/242/502
f 2770/242/502 2771/242/502 2772/242/502 2773/242/502 2774/242/502
f 2775/242/502 2776/242/502 2777/242/502 2778/242/502 2779/242/502
f 2780/242/502 2781/242/502 2782/242/502 2783/242/502 2784/242/502
f 2785/242/502 2786/242/502 2787/242/502 2788/242/502 2789/242/502
f 2790/242/502 2791/242/502 2792/242/502 2793/242/502 2794/242/502
f 2795/242/502 2796/242/502 2797/242/502 2798/242/502 2799/242/502
f 2800/242/502 2801/242/502 2802/242/502 2803/242/502 2804/242/502
f 2805/242/502 2806/242/502 2807/242/502 2808/242/502 2809/242/502
f 2810/242/502 2811/242/502 2812/242/502 2813/242/502 2814/242/502
f 2815/242/502 2816/242/502 2817/242/502 2818/242/502 2819/242/502
f 2820/242/502 2821/242/502 2822/242/502 2823/242/502
f 2824/242/502 2825/242/502 2826/242/502 2827/242/502
f 2828/242/502 2829/242/502 2830/242/502 2831/242/502
f 2832/242/502 2833/242/502 2834/242/502 2835/242/502
f 2836/242/502 2837/242/502 2838/242/502 2839/242/502
f 2840/242/502 2841/242/502 2842/242/502 2843/242/502
f 2844/242/502 2845/242/502 2846/242/502 2847/242/502
f 2848/242/502 2849/242/502 2850/242/502 2851/242/502
f 2852/242/502 2853/242/502 2854/242/502 2855/242/502
f 2856/242/502 2857/242/502 2858/242/502 2859/242/502
f 2860/242/502 2861/242/502 2862/242/502 2863/242/502
f 2864/242/502 2865/242/502 2866/242/502 2867/242/502
f 2868/242/502 2869/242/502 2870/242/502 2871/242/502
f 2872/242/502 2873/242/502 2874/242/502 2875/242/502
f 2876/242/502 2877/242/502 2878/242/502 2879/242/502
f 2880/242/502 2881/242/502 2882/242/502 2883/242/502
f 2884/242/502 2885/242/502 2886/242/502 2887/242/502
f 2888/242/502 2889/242/502 2890/242/502 2891/242/502
f 2892/242/502 2893/242/502 2894/242/502 2895/242/502
f 2896/242/502 2897/242/502 2898/242/502 2899/242/502
f 2900/242/502 2901/242/502 2902/242/502 2903/242/502
f 2904/242/502 2905/242/502 2906/242/502 2907/242/502
f 2908/242/502 2909/242/502 2910/242/502 2911/242/502
f 2912/242/502 2913/242/502 2914/242/502 2915/242/502
f 2916/242/502 2917/242/502 2918/242/502 2919/242/502
f 2920/242/502 2921/242/502 2922/242/502 2923/242/502
f 2924/242/502 2925/242/502 2926/242/502 2927/242/502
f 2928/242/502 2929/242/502 2930/242/502 2931/242/502
f 2932/242/502 2933/242/502 2934/242/502 2935/242/502
f 2936/242/502 2937/242/502 2938/242/502 2939/242/502
f 2940/242/502 2941/242/502 2942/242/502 2943/242/502
f 2944/242/502 2945/242/502 2946/242/502 2947/242/502
f 2948/242/502 2949/242/502 2950/242/502 2951/242/502
f 2952/242/502 2953/242/502 2954/242/502 2955/242/502
f 2956/242/502 2957/242/502 2958/242/502 2959/242/502
f 2960/242/502 2961/242/502 2962/242/502 2963/242/502
f 2964/242/502 2965/242/502 2966/242/502 2967/242/502
f 2968/242/502 2969/242/502 2970/242/502 2971/242/502
f 2972/242/502 2973/242/502 2974/242/502 2975/242/502
f 2976/242/502 2977/242/502 2978/242/502 2979/242/502
f 2980/242/502 2981/242/502 2982/242/502 2983/242/502
f 2984/242/502 2985/242/502 2986/242/502 2987/242/502
f 2988/242/502 2989/242/502 2990/242/502 2991/242/502
f 2992/242/502 2993/242/502 2994/242/502 2995/242/502
f 2996/242/502 2997/242/502 2998/242/502 2999/242/502
f 3000/242/502 3001/242/502 3002/242/502 3003/242/502
f 3004/242/502 3005/242/502 3006/242/502 3007/242/502
f 3008/242/502 3009/242/502 3010/242/502 3011/242/502
f 3012/242/502 3013/242/502 3014/242/502 3015/242/502
f 3016/242/502 3017/242/502 3018/242/502 3019/242/502
f 3020/242/502 3021/242/502 3022/242/502 3023/242/502
f 3024/242/502 3025/242/502 3026/242/502 3027/242/502
f 3028/242/502 3029/242/502 3030/242/502 3031/242/502
f 3032/242/502 3033/242/502 3034/242/502 3035/242/502
f 3036/242/502 3037/242/502 3038/242/502 3039/242/502
f 3040/242/502 3041/242/502 3042/242/502 3043/242/502
f 3044/242/502 3045/242/502 3046/242/502 3047/242/502
f 3048/242/502 3049/242/502 3050/242/502 3051/242/502
f 3052/242/502 3053/242/502 3054/242/502 3055/242/502
f 3056/242/502 3057/242/502 3058/242/502 3059/242/502
f 3060/242/502 3061/242/502 3062/242/502 3063/242/502
f 3064/242/502 3065/242/502 3066/242/502 3067/242/502
f 3068/242/502 3069/242/502 3070/242/502 3071/242/502
f 3072/242/502 3073/242/502 3074/242/502 3075/242/502
f 3076/242/502 3077/242/502 3078/242/502 3079/242/502
f 3080/242/502 3081/242/502 3082/242/502 3083/242/502
f 3084/242/502 3085/242/502 3086/242/502 3087/242/502
f 3088/242/502 3089/242/502 3090/242/502 3091/242/502
f 3092/242/502 3093/242/502 3094/242/502 3095/242/502
f 3096/242/502 3097/242/502 3098/242/502 3099/242/502
f 3100/242/502 3101/242/502 3102/242/502 3103/242/502
f 3104/242/502 3105/242/502 3106/242/502 3107/242/502
f 3108/242/502 3109/242/502 3110/242/502 3111/242/502
f 3112/242/502 3113/242/502 3114/242/502 3115/242/502
f 3116/242/502 3117/242/502 3118/242/502 3119/242/502
f 3120/242/502 3121/242/502 3122/242/502 3123/242/502
f 3124/242/502 3125/242/502 3126/242/502 3127/242/502
f 3128/242/502 3129/242/502 3130/242/502 3131/242/502
f 3132/242/502 3133/242/502 3134/242/502 3135/242/502
f 3136/242/502 3137/242/502 3138/242/502 3139/242/502
f 3140/242/502 3141/242/502 3142/242/502 3143/242/502
f 3144/242/502 3145/242/502 3146/242/502 3147/242/502
f 3148/242/502 3149/242/502 3150/242/502 3151/242/502
f 3152/242/502 3153/242/502 3154/242/502 3155/242/502
f 3156/242/502 3157/242/502 3158/242/502 3159/242/502
f 3160/242/502 3161/242/502 3162/242/502 3163/242/502
f 3164/242/502 3165/242/502 3166/242/502 3167/242/502
f 3168/242/502 3169/242/502 3170/242/502 3171/242/502
f 3172/242/502 3173/242/502 3174/242/502 3175/242/502
f 3176/242/502 3177/242/502 3178/242/502 3179/242/502
f 3180/242/502 3181/242/502 3182/242/502 3183/242/502
f 3184/242/502 3185/242/502 3186/242/502 3187/242/502
f 3188/242/502 3189/242/502 3190/242/502 3191/242/502
f 3192/242/502 3193/242/502 3194/242/502 3195/242/502
f 3196/242/502 3197/242/502 3198/242/502 3199/242/502
f 3200/242/502 3201/242/502 3202/242/502 3203/242/502
f 3204/242/502 3205/242/502 3206/242/502 3207/242/502
f 3208/242/502 3209/242/502 3210/242/502 3211/242/502
f 3212/242/502 3213/242/502 3214/242/502 3215/242/502
f 3216/242/502 3217/242/502 3218/242/502 3219/242/502
f 3220/242/502 3221/242/502 3222/242/502 3223/242/502
f 3224/242/502 3225/242/502 3226/242/502 3227/242/502
f 3228/242/502 3229/242/502 3230/242/502 3231/242/502
f 3232/242/502 3233/242/502 3234/242/502 3235/242/502
f 3236/242/502 3237/242/502 3238/242/502 3239/242/502
f 3240/242/502 3241/242/502 3242/242/502 3243/242/502
f 3244/242/502 3245/242/502 3246/242/502 3247/242/502
f 3248/242/502 3249/242/502 3250/242/502 3251/242/502
f 3252/242/502 3253/242/502 3254/242/502 3255/242/502
f 3256/242/502 3257/242/502 3258/242/502 3259/242/502
f 3260/242/502 3261/242/502 3262/242/502 3263/242/502
f 3264/242/502 3265/242/502 3266/242/502 3267/242/502
f 3268/242/502 3269/242/502 3270/242/502 3271/242/502
f 3272/242/502 3273/242/502 3274/242/502 3275/242/502
f 3276/242/502 3277/242/502 3278/242/502 3279/242/502
f 3280/242/502 3281/242/502 3282/242/502 3283/242/502
f 3284/242/502 3285/242/502 3286/242/502 3287/242/502
f 3288/242/502 3289/242/502 3290/242/502 3291/242/502
f 3292/242/502 3293/242/502 3294/242/502 3295/242/502
f 3296/242/502 3297/242/502 3298/242/502 3299/242/502
f 3300/242/502 3301/242/502 3302/242/502 3303/242/502
f 3304/242/502 3305/242/502 3306/242/502 3307/242/502
f 3308/242/502 3309/242/502 3310/242/502 3311/242/502
f 3312/242/502 3313/242/502 3314/242/502 3315/242/502
f 3316/242/502 3317/242/502 3318/242/502 3319/242/502
f 3320/242/502 3321/242/502 3322/242/502 3323/242/502
f 3324/242/502 3325/242/502 3326/242/502 3327/242/502
f 3328/242/502 3329/242/502 3330/242/502 3331/242/502
f 3332/242/502 3333/242/502 3334/242/502 3335/242/502
f 3336/242/502 3337/242/502 3338/242/502 3339/242/502
f 3340/242/502 3341/242/502 3342/242/502 3343/242/502
f 3344/242/502 3345/242/502 3346/242/502 3347/242/502
f 3348/242/502 3349/242/502 3350/242/502 3351/242/502
f 3352/242/502 3353/242/502 3354/242/502 3355/242/502
f 3356/242/502 3357/242/502 3358/242/502 3359/242/502
f 3360/242/502 3361/242/502 3362/242/502 3363/242/502
f 3364/242/502 3365/242/502 3366/242/502 3367/242/502
f 3368/242/502 3369/242/502 3370/242/502 3371/242/502
f 3372/242/502 3373/242/502 3374/242/502 3375/242/502
f 3376/242/502 3377/242/502 3378/242/502 3379/242/502
f 3380/242/502 3381/242/502 3382/242/502 3383/242/502
f 3384/242/502 3385/242/502 3386/242/502 3387/242/502
f 3388/242/502 3389/242/502 3390/242/502 3391/242/502
f 3392/242/502 3393/242/502 3394/242/502 3395/242/502
f 3460/242/502 3461/242/502 3462/242/502
f 3463/242/502 3464/242/502 3465/242/502
f 3466/242/502 3467/242/502 3468/242/502
f 3469/242/502 3470/242/502 3471/242/502
f 3472/242/502 3473/242/502 3474/242/502
f 3475/242/502 3476/242/502 3477/242/502
f 3478/242/502 3479/242/502 3480/242/502
f 3481/242/502 3482/242/502 3483/242/502
f 3484/242/502 3485/242/502 3486/242/502
f 3487/242/502 3488/242/502 3489/242/502
f 3490/242/502 3491/242/502 3492/242/502
f 3493/242/502 3494/242/502 3495/242/502
f 3496/242/502 3497/242/502 3498/242/502
f 3499/242/502 3500/242/502 3501/242/502
f 3502/242/502 3503/242/502 3504/242/502
f 3505/242/502 3506/242/502 3507/242/502
f 3508/242/502 3509/242/502 3510/242/502
f 3511/242/502 3512/242/502 3513/242/502
f 3514/242/502 3515/242/502 3516/242/502
f 3517/242/502 3518/242/502 3519/242/502
f 3520/242/502 3521/242/502 3522/242/502
f 3523/242/502 3524/242/502 3525/242/502
f 3526/242/502 3527/242/502 3528/242/502
f 3529/242/502 3530/242/502 3531/242/502
f 3532/242/502 3533/242/502 3534/242/502
f 3535/242/502 3536/242/502 3537/242/502
f 3538/242/502 3539/242/502 3540/242/502
f 3541/242/502 3542/242/502 3543/242/502
f 3544/242/502 3545/242/502 3546/242/502
f 3547/242/502 3548/242/502 3549/242/502
f 3550/242/502 3551/242/502 3552/242/502
f 3553/242/502 3554/242/502 3555/242/502
f 2475/242/502 2469/242/502 2468/242/502 2472/242/502
f 2479/242/502 2474/242/502 2473/242/502 2476/242/502
f 2480/242/502 2478/242/502 2477/242/502 2481/242/502
f 2484/242/502 2483/242/502 2482/242/502 2485/242/502
f 2488/242/502 2487/242/502 2486/242/502 2489/242/502
f 2492/242/502 2491/242/502 2490/242/502 2493/242/502
f 2496/242/502 2495/242/502 2494/242/502 2497/242/502
f 2500/242/502 2499/242/502 2498/242/502 2501/242/502
f 2507/242/502 2503/242/502 2502/242/502 2504/242/502
f 2511/242/502 2506/242/502 2505/242/502 2508/242/502
f 2515/242/502 2510/242/502 2509/242/502 2512/242/502
f 2519/242/502 2514/242/502 2513/242/502 2516/242/502
f 2523/242/502 2518/242/502 2517/242/502 2520/242/502
f 2527/242/502 2522/242/502 2521/242/502 2524/242/502
f 2531/242/502 2526/242/502 2525/242/502 2528/242/502
f 2470/242/502 2530/242/502 2529/242/502 2471/242/502
f 2610/242/502 2479/242/502 2478/242/502 2606/242/502
f 2675/242/502 2531/242/502 2530/242/502 2671/242/502
f 2605/242/502 2475/242/502 2474/242/502 2601/242/502
f 2469/242/502 2597/242/502 2596/242/502 2470/242/502
f 2670/242/502 2527/242/502 2526/242/502 2666/242/502
f 2665/242/502 2523/242/502 2522/242/502 2661/242/502
f 2660/242/502 2519/242/502 2518/242/502 2656/242/502
f 2655/242/502 2515/242/502 2514/242/502 2651/242/502
f 2650/242/502 2511/242/502 2510/242/502 2646/242/502
f 2506/242/502 2641/242/502 2645/242/502 2507/242/502
f 2604/242/502 2598/242/502 2597/242/502 2605/242/502
f 2609/242/502 2602/242/502 2601/242/502 2610/242/502
f 2611/242/502 2607/242/502 2606/242/502 2612/242/502
f 2616/242/502 2614/242/502 2613/242/502 2617/242/502
f 2621/242/502 2619/242/502 2618/242/502 2622/242/502
f 2626/242/502 2624/242/502 2623/242/502 2627/242/502
f 2631/242/502 2629/242/502 2628/242/502 2632/242/502
f 2636/242/502 2634/242/502 2633/242/502 2637/242/502
f 2644/242/502 2639/242/502 2638/242/502 2645/242/502
f 2649/242/502 2642/242/502 2641/242/502 2650/242/502
f 2654/242/502 2647/242/502 2646/242/502 2655/242/502
f 2659/242/502 2652/242/502 2651/242/502 2660/242/502
f 2664/242/502 2657/242/502 2656/242/502 2665/242/502
f 2669/242/502 2662/242/502 2661/242/502 2670/242/502
f 2674/242/502 2667/242/502 2666/242/502 2675/242/502
f 2600/242/502 2672/242/502 2671/242/502 2596/242/502
f 2729/242/502 2873/242/502 2872/242/502 2730/242/502
f 2754/242/502 2609/242/502 2608/242/502 2750/242/502
f 2815/242/502 2673/242/502 2672/242/502 2816/242/502
f 2726/242/502 2869/242/502 2868/242/502 2727/242/502
f 2745/242/502 2603/242/502 2602/242/502 2746/242/502
f 2599/242/502 2740/242/502 2744/242/502 2600/242/502
f 2814/242/502 2669/242/502 2668/242/502 2810/242/502
f 2722/242/502 2865/242/502 2864/242/502 2723/242/502
f 2805/242/502 2663/242/502 2662/242/502 2806/242/502
f 2718/242/502 2861/242/502 2860/242/502 2719/242/502
f 2804/242/502 2659/242/502 2658/242/502 2800/242/502
f 2714/242/502 2857/242/502 2856/242/502 2715/242/502
f 2795/242/502 2653/242/502 2652/242/502 2796/242/502
f 2648/242/502 2790/242/502 2794/242/502 2649/242/502
f 2848/242/502 2707/242/502 2706/242/502 2849/242/502
f 2710/242/502 2853/242/502 2852/242/502 2711/242/502
f 2612/242/502 2480/242/502 2483/242/502 2613/242/502
f 2617/242/502 2484/242/502 2487/242/502 2618/242/502
f 2622/242/502 2488/242/502 2491/242/502 2623/242/502
f 2627/242/502 2492/242/502 2495/242/502 2628/242/502
f 2632/242/502 2496/242/502 2499/242/502 2633/242/502
f 2637/242/502 2500/242/502 2503/242/502 2638/242/502
f 2748/242/502 2742/242/502 2741/242/502 2749/242/502
f 2753/242/502 2747/242/502 2746/242/502 2754/242/502
f 2759/242/502 2752/242/502 2751/242/502 2755/242/502
f 2764/242/502 2758/242/502 2757/242/502 2760/242/502
f 2769/242/502 2763/242/502 2762/242/502 2765/242/502
f 2770/242/502 2768/242/502 2767/242/502 2771/242/502
f 2779/242/502 2774/242/502 2773/242/502 2775/242/502
f 2780/242/502 2778/242/502 2777/242/502 2781/242/502
f 2789/242/502 2784/242/502 2783/242/502 2785/242/502
f 2793/242/502 2788/242/502 2787/242/502 2794/242/502
f 2798/242/502 2792/242/502 2791/242/502 2799/242/502
f 2803/242/502 2797/242/502 2796/242/502 2804/242/502
f 2808/242/502 2802/242/502 2801/242/502 2809/242/502
f 2813/242/502 2807/242/502 2806/242/502 2814/242/502
f 2818/242/502 2812/242/502 2811/242/502 2819/242/502
f 2743/242/502 2817/242/502 2816/242/502 2744/242/502
f 2824/242/502 2820/242/502 2823/242/502 2825/242/502
f 2831/242/502 2827/242/502 2826/242/502 2828/242/502
f 2835/242/502 2830/242/502 2829/242/502 2832/242/502
f 2839/242/502 2834/242/502 2833/242/502 2836/242/502
f 2843/242/502 2838/242/502 2837/242/502 2840/242/502
f 2847/242/502 2842/242/502 2841/242/502 2844/242/502
f 2849/242/502 2846/242/502 2845/242/502 2850/242/502
f 2853/242/502 2848/242/502 2851/242/502 2854/242/502
f 2857/242/502 2852/242/502 2855/242/502 2858/242/502
f 2861/242/502 2856/242/502 2859/242/502 2862/242/502
f 2865/242/502 2860/242/502 2863/242/502 2866/242/502
f 2869/242/502 2864/242/502 2867/242/502 2870/242/502
f 2873/242/502 2868/242/502 2871/242/502 2874/242/502
f 2876/242/502 2872/242/502 2875/242/502 2877/242/502
f 2880/242/502 2879/242/502 2878/242/502 2881/242/502
f 2821/242/502 2883/242/502 2882/242/502 2822/242/502
f 2881/242/502 3009/242/502 3008/242/502 2882/242/502
f 2903/242/502 2764/242/502 2763/242/502 2900/242/502
f 2951/242/502 2823/242/502 2822/242/502 2948/242/502
f 2825/242/502 2953/242/502 2952/242/502 2826/242/502
f 2877/242/502 3005/242/502 3004/242/502 2878/242/502
f 2899/242/502 2759/242/502 2758/242/502 2896/242/502
f 2874/242/502 3001/242/502 3000/242/502 2875/242/502
f 2895/242/502 2753/242/502 2752/242/502 2892/242/502
f 2947/242/502 2818/242/502 2817/242/502 2944/242/502
f 2870/242/502 2997/242/502 2996/242/502 2871/242/502
f 2891/242/502 2748/242/502 2747/242/502 2888/242/502
f 2742/242/502 2885/242/502 2884/242/502 2743/242/502
f 2943/242/502 2813/242/502 2812/242/502 2940/242/502
f 2807/242/502 2936/242/502 2939/242/502 2808/242/502
f 2988/242/502 2863/242/502 2862/242/502 2989/242/502
f 2866/242/502 2993/242/502 2992/242/502 2867/242/502
f 2756/242/502 2615/242/502 2614/242/502 2757/242/502
f 2732/242/502 2876/242/502 2879/242/502 2733/242/502
f 2680/242/502 2824/242/502 2827/242/502 2681/242/502
f 2820/242/502 2676/242/502 2679/242/502 2821/242/502
f 2760/242/502 2616/242/502 2620/242/502 2761/242/502
f 2736/242/502 2880/242/502 2883/242/502 2737/242/502
f 2684/242/502 2831/242/502 2830/242/502 2685/242/502
f 2766/242/502 2625/242/502 2624/242/502 2767/242/502
f 2688/242/502 2835/242/502 2834/242/502 2689/242/502
f 2771/242/502 2626/242/502 2630/242/502 2772/242/502
f 2692/242/502 2839/242/502 2838/242/502 2693/242/502
f 2776/242/502 2635/242/502 2634/242/502 2777/242/502
f 2696/242/502 2843/242/502 2842/242/502 2697/242/502
f 2781/242/502 2636/242/502 2640/242/502 2782/242/502
f 2700/242/502 2847/242/502 2846/242/502 2701/242/502
f 2786/242/502 2643/242/502 2642/242/502 2787/242/502
f 2890/242/502 2886/242/502 2885/242/502 2891/242/502
f 2894/242/502 2889/242/502 2888/242/502 2895/242/502
f 2898/242/502 2893/242/502 2892/242/502 2899/242/502
f 2902/242/502 2897/242/502 2896/242/502 2903/242/502
f 2907/242/502 2901/242/502 2900/242/502 2904/242/502
f 2911/242/502 2906/242/502 2905/242/502 2908/242/502
f 2915/242/502 2910/242/502 2909/242/502 2912/242/502
f 2919/242/502 2914/242/502 2913/242/502 2916/242/502
f 2920/242/502 2918/242/502 2917/242/502 2921/242/502
f 2924/242/502 2923/242/502 2922/242/502 2925/242/502
f 2928/242/502 2927/242/502 2926/242/502 2929/242/502
f 2932/242/502 2931/242/502 2930/242/502 2933/242/502
f 2938/242/502 2935/242/502 2934/242/502 2939/242/502
f 2942/242/502 2937/242/502 2936/242/502 2943/242/502
f 2946/242/502 2941/242/502 2940/242/502 2947/242/502
f 2887/242/502 2945/242/502 2944/242/502 2884/242/502
f 2953/242/502 2951/242/502 2950/242/502 2954/242/502
f 2956/242/502 2952/242/502 2955/242/502 2957/242/502
f 2960/242/502 2959/242/502 2958/242/502 2961/242/502
f 2964/242/502 2963/242/502 2962/242/502 2965/242/502
f 2968/242/502 2967/242/502 2966/242/502 2969/242/502
f 2975/242/502 2971/242/502 2970/242/502 2972/242/502
f 2979/242/502 2974/242/502 2973/242/502 2976/242/502
f 2983/242/502 2978/242/502 2977/242/502 2980/242/502
f 2987/242/502 2982/242/502 2981/242/502 2984/242/502
f 2989/242/502 2986/242/502 2985/242/502 2990/242/502
f 2993/242/502 2988/242/502 2991/242/502 2994/242/502
f 2997/242/502 2992/242/502 2995/242/502 2998/242/502
f 3001/242/502 2996/242/502 2999/242/502 3002/242/502
f 3005/242/502 3000/242/502 3003/242/502 3006/242/502
f 3009/242/502 3004/242/502 3007/242/502 3010/242/502
f 2948/242/502 3008/242/502 3011/242/502 2949/242/502
f 3047/242/502 2919/242/502 2918/242/502 3044/242/502
f 2969/242/502 3097/242/502 3096/242/502 2970/242/502
f 3043/242/502 2915/242/502 2914/242/502 3040/242/502
f 2965/242/502 3093/242/502 3092/242/502 2966/242/502
f 3039/242/502 2911/242/502 2910/242/502 3036/242/502
f 2961/242/502 3089/242/502 3088/242/502 2962/242/502
f 3035/242/502 2907/242/502 2906/242/502 3032/242/502
f 2957/242/502 3085/242/502 3084/242/502 2958/242/502
f 3010/242/502 3137/242/502 3136/242/502 3011/242/502
f 3031/242/502 2902/242/502 2901/242/502 3028/242/502
f 3079/242/502 2950/242/502 2949/242/502 3076/242/502
f 2954/242/502 3081/242/502 3080/242/502 2955/242/502
f 3128/242/502 3003/242/502 3002/242/502 3129/242/502
f 3006/242/502 3133/242/502 3132/242/502 3007/242/502
f 3027/242/502 2898/242/502 2897/242/502 3024/242/502
f 2893/242/502 3020/242/502 3023/242/502 2894/242/502
f 2828/242/502 2956/242/502 2959/242/502 2829/242/502
f 2904/242/502 2769/242/502 2768/242/502 2905/242/502
f 2832/242/502 2960/242/502 2963/242/502 2833/242/502
f 2908/242/502 2770/242/502 2774/242/502 2909/242/502
f 2836/242/502 2964/242/502 2967/242/502 2837/242/502
f 2912/242/502 2779/242/502 2778/242/502 2913/242/502
f 2840/242/502 2968/242/502 2971/242/502 2841/242/502
f 2916/242/502 2780/242/502 2784/242/502 2917/242/502
f 2844/242/502 2975/242/502 2974/242/502 2845/242/502
f 2921/242/502 2789/242/502 2788/242/502 2922/242/502
f 2850/242/502 2979/242/502 2978/242/502 2851/242/502
f 2925/242/502 2793/242/502 2792/242/502 2926/242/502
f 2854/242/502 2983/242/502 2982/242/502 2855/242/502
f 2929/242/502 2798/242/502 2797/242/502 2930/242/502
f 2858/242/502 2987/242/502 2986/242/502 2859/242/502
f 2933/242/502 2803/242/502 2802/242/502 2934/242/502
f 3016/242/502 3012/242/502 3015/242/502 3017/242/502
f 3022/242/502 3019/242/502 3018/242/502 3023/242/502
f 3026/242/502 3021/242/502 3020/242/502 3027/242/502
f 3030/242/502 3025/242/502 3024/242/502 3031/242/502
f 3034/242/502 3029/242/502 3028/242/502 3035/242/502
f 3038/242/502 3033/242/502 3032/242/502 3039/242/502
f 3042/242/502 3037/242/502 3036/242/502 3043/242/502
f 3046/242/502 3041/242/502 3040/242/502 3047/242/502
f 3051/242/502 3045/242/502 3044/242/502 3048/242/502
f 3055/242/502 3050/242/502 3049/242/502 3052/242/502
f 3059/242/502 3054/242/502 3053/242/502 3056/242/502
f 3063/242/502 3058/242/502 3057/242/502 3060/242/502
f 3064/242/502 3062/242/502 3061/242/502 3065/242/502
f 3068/242/502 3067/242/502 3066/242/502 3069/242/502
f 3072/242/502 3071/242/502 3070/242/502 3073/242/502
f 3013/242/502 3075/242/502 3074/242/502 3014/242/502
f 3081/242/502 3079/242/502 3078/242/502 3082/242/502
f 3085/242/502 3080/242/502 3083/242/502 3086/242/502
f 3089/242/502 3084/242/502 3087/242/502 3090/242/502
f 3093/242/502 3088/242/502 3091/242/502 3094/242/502
f 3097/242/502 3092/242/502 3095/242/502 3098/242/502
f 3100/242/502 3096/242/502 3099/242/502 3101/242/502
f 3104/242/502 3103/242/502 3102/242/502 3105/242/502
f 3108/242/502 3107/242/502 3106/242/502 3109/242/502
f 3112/242/502 3111/242/502 3110/242/502 3113/242/502
f 3116/242/502 3115/242/502 3114/242/502 3117/242/502
f 3123/242/502 3119/242/502 3118/242/502 3120/242/502
f 3127/242/502 3122/242/502 3121/242/502 3124/242/502
f 3129/242/502 3126/242/502 3125/242/502 3130/242/502
f 3133/242/502 3128/242/502 3131/242/502 3134/242/502
f 3137/242/502 3132/242/502 3135/242/502 3138/242/502
f 3076/242/502 3136/242/502 3139/242/502 3077/242/502
f 3117/242/502 3245/242/502 3244/242/502 3118/242/502
f 3191/242/502 3063/242/502 3062/242/502 3188/242/502
f 3113/242/502 3241/242/502 3240/242/502 3114/242/502
f 3187/242/502 3059/242/502 3058/242/502 3184/242/502
f 3109/242/502 3237/242/502 3236/242/502 3110/242/502
f 3183/242/502 3055/242/502 3054/242/502 3180/242/502
f 3105/242/502 3233/242/502 3232/242/502 3106/242/502
f 3179/242/502 3051/242/502 3050/242/502 3176/242/502
f 3101/242/502 3229/242/502 3228/242/502 3102/242/502
f 3175/242/502 3046/242/502 3045/242/502 3172/242/502
f 3098/242/502 3225/242/502 3224/242/502 3099/242/502
f 3171/242/502 3042/242/502 3041/242/502 3168/242/502
f 3216/242/502 3091/242/502 3090/242/502 3217/242/502
f 3094/242/502 3221/242/502 3220/242/502 3095/242/502
f 3167/242/502 3038/242/502 3037/242/502 3164/242/502
f 3033/242/502 3160/242/502 3163/242/502 3034/242/502
f 2972/242/502 3100/242/502 3103/242/502 2973/242/502
f 3048/242/502 2920/242/502 2923/242/502 3049/242/502
f 2976/242/502 3104/242/502 3107/242/502 2977/242/502
f 3052/242/502 2924/242/502 2927/242/502 3053/242/502
f 2980/242/502 3108/242/502 3111/242/502 2981/242/502
f 3056/242/502 2928/242/502 2931/242/502 3057/242/502
f 2984/242/502 3112/242/502 3115/242/502 2985/242/502
f 3060/242/502 2932/242/502 2935/242/502 3061/242/502
f 2990/242/502 3116/242/502 3119/242/502 2991/242/502
f 3065/242/502 2938/242/502 2937/242/502 3066/242/502
f 2994/242/502 3123/242/502 3122/242/502 2995/242/502
f 3069/242/502 2942/242/502 2941/242/502 3070/242/502
f 2886/242/502 3015/242/502 3014/242/502 2887/242/502
f 3017/242/502 2890/242/502 2889/242/502 3018/242/502
f 2998/242/502 3127/242/502 3126/242/502 2999/242/502
f 3073/242/502 2946/242/502 2945/242/502 3074/242/502
f 3147/242/502 3141/242/502 3140/242/502 3144/242/502
f 3151/242/502 3146/242/502 3145/242/502 3148/242/502
f 3155/242/502 3150/242/502 3149/242/502 3152/242/502
f 3159/242/502 3154/242/502 3153/242/502 3156/242/502
f 3162/242/502 3158/242/502 3157/242/502 3163/242/502
f 3166/242/502 3161/242/502 3160/242/502 3167/242/502
f 3170/242/502 3165/242/502 3164/242/502 3171/242/502
f 3174/242/502 3169/242/502 3168/242/502 3175/242/502
f 3178/242/502 3173/242/502 3172/242/502 3179/242/502
f 3182/242/502 3177/242/502 3176/242/502 3183/242/502
f 3186/242/502 3181/242/502 3180/242/502 3187/242/502
f 3190/242/502 3185/242/502 3184/242/502 3191/242/502
f 3192/242/502 3189/242/502 3188/242/502 3193/242/502
f 3199/242/502 3195/242/502 3194/242/502 3196/242/502
f 3203/242/502 3198/242/502 3197/242/502 3200/242/502
f 3142/242/502 3202/242/502 3201/242/502 3143/242/502
f 3208/242/502 3204/242/502 3207/242/502 3209/242/502
f 3212/242/502 3211/242/502 3210/242/502 3213/242/502
f 3217/242/502 3215/242/502 3214/242/502 3218/242/502
f 3221/242/502 3216/242/502 3219/242/502 3222/242/502
f 3225/242/502 3220/242/502 3223/242/502 3226/242/502
f 3229/242/502 3224/242/502 3227/242/502 3230/242/502
f 3233/242/502 3228/242/502 3231/242/502 3234/242/502
f 3237/242/502 3232/242/502 3235/242/502 3238/242/502
f 3241/242/502 3236/242/502 3239/242/502 3242/242/502
f 3245/242/502 3240/242/502 3243/242/502 3246/242/502
f 3248/242/502 3244/242/502 3247/242/502 3249/242/502
f 3252/242/502 3251/242/502 3250/242/502 3253/242/502
f 3256/242/502 3255/242/502 3254/242/502 3257/242/502
f 3260/242/502 3259/242/502 3258/242/502 3261/242/502
f 3264/242/502 3263/242/502 3262/242/502 3265/242/502
f 3205/242/502 3267/242/502 3266/242/502 3206/242/502
f 3291/242/502 3162/242/502 3161/242/502 3288/242/502
f 3213/242/502 3341/242/502 3340/242/502 3214/242/502
f 3265/242/502 3393/242/502 3392/242/502 3266/242/502
f 3287/242/502 3159/242/502 3158/242/502 3284/242/502
f 3335/242/502 3207/242/502 3206/242/502 3332/242/502
f 3209/242/502 3337/242/502 3336/242/502 3210/242/502
f 3261/242/502 3389/242/502 3388/242/502 3262/242/502
f 3283/242/502 3155/242/502 3154/242/502 3280/242/502
f 3257/242/502 3385/242/502 3384/242/502 3258/242/502
f 3279/242/502 3151/242/502 3150/242/502 3276/242/502
f 3331/242/502 3203/242/502 3202/242/502 3328/242/502
f 3198/242/502 3324/242/502 3327/242/502 3199/242/502
f 3376/242/502 3250/242/502 3249/242/502 3377/242/502
f 3253/242/502 3381/242/502 3380/242/502 3254/242/502
f 3275/242/502 3147/242/502 3146/242/502 3272/242/502
f 3141/242/502 3269/242/502 3268/242/502 3142/242/502
f 3193/242/502 3064/242/502 3067/242/502 3194/242/502
f 3120/242/502 3248/242/502 3251/242/502 3121/242/502
f 3196/242/502 3068/242/502 3071/242/502 3197/242/502
f 3012/242/502 3140/242/502 3143/242/502 3013/242/502
f 3144/242/502 3016/242/502 3019/242/502 3145/242/502
f 3124/242/502 3252/242/502 3255/242/502 3125/242/502
f 3200/242/502 3072/242/502 3075/242/502 3201/242/502
f 3148/242/502 3022/242/502 3021/242/502 3149/242/502
f 3130/242/502 3256/242/502 3259/242/502 3131/242/502
f 3152/242/502 3026/242/502 3025/242/502 3153/242/502
f 3134/242/502 3260/242/502 3263/242/502 3135/242/502
f 3082/242/502 3208/242/502 3211/242/502 3083/242/502
f 3204/242/502 3078/242/502 3077/242/502 3205/242/502
f 3156/242/502 3030/242/502 3029/242/502 3157/242/502
f 3138/242/502 3264/242/502 3267/242/502 3139/242/502
f 3086/242/502 3212/242/502 3215/242/502 3087/242/502
f 3274/242/502 3270/242/502 3269/242/502 3275/242/502
f 3278/242/502 3273/242/502 3272/242/502 3279/242/502
f 3282/242/502 3277/242/502 3276/242/502 3283/242/502
f 3286/242/502 3281/242/502 3280/242/502 3287/242/502
f 3290/242/502 3285/242/502 3284/242/502 3291/242/502
f 3295/242/502 3289/242/502 3288/242/502 3292/242/502
f 3299/242/502 3294/242/502 3293/242/502 3296/242/502
f 3303/242/502 3298/242/502 3297/242/502 3300/242/502
f 3307/242/502 3302/242/502 3301/242/502 3304/242/502
f 3308/242/502 3306/242/502 3305/242/502 3309/242/502
f 3312/242/502 3311/242/502 3310/242/502 3313/242/502
f 3316/242/502 3315/242/502 3314/242/502 3317/242/502
f 3320/242/502 3319/242/502 3318/242/502 3321/242/502
f 3326/242/502 3323/242/502 3322/242/502 3327/242/502
f 3330/242/502 3325/242/502 3324/242/502 3331/242/502
f 3271/242/502 3329/242/502 3328/242/502 3268/242/502
f 3337/242/502 3335/242/502 3334/242/502 3338/242/502
f 3341/242/502 3336/242/502 3339/242/502 3342/242/502
f 3344/242/502 3340/242/502 3343/242/502 3345/242/502
f 3348/242/502 3347/242/502 3346/242/502 3349/242/502
f 3352/242/502 3351/242/502 3350/242/502 3353/242/502
f 3356/242/502 3355/242/502 3354/242/502 3357/242/502
f 3363/242/502 3359/242/502 3358/242/502 3360/242/502
f 3367/242/502 3362/242/502 3361/242/502 3364/242/502
f 3371/242/502 3366/242/502 3365/242/502 3368/242/502
f 3375/242/502 3370/242/502 3369/242/502 3372/242/502
f 3377/242/502 3374/242/502 3373/242/502 3378/242/502
f 3381/242/502 3376/242/502 3379/242/502 3382/242/502
f 3385/242/502 3380/242/502 3383/242/502 3386/242/502
f 3389/242/502 3384/242/502 3387/242/502 3390/242/502
f 3393/242/502 3388/242/502 3391/242/502 3394/242/502
f 3332/242/502 3392/242/502 3395/242/502 3333/242/502
f 3415/242/502 3307/242/502 3306/242/502 3414/242/502
f 3357/242/502 3440/242/502 3441/242/502 3358/242/502
f 3413/242/502 3303/242/502 3302/242/502 3412/242/502
f 3353/242/502 3438/242/502 3439/242/502 3354/242/502
f 3411/242/502 3299/242/502 3298/242/502 3410/242/502
f 3349/242/502 3436/242/502 3437/242/502 3350/242/502
f 3409/242/502 3295/242/502 3294/242/502 3408/242/502
f 3345/242/502 3434/242/502 3435/242/502 3346/242/502
f 3333/242/502 3428/242/502 3429/242/502 3334/242/502
f 3407/242/502 3290/242/502 3289/242/502 3406/242/502
f 3431/242/502 3339/242/502 3338/242/502 3430/242/502
f 3342/242/502 3432/242/502 3433/242/502 3343/242/502
f 3457/242/502 3391/242/502 3390/242/502 3456/242/502
f 3394/242/502 3458/242/502 3459/242/502 3395/242/502
f 3405/242/502 3286/242/502 3285/242/502 3404/242/502
f 3281/242/502 3402/242/502 3403/242/502 3282/242/502
f 3218/242/502 3344/242/502 3347/242/502 3219/242/502
f 3292/242/502 3166/242/502 3165/242/502 3293/242/502
f 3222/242/502 3348/242/502 3351/242/502 3223/242/502
f 3296/242/502 3170/242/502 3169/242/502 3297/242/502
f 3226/242/502 3352/242/502 3355/242/502 3227/242/502
f 3300/242/502 3174/242/502 3173/242/502 3301/242/502
f 3230/242/502 3356/242/502 3359/242/502 3231/242/502
f 3304/242/502 3178/242/502 3177/242/502 3305/242/502
f 3234/242/502 3363/242/502 3362/242/502 3235/242/502
f 3309/242/502 3182/242/502 3181/242/502 3310/242/502
f 3238/242/502 3367/242/502 3366/242/502 3239/242/502
f 3313/242/502 3186/242/502 3185/242/502 3314/242/502
f 3242/242/502 3371/242/502 3370/242/502 3243/242/502
f 3317/242/502 3190/242/502 3189/242/502 3318/242/502
f 3246/242/502 3375/242/502 3374/242/502 3247/242/502
f 3321/242/502 3192/242/502 3195/242/502 3322/242/502
f 3424/242/502 3423/242/502 3422/242/502 3425/242/502
f 3456/242/502 3455/242/502 3454/242/502 3457/242/502
f 3421/242/502 3452/242/502 3453/242/502 3420/242/502
f 3406/242/502 3439/242/502 3438/242/502 3407/242/502
f 3440/242/502 3409/242/502 3408/242/502 3441/242/502
f 3443/242/502 3411/242/502 3410/242/502 3442/242/502
f 3458/242/502 3426/242/502 3427/242/502 3459/242/502
f 3445/242/502 3413/242/502 3412/242/502 3444/242/502
f 3397/242/502 3429/242/502 3428/242/502 3396/242/502
f 3430/242/502 3398/242/502 3399/242/502 3431/242/502
f 3447/242/502 3415/242/502 3414/242/502 3446/242/502
f 3432/242/502 3400/242/502 3401/242/502 3433/242/502
f 3449/242/502 3416/242/502 3417/242/502 3448/242/502
f 3434/242/502 3403/242/502 3402/242/502 3435/242/502
f 3451/242/502 3418/242/502 3419/242/502 3450/242/502
f 3436/242/502 3405/242/502 3404/242/502 3437/242/502
f 3360/242/502 3443/242/502 3442/242/502 3361/242/502
f 3416/242/502 3308/242/502 3311/242/502 3417/242/502
f 3364/242/502 3445/242/502 3444/242/502 3365/242/502
f 3418/242/502 3312/242/502 3315/242/502 3419/242/502
f 3368/242/502 3447/242/502 3446/242/502 3369/242/502
f 3420/242/502 3316/242/502 3319/242/502 3421/242/502
f 3372/242/502 3449/242/502 3448/242/502 3373/242/502
f 3378/242/502 3451/242/502 3450/242/502 3379/242/502
f 3425/242/502 3326/242/502 3325/242/502 3424/242/502
f 3270/242/502 3397/242/502 3396/242/502 3271/242/502
f 3398/242/502 3274/242/502 3273/242/502 3399/242/502
f 3382/242/502 3453/242/502 3452/242/502 3383/242/502
f 3426/242/502 3330/242/502 3329/242/502 3427/242/502
f 3400/242/502 3278/242/502 3277/242/502 3401/242/502
f 3386/242/502 3454/242/502 3455/242/502 3387/242/502
f 3462/242/502 3464/242/502 3463/242/502 3460/242/502
f 3468/242/502 3470/242/502 3469/242/502 3466/242/502
f 3474/242/502 3476/242/502 3475/242/502 3472/242/502
f 3480/242/502 3482/242/502 3481/242/502 3478/242/502
f 3486/242/502 3488/242/502 3487/242/502 3484/242/502
f 3492/242/502 3494/242/502 3493/242/502 3490/242/502
f 3498/242/502 3500/242/502 3499/242/502 3496/242/502
f 3504/242/502 3506/242/502 3505/242/502 3502/242/502
f 3508/242/502 3471/242/502 3470/242/502 3509/242/502
f 3513/242/502 3504/242/502 3503/242/502 3511/242/502
f 3516/242/502 3462/242/502 3461/242/502 3514/242/502
f 3464/242/502 3518/242/502 3517/242/502 3465/242/502
f 3520/242/502 3507/242/502 3506/242/502 3521/242/502
f 3525/242/502 3498/242/502 3497/242/502 3523/242/502
f 3526/242/502 3501/242/502 3500/242/502 3527/242/502
f 3531/242/502 3492/242/502 3491/242/502 3529/242/502
f 3494/242/502 3533/242/502 3532/242/502 3495/242/502
f 3515/242/502 3519/242/502 3518/242/502 3516/242/502
f 3535/242/502 3510/242/502 3509/242/502 3536/242/502
f 3538/242/502 3541/242/502 3543/242/502 3539/242/502
f 3544/242/502 3547/242/502 3549/242/502 3545/242/502
f 3550/242/502 3553/242/502 3555/242/502 3551/242/502
f 3530/242/502 3534/242/502 3533/242/502 3531/242/502
f 3524/242/502 3528/242/502 3527/242/502 3525/242/502
f 3512/242/502 3522/242/502 3521/242/502 3513/242/502
f 3536/242/502 3468/242/502 3467/242/502 3537/242/502
f 3542/242/502 3477/242/502 3476/242/502 3543/242/502
f 3539/242/502 3474/242/502 3473/242/502 3540/242/502
f 3548/242/502 3483/242/502 3482/242/502 3549/242/502
f 3545/242/502 3480/242/502 3479/242/502 3546/242/502
f 3554/242/502 3489/242/502 3488/242/502 3555/242/502
f 3551/242/502 3486/242/502 3485/242/502 3552/242/502
f 2800/242/502 3526/242/502 3528/242/502 2801/242/502
f 3501/242/502 2658/242/502 2657/242/502 3499/242/502
f 2607/242/502 3469/242/502 3471/242/502 2608/242/502
f 3466/242/502 2611/242/502 2615/242/502 3467/242/502
f 2635/242/502 3479/242/502 3478/242/502 2631/242/502
f 3546/242/502 2776/242/502 2775/242/502 3544/242/502
f 3547/242/502 2773/242/502 2772/242/502 3548/242/502
f 2653/242/502 3491/242/502 3490/242/502 2654/242/502
f 3529/242/502 2795/242/502 2799/242/502 3530/242/502
f 2619/242/502 3475/242/502 3477/242/502 2620/242/502
f 3472/242/502 2621/242/502 2625/242/502 3473/242/502
f 2782/242/502 3554/242/502 3553/242/502 2783/242/502
f 3489/242/502 2640/242/502 2639/242/502 3487/242/502
f 3537/242/502 2756/242/502 2755/242/502 3535/242/502
f 2790/242/502 3532/242/502 3534/242/502 2791/242/502
f 3495/242/502 2648/242/502 2647/242/502 3493/242/502
f 2785/242/502 3550/242/502 3552/242/502 2786/242/502
f 2629/242/502 3481/242/502 3483/242/502 2630/242/502
f 2750/242/502 3508/242/502 3510/242/502 2751/242/502
f 2643/242/502 3485/242/502 3484/242/502 2644/242/502
f 2673/242/502 3503/242/502 3502/242/502 2674/242/502
f 3511/242/502 2815/242/502 2819/242/502 3512/242/502
f 2761/242/502 3542/242/502 3541/242/502 2762/242/502
f 2809/242/502 3524/242/502 3523/242/502 2805/242/502
f 2603/242/502 3461/242/502 3460/242/502 2604/242/502
f 3514/242/502 2745/242/502 2749/242/502 3515/242/502
f 2740/242/502 3517/242/502 3519/242/502 2741/242/502
f 3465/242/502 2599/242/502 2598/242/502 3463/242/502
f 3522/242/502 2811/242/502 2810/242/502 3520/242/502
f 3507/242/502 2668/242/502 2667/242/502 3505/242/502
f 3540/242/502 2766/242/502 2765/242/502 3538/242/502
f 3496/242/502 2664/242/502 2663/242/502 3497/242/502
o Wheel.002
v 0.561779 -0.467145 -1.195620
v 0.561779 -0.467145 -1.195620
v 0.561779 -0.467145 -1.195620
v 0.561779 -0.467145 -1.195620
v 0.561967 -0.386533 -1.179587
v 0.561967 -0.386533 -1.179587
v 0.561967 -0.386533 -1.179587
v 0.561967 -0.386533 -1.179587
v 0.562502 -0.318194 -1.133929
v 0.562502 -0.318194 -1.133929
v 0.562502 -0.318194 -1.133929
v 0.562502 -0.318194 -1.133929
v 0.563303 -0.272531 -1.065597
v 0.563303 -0.272531 -1.065597
v 0.563303 -0.272531 -1.065597
v 0.563303 -0.272531 -1.065597
v 0.564248 -0.256496 -0.984994
v 0.564248 -0.256496 -0.984994
v 0.564248 -0.256496 -0.984994
v 0.564248 -0.256496 -0.984994
v 0.565192 -0.272531 -0.904391
v 0.565192 -0.272531 -0.904391
v 0.565192 -0.272531 -0.904391
v 0.565192 -0.272531 -0.904391
v 0.565993 -0.318194 -0.836059
v 0.565993 -0.318194 -0.836059
v 0.565993 -0.318194 -0.836059
v 0.565993 -0.318194 -0.836059
v 0.566528 -0.386533 -0.790401
v 0.566528 -0.386533 -0.790401
v 0.566528 -0.386533 -0.790401
v 0.566528 -0.386533 -0.790401
v 0.566716 -0.467145 -0.774368
v 0.566716 -0.467145 -0.774368
v 0.566716 -0.467145 -0.774368
v 0.566716 -0.467145 -0.774368
v 0.566528 -0.547757 -0.790401
v 0.566528 -0.547757 -0.790401
v 0.566528 -0.547757 -0.790401
v 0.566528 -0.547757 -0.790401
v 0.565993 -0.616097 -0.836058
v 0.565993 -0.616097 -0.836058
v 0.565993 -0.616097 -0.836058
v 0.565993 -0.616097 -0.836058
v 0.565192 -0.661760 -0.904391
v 0.565192 -0.661760 -0.904391
v 0.565192 -0.661760 -0.904391
v 0.565192 -0.661760 -0.904391
v 0.564248 -0.677795 -0.984994
v 0.564248 -0.677795 -0.984994
v 0.564248 -0.677795 -0.984994
v 0.564248 -0.677795 -0.984994
v 0.563303 -0.661760 -1.065597
v 0.563303 -0.661760 -1.065597
v 0.563303 -0.661760 -1.065597
v 0.563303 -0.661760 -1.065597
v 0.562502 -0.616097 -1.133929
v 0.562502 -0.616097 -1.133929
v 0.562502 -0.616097 -1.133929
v 0.562502 -0.616097 -1.133929
v 0.561967 -0.547757 -1.179587
v 0.561967 -0.547757 -1.179587
v 0.561967 -0.547757 -1.179587
v 0.561967 -0.547757 -1.179587
v 0.447275 -0.467145 -1.194278
v 0.447275 -0.467145 -1.194278
v 0.447275 -0.467145 -1.194278
v 0.447275 -0.467145 -1.194278
v 0.447463 -0.386533 -1.178245
v 0.447463 -0.386533 -1.178245
v 0.447463 -0.386533 -1.178245
v 0.447463 -0.386533 -1.178245
v 0.447998 -0.318194 -1.132587
v 0.447998 -0.318194 -1.132587
v 0.447998 -0.318194 -1.132587
v 0.447998 -0.318194 -1.132587
v 0.448799 -0.272531 -1.064255
v 0.448799 -0.272531 -1.064255
v 0.448799 -0.272531 -1.064255
v 0.448799 -0.272531 -1.064255
v 0.449743 -0.256496 -0.983652
v 0.449743 -0.256496 -0.983652
v 0.449743 -0.256496 -0.983652
v 0.449743 -0.256496 -0.983652
v 0.450688 -0.272531 -0.903049
v 0.450688 -0.272531 -0.903049
v 0.450688 -0.272531 -0.903049
v 0.450688 -0.272531 -0.903049
v 0.451489 -0.318194 -0.834717
v 0.451489 -0.318194 -0.834717
v 0.451489 -0.318194 -0.834717
v 0.451489 -0.318194 -0.834717
v 0.452024 -0.386533 -0.789059
v 0.452024 -0.386533 -0.789059
v 0.452024 -0.386533 -0.789059
v 0.452024 -0.386533 -0.789059
v 0.452212 -0.467145 -0.773026
v 0.452212 -0.467145 -0.773026
v 0.452212 -0.467145 -0.773026
v 0.452212 -0.467145 -0.773026
v 0.452024 -0.547757 -0.789059
v 0.452024 -0.547757 -0.789059
v 0.452024 -0.547757 -0.789059
v 0.452024 -0.547757 -0.789059
v 0.451489 -0.616097 -0.834717
v 0.451489 -0.616097 -0.834717
v 0.451489 -0.616097 -0.834717
v 0.451489 -0.616097 -0.834717
v 0.450688 -0.661760 -0.903049
v 0.450688 -0.661760 -0.903049
v 0.450688 -0.661760 -0.903049
v 0.450688 -0.661760 -0.903049
v 0.449743 -0.677795 -0.983652
v 0.449743 -0.677795 -0.983652
v 0.449743 -0.677795 -0.983652
v 0.449743 -0.677795 -0.983652
v 0.448799 -0.661760 -1.064255
v 0.448799 -0.661760 -1.064255
v 0.448799 -0.661760 -1.064255
v 0.448799 -0.661760 -1.064255
v 0.447998 -0.616097 -1.132587
v 0.447998 -0.616097 -1.132587
v 0.447998 -0.616097 -1.132587
v 0.447998 -0.616097 -1.132587
v 0.447463 -0.547757 -1.178245
v 0.447463 -0.547757 -1.178245
v 0.447463 -0.547757 -1.178245
v 0.447463 -0.547757 -1.178245
v 0.570219 -0.467145 -1.131401
v 0.570219 -0.467145 -1.131401
v 0.570219 -0.467145 -1.131401
v 0.570219 -0.467145 -1.131401
v 0.570350 -0.411146 -1.120264
v 0.570350 -0.411146 -1.120264
v 0.570350 -0.411146 -1.120264
v 0.570350 -0.411146 -1.120264
v 0.570722 -0.363672 -1.088546
v 0.570722 -0.363672 -1.088546
v 0.570722 -0.363672 -1.088546
v 0.570722 -0.363672 -1.088546
v 0.571278 -0.331951 -1.041077
v 0.571278 -0.331951 -1.041077
v 0.571278 -0.331951 -1.041077
v 0.571278 -0.331951 -1.041077
v 0.571934 -0.320812 -0.985084
v 0.571934 -0.320812 -0.985084
v 0.571934 -0.320812 -0.985084
v 0.571934 -0.320812 -0.985084
v 0.572590 -0.331951 -0.929091
v 0.572590 -0.331951 -0.929091
v 0.572590 -0.331951 -0.929091
v 0.572590 -0.331951 -0.929091
v 0.573147 -0.363672 -0.881622
v 0.573147 -0.363672 -0.881622
v 0.573147 -0.363672 -0.881622
v 0.573147 -0.363672 -0.881622
v 0.573518 -0.411146 -0.849904
v 0.573518 -0.411146 -0.849904
v 0.573518 -0.411146 -0.849904
v 0.573518 -0.411146 -0.849904
v 0.573649 -0.467145 -0.838766
v 0.573649 -0.467145 -0.838766
v 0.573649 -0.467145 -0.838766
v 0.573649 -0.467145 -0.838766
v 0.573518 -0.523145 -0.849904
v 0.573518 -0.523145 -0.849904
v 0.573518 -0.523145 -0.849904
v 0.573518 -0.523145 -0.849904
v 0.573147 -0.570619 -0.881622
v 0.573147 -0.570619 -0.881622
v 0.573147 -0.570619 -0.881622
v 0.573147 -0.570619 -0.881622
v 0.572590 -0.602340 -0.929091
v 0.572590 -0.602340 -0.929091
v 0.572590 -0.602340 -0.929091
v 0.572590 -0.602340 -0.929091
v 0.571934 -0.613479 -0.985084
v 0.571934 -0.613479 -0.985084
v 0.571934 -0.613479 -0.985084
v 0.571934 -0.613479 -0.985084
v 0.571278 -0.602340 -1.041077
v 0.571278 -0.602340 -1.041077
v 0.571278 -0.602340 -1.041077
v 0.571278 -0.602340 -1.041077
v 0.570722 -0.570619 -1.088546
v 0.570722 -0.570619 -1.088546
v 0.570722 -0.570619 -1.088546
v 0.570722 -0.570619 -1.088546
v 0.570350 -0.523145 -1.120264
v 0.570350 -0.523145 -1.120264
v 0.570350 -0.523145 -1.120264
v 0.570350 -0.523145 -1.120264
v 0.441200 -0.467145 -1.129889
v 0.441200 -0.467145 -1.129889
v 0.441200 -0.467145 -1.129889
v 0.441200 -0.467145 -1.129889
v 0.441330 -0.411146 -1.118752
v 0.441330 -0.411146 -1.118752
v 0.441330 -0.411146 -1.118752
v 0.441330 -0.411146 -1.118752
v 0.441702 -0.363672 -1.087034
v 0.441702 -0.363672 -1.087034
v 0.441702 -0.363672 -1.087034
v 0.441702 -0.363672 -1.087034
v 0.442258 -0.331951 -1.039565
v 0.442258 -0.331951 -1.039565
v 0.442258 -0.331951 -1.039565
v 0.442258 -0.331951 -1.039565
v 0.442915 -0.320812 -0.983572
v 0.442915 -0.320812 -0.983572
v 0.442915 -0.320812 -0.983572
v 0.442915 -0.320812 -0.983572
v 0.443571 -0.331951 -0.927579
v 0.443571 -0.331951 -0.927579
v 0.443571 -0.331951 -0.927579
v 0.443571 -0.331951 -0.927579
v 0.444127 -0.363672 -0.880110
v 0.444127 -0.363672 -0.880110
v 0.444127 -0.363672 -0.880110
v 0.444127 -0.363672 -0.880110
v 0.444499 -0.411146 -0.848392
v 0.444499 -0.411146 -0.848392
v 0.444499 -0.411146 -0.848392
v 0.444499 -0.411146 -0.848392
v 0.444629 -0.467145 -0.837254
v 0.444629 -0.467145 -0.837254
v 0.444629 -0.467145 -0.837254
v 0.444629 -0.467145 -0.837254
v 0.444499 -0.523145 -0.848392
v 0.444499 -0.523145 -0.848392
v 0.444499 -0.523145 -0.848392
v 0.444499 -0.523145 -0.848392
v 0.444127 -0.570619 -0.880110
v 0.444127 -0.570619 -0.880110
v 0.444127 -0.570619 -0.880110
v 0.444127 -0.570619 -0.880110
v 0.443571 -0.602340 -0.927579
v 0.443571 -0.602340 -0.927579
v 0.443571 -0.602340 -0.927579
v 0.443571 -0.602340 -0.927579
v 0.442915 -0.613479 -0.983572
v 0.442915 -0.613479 -0.983572
v 0.442915 -0.613479 -0.983572
v 0.442915 -0.613479 -0.983572
v 0.442258 -0.602340 -1.039565
v 0.442258 -0.602340 -1.039565
v 0.442258 -0.602340 -1.039565
v 0.442258 -0.602340 -1.039565
v 0.441702 -0.570619 -1.087034
v 0.441702 -0.570619 -1.087034
v 0.441702 -0.570619 -1.087034
v 0.441702 -0.570619 -1.087034
v 0.441330 -0.523145 -1.118752
v 0.441330 -0.523145 -1.118752
v 0.441330 -0.523145 -1.118752
v 0.441330 -0.523145 -1.118752
v 0.563990 -0.467145 -1.107377
v 0.563990 -0.467145 -1.107377
v 0.563990 -0.467145 -1.107377
v 0.563990 -0.467145 -1.107377
v 0.563990 -0.467145 -1.107377
v 0.564100 -0.420311 -1.098062
v 0.564100 -0.420311 -1.098062
v 0.564100 -0.420311 -1.098062
v 0.564100 -0.420311 -1.098062
v 0.564100 -0.420311 -1.098062
v 0.564410 -0.380607 -1.071536
v 0.564410 -0.380607 -1.071536
v 0.564410 -0.380607 -1.071536
v 0.564410 -0.380607 -1.071536
v 0.564410 -0.380607 -1.071536
v 0.564876 -0.354078 -1.031836
v 0.564876 -0.354078 -1.031836
v 0.564876 -0.354078 -1.031836
v 0.564876 -0.354078 -1.031836
v 0.564876 -0.354078 -1.031836
v 0.565425 -0.344762 -0.985008
v 0.565425 -0.344762 -0.985008
v 0.565425 -0.344762 -0.985008
v 0.565425 -0.344762 -0.985008
v 0.565425 -0.344762 -0.985008
v 0.565973 -0.354078 -0.938179
v 0.565973 -0.354078 -0.938179
v 0.565973 -0.354078 -0.938179
v 0.565973 -0.354078 -0.938179
v 0.565973 -0.354078 -0.938179
v 0.566439 -0.380607 -0.898479
v 0.566439 -0.380607 -0.898479
v 0.566439 -0.380607 -0.898479
v 0.566439 -0.380607 -0.898479
v 0.566439 -0.380607 -0.898479
v 0.566749 -0.420311 -0.871953
v 0.566749 -0.420311 -0.871953
v 0.566749 -0.420311 -0.871953
v 0.566749 -0.420311 -0.871953
v 0.566749 -0.420311 -0.871953
v 0.566859 -0.467145 -0.862638
v 0.566859 -0.467145 -0.862638
v 0.566859 -0.467145 -0.862638
v 0.566859 -0.467145 -0.862638
v 0.566859 -0.467145 -0.862638
v 0.566749 -0.513979 -0.871953
v 0.566749 -0.513979 -0.871953
v 0.566749 -0.513979 -0.871953
v 0.566749 -0.513979 -0.871953
v 0.566749 -0.513979 -0.871953
v 0.566439 -0.553683 -0.898479
v 0.566439 -0.553683 -0.898479
v 0.566439 -0.553683 -0.898479
v 0.566439 -0.553683 -0.898479
v 0.566439 -0.553683 -0.898479
v 0.565973 -0.580213 -0.938179
v 0.565973 -0.580213 -0.938179
v 0.565973 -0.580213 -0.938179
v 0.565973 -0.580213 -0.938179
v 0.565973 -0.580213 -0.938179
v 0.565425 -0.589528 -0.985008
v 0.565425 -0.589528 -0.985008
v 0.565425 -0.589528 -0.985008
v 0.565425 -0.589528 -0.985008
v 0.565425 -0.589528 -0.985008
v 0.564876 -0.580213 -1.031836
v 0.564876 -0.580213 -1.031836
v 0.564876 -0.580213 -1.031836
v 0.564876 -0.580213 -1.031836
v 0.564876 -0.580213 -1.031836
v 0.564410 -0.553683 -1.071536
v 0.564410 -0.553683 -1.071536
v 0.564410 -0.553683 -1.071536
v 0.564410 -0.553683 -1.071536
v 0.564410 -0.553683 -1.071536
v 0.564100 -0.513979 -1.098062
v 0.564100 -0.513979 -1.098062
v 0.564100 -0.513979 -1.098062
v 0.564100 -0.513979 -1.098062
v 0.564100 -0.513979 -1.098062
v 0.461820 -0.467145 -1.106180
v 0.461820 -0.467145 -1.106180
v 0.461820 -0.467145 -1.106180
v 0.461820 -0.467145 -1.106180
v 0.461929 -0.420311 -1.096865
v 0.461929 -0.420311 -1.096865
v 0.461929 -0.420311 -1.096865
v 0.461929 -0.420311 -1.096865
v 0.462240 -0.380607 -1.070338
v 0.462240 -0.380607 -1.070338
v 0.462240 -0.380607 -1.070338
v 0.462240 -0.380607 -1.070338
v 0.462705 -0.354078 -1.030639
v 0.462705 -0.354078 -1.030639
v 0.462705 -0.354078 -1.030639
v 0.462705 -0.354078 -1.030639
v 0.463254 -0.344762 -0.983810
v 0.463254 -0.344762 -0.983810
v 0.463254 -0.344762 -0.983810
v 0.463254 -0.344762 -0.983810
v 0.463803 -0.354078 -0.936981
v 0.463803 -0.354078 -0.936981
v 0.463803 -0.354078 -0.936981
v 0.463803 -0.354078 -0.936981
v 0.464268 -0.380607 -0.897282
v 0.464268 -0.380607 -0.897282
v 0.464268 -0.380607 -0.897282
v 0.464268 -0.380607 -0.897282
v 0.464579 -0.420311 -0.870755
v 0.464579 -0.420311 -0.870755
v 0.464579 -0.420311 -0.870755
v 0.464579 -0.420311 -0.870755
v 0.464688 -0.467145 -0.861441
v 0.464688 -0.467145 -0.861441
v 0.464688 -0.467145 -0.861441
v 0.464688 -0.467145 -0.861441
v 0.464579 -0.513979 -0.870755
v 0.464579 -0.513979 -0.870755
v 0.464579 -0.513979 -0.870755
v 0.464579 -0.513979 -0.870755
v 0.464268 -0.553683 -0.897282
v 0.464268 -0.553683 -0.897282
v 0.464268 -0.553683 -0.897282
v 0.464268 -0.553683 -0.897282
v 0.463803 -0.580213 -0.936981
v 0.463803 -0.580213 -0.936981
v 0.463803 -0.580213 -0.936981
v 0.463803 -0.580213 -0.936981
v 0.463254 -0.589528 -0.983810
v 0.463254 -0.589528 -0.983810
v 0.463254 -0.589528 -0.983810
v 0.463254 -0.589528 -0.983810
v 0.462705 -0.580213 -1.030639
v 0.462705 -0.580213 -1.030639
v 0.462705 -0.580213 -1.030639
v 0.462705 -0.580213 -1.030639
v 0.462240 -0.553683 -1.070339
v 0.462240 -0.553683 -1.070339
v 0.462240 -0.553683 -1.070339
v 0.462240 -0.553683 -1.070339
v 0.461929 -0.513979 -1.096865
v 0.461929 -0.513979 -1.096865
v 0.461929 -0.513979 -1.096865
v 0.461929 -0.513979 -1.096865
v 0.544232 -0.467145 -1.107146
v 0.544232 -0.467145 -1.107146
v 0.544232 -0.467145 -1.107146
v 0.544232 -0.467145 -1.107146
v 0.544232 -0.467145 -1.107146
v 0.544341 -0.420311 -1.097831
v 0.544341 -0.420311 -1.097831
v 0.544341 -0.420311 -1.097831
v 0.544341 -0.420311 -1.097831
v 0.544341 -0.420311 -1.097831
v 0.544652 -0.380607 -1.071304
v 0.544652 -0.380607 -1.071304
v 0.544652 -0.380607 -1.071304
v 0.544652 -0.380607 -1.071304
v 0.544652 -0.380607 -1.071304
v 0.545118 -0.354078 -1.031605
v 0.545118 -0.354078 -1.031605
v 0.545118 -0.354078 -1.031605
v 0.545118 -0.354078 -1.031605
v 0.545118 -0.354078 -1.031605
v 0.545666 -0.344762 -0.984776
v 0.545666 -0.344762 -0.984776
v 0.545666 -0.344762 -0.984776
v 0.545666 -0.344762 -0.984776
v 0.545666 -0.344762 -0.984776
v 0.546215 -0.354078 -0.937947
v 0.546215 -0.354078 -0.937947
v 0.546215 -0.354078 -0.937947
v 0.546215 -0.354078 -0.937947
v 0.546215 -0.354078 -0.937947
v 0.546680 -0.380607 -0.898248
v 0.546680 -0.380607 -0.898248
v 0.546680 -0.380607 -0.898248
v 0.546680 -0.380607 -0.898248
v 0.546680 -0.380607 -0.898248
v 0.546991 -0.420311 -0.871721
v 0.546991 -0.420311 -0.871721
v 0.546991 -0.420311 -0.871721
v 0.546991 -0.420311 -0.871721
v 0.546991 -0.420311 -0.871721
v 0.547100 -0.467145 -0.862406
v 0.547100 -0.467145 -0.862406
v 0.547100 -0.467145 -0.862406
v 0.547100 -0.467145 -0.862406
v 0.547100 -0.467145 -0.862406
v 0.546991 -0.513979 -0.871721
v 0.546991 -0.513979 -0.871721
v 0.546991 -0.513979 -0.871721
v 0.546991 -0.513979 -0.871721
v 0.546991 -0.513979 -0.871721
v 0.546680 -0.553683 -0.898248
v 0.546680 -0.553683 -0.898248
v 0.546680 -0.553683 -0.898248
v 0.546680 -0.553683 -0.898248
v 0.546680 -0.553683 -0.898248
v 0.546215 -0.580213 -0.937947
v 0.546215 -0.580213 -0.937947
v 0.546215 -0.580213 -0.937947
v 0.546215 -0.580213 -0.937947
v 0.546215 -0.580213 -0.937947
v 0.545666 -0.589528 -0.984776
v 0.545666 -0.589528 -0.984776
v 0.545666 -0.589528 -0.984776
v 0.545666 -0.589528 -0.984776
v 0.545666 -0.589528 -0.984776
v 0.545118 -0.580213 -1.031605
v 0.545118 -0.580213 -1.031605
v 0.545118 -0.580213 -1.031605
v 0.545118 -0.580213 -1.031605
v 0.545118 -0.580213 -1.031605
v 0.544652 -0.553683 -1.071304
v 0.544652 -0.553683 -1.071304
v 0.544652 -0.553683 -1.071304
v 0.544652 -0.553683 -1.071304
v 0.544652 -0.553683 -1.071304
v 0.544341 -0.513979 -1.097831
v 0.544341 -0.513979 -1.097831
v 0.544341 -0.513979 -1.097831
v 0.544341 -0.513979 -1.097831
v 0.544341 -0.513979 -1.097831
v 0.517224 -0.467145 -1.106829
v 0.517224 -0.467145 -1.106829
v 0.517224 -0.467145 -1.106829
v 0.517224 -0.467145 -1.106829
v 0.517333 -0.420311 -1.097514
v 0.517333 -0.420311 -1.097514
v 0.517333 -0.420311 -1.097514
v 0.517333 -0.420311 -1.097514
v 0.517644 -0.380607 -1.070988
v 0.517644 -0.380607 -1.070988
v 0.517644 -0.380607 -1.070988
v 0.517644 -0.380607 -1.070988
v 0.518109 -0.354078 -1.031288
v 0.518109 -0.354078 -1.031288
v 0.518109 -0.354078 -1.031288
v 0.518109 -0.354078 -1.031288
v 0.518658 -0.344762 -0.984460
v 0.518658 -0.344762 -0.984460
v 0.518658 -0.344762 -0.984460
v 0.518658 -0.344762 -0.984460
v 0.519207 -0.354078 -0.937631
v 0.519207 -0.354078 -0.937631
v 0.519207 -0.354078 -0.937631
v 0.519207 -0.354078 -0.937631
v 0.519672 -0.380607 -0.897931
v 0.519672 -0.380607 -0.897931
v 0.519672 -0.380607 -0.897931
v 0.519672 -0.380607 -0.897931
v 0.519983 -0.420311 -0.871405
v 0.519983 -0.420311 -0.871405
v 0.519983 -0.420311 -0.871405
v 0.519983 -0.420311 -0.871405
v 0.520092 -0.467145 -0.862090
v 0.520092 -0.467145 -0.862090
v 0.520092 -0.467145 -0.862090
v 0.520092 -0.467145 -0.862090
v 0.519983 -0.513979 -0.871405
v 0.519983 -0.513979 -0.871405
v 0.519983 -0.513979 -0.871405
v 0.519983 -0.513979 -0.871405
v 0.519672 -0.553683 -0.897931
v 0.519672 -0.553683 -0.897931
v 0.519672 -0.553683 -0.897931
v 0.519672 -0.553683 -0.897931
v 0.519207 -0.580213 -0.937631
v 0.519207 -0.580213 -0.937631
v 0.519207 -0.580213 -0.937631
v 0.519207 -0.580213 -0.937631
v 0.518658 -0.589528 -0.984460
v 0.518658 -0.589528 -0.984460
v 0.518658 -0.589528 -0.984460
v 0.518658 -0.589528 -0.984460
v 0.518109 -0.580213 -1.031288
v 0.518109 -0.580213 -1.031288
v 0.518109 -0.580213 -1.031288
v 0.518109 -0.580213 -1.031288
v 0.517644 -0.553683 -1.070988
v 0.517644 -0.553683 -1.070988
v 0.517644 -0.553683 -1.070988
v 0.517644 -0.553683 -1.070988
v 0.517333 -0.513979 -1.097514
v 0.517333 -0.513979 -1.097514
v 0.517333 -0.513979 -1.097514
v 0.517333 -0.513979 -1.097514
v 0.554618 -0.467145 -1.107267
v 0.554618 -0.467145 -1.107267
v 0.554618 -0.467145 -1.107267
v 0.554618 -0.467145 -1.107267
v 0.554727 -0.420311 -1.097952
v 0.554727 -0.420311 -1.097952
v 0.554727 -0.420311 -1.097952
v 0.554727 -0.420311 -1.097952
v 0.555038 -0.380607 -1.071426
v 0.555038 -0.380607 -1.071426
v 0.555038 -0.380607 -1.071426
v 0.555038 -0.380607 -1.071426
v 0.555503 -0.354078 -1.031727
v 0.555503 -0.354078 -1.031727
v 0.555503 -0.354078 -1.031727
v 0.555503 -0.354078 -1.031727
v 0.556052 -0.344762 -0.984898
v 0.556052 -0.344762 -0.984898
v 0.556052 -0.344762 -0.984898
v 0.556052 -0.344762 -0.984898
v 0.556601 -0.354078 -0.938069
v 0.556601 -0.354078 -0.938069
v 0.556601 -0.354078 -0.938069
v 0.556601 -0.354078 -0.938069
v 0.557066 -0.380607 -0.898369
v 0.557066 -0.380607 -0.898369
v 0.557066 -0.380607 -0.898369
v 0.557066 -0.380607 -0.898369
v 0.557377 -0.420311 -0.871843
v 0.557377 -0.420311 -0.871843
v 0.557377 -0.420311 -0.871843
v 0.557377 -0.420311 -0.871843
v 0.557486 -0.467145 -0.862528
v 0.557486 -0.467145 -0.862528
v 0.557486 -0.467145 -0.862528
v 0.557486 -0.467145 -0.862528
v 0.557377 -0.513979 -0.871843
v 0.557377 -0.513979 -0.871843
v 0.557377 -0.513979 -0.871843
v 0.557377 -0.513979 -0.871843
v 0.557066 -0.553683 -0.898369
v 0.557066 -0.553683 -0.898369
v 0.557066 -0.553683 -0.898369
v 0.557066 -0.553683 -0.898369
v 0.556601 -0.580213 -0.938069
v 0.556601 -0.580213 -0.938069
v 0.556601 -0.580213 -0.938069
v 0.556601 -0.580213 -0.938069
v 0.556052 -0.589528 -0.984898
v 0.556052 -0.589528 -0.984898
v 0.556052 -0.589528 -0.984898
v 0.556052 -0.589528 -0.984898
v 0.555503 -0.580213 -1.031727
v 0.555503 -0.580213 -1.031727
v 0.555503 -0.580213 -1.031727
v 0.555503 -0.580213 -1.031727
v 0.555038 -0.553683 -1.071426
v 0.555038 -0.553683 -1.071426
v 0.555038 -0.553683 -1.071426
v 0.555038 -0.553683 -1.071426
v 0.554727 -0.513979 -1.097952
v 0.554727 -0.513979 -1.097952
v 0.554727 -0.513979 -1.097952
v 0.554727 -0.513979 -1.097952
v 0.517224 -0.467145 -1.106829
v 0.517224 -0.467145 -1.106829
v 0.517224 -0.467145 -1.106829
v 0.517224 -0.467145 -1.106829
v 0.517333 -0.420311 -1.097514
v 0.517333 -0.420311 -1.097514
v 0.517333 -0.420311 -1.097514
v 0.517333 -0.420311 -1.097514
v 0.517644 -0.380607 -1.070988
v 0.517644 -0.380607 -1.070988
v 0.517644 -0.380607 -1.070988
v 0.517644 -0.380607 -1.070988
v 0.518109 -0.354078 -1.031288
v 0.518109 -0.354078 -1.031288
v 0.518109 -0.354078 -1.031288
v 0.518109 -0.354078 -1.031288
v 0.518658 -0.344762 -0.984460
v 0.518658 -0.344762 -0.984460
v 0.518658 -0.344762 -0.984460
v 0.518658 -0.344762 -0.984460
v 0.519207 -0.354078 -0.937631
v 0.519207 -0.354078 -0.937631
v 0.519207 -0.354078 -0.937631
v 0.519207 -0.354078 -0.937631
v 0.519672 -0.380607 -0.897931
v 0.519672 -0.380607 -0.897931
v 0.519672 -0.380607 -0.897931
v 0.519672 -0.380607 -0.897931
v 0.519983 -0.420311 -0.871405
v 0.519983 -0.420311 -0.871405
v 0.519983 -0.420311 -0.871405
v 0.519983 -0.420311 -0.871405
v 0.520092 -0.467145 -0.862090
v 0.520092 -0.467145 -0.862090
v 0.520092 -0.467145 -0.862090
v 0.520092 -0.467145 -0.862090
v 0.519983 -0.513979 -0.871405
v 0.519983 -0.513979 -0.871405
v 0.519983 -0.513979 -0.871405
v 0.519983 -0.513979 -0.871405
v 0.519672 -0.553683 -0.897931
v 0.519672 -0.553683 -0.897931
v 0.519672 -0.553683 -0.897931
v 0.519672 -0.553683 -0.897931
v 0.519207 -0.580213 -0.937631
v 0.519207 -0.580213 -0.937631
v 0.519207 -0.580213 -0.937631
v 0.519207 -0.580213 -0.937631
v 0.518658 -0.589528 -0.984460
v 0.518658 -0.589528 -0.984460
v 0.518658 -0.589528 -0.984460
v 0.518658 -0.589528 -0.984460
v 0.518109 -0.580213 -1.031288
v 0.518109 -0.580213 -1.031288
v 0.518109 -0.580213 -1.031288
v 0.518109 -0.580213 -1.031288
v 0.517644 -0.553683 -1.070988
v 0.517644 -0.553683 -1.070988
v 0.517644 -0.553683 -1.070988
v 0.517644 -0.553683 -1.070988
v 0.517333 -0.513979 -1.097514
v 0.517333 -0.513979 -1.097514
v 0.517333 -0.513979 -1.097514
v 0.517333 -0.513979 -1.097514
v 0.547569 -0.467145 -1.035705
v 0.547569 -0.467145 -1.035705
v 0.547569 -0.467145 -1.035705
v 0.547569 -0.467145 -1.035705
v 0.547614 -0.447665 -1.031830
v 0.547614 -0.447665 -1.031830
v 0.547614 -0.447665 -1.031830
v 0.547614 -0.447665 -1.031830
v 0.547743 -0.431150 -1.020797
v 0.547743 -0.431150 -1.020797
v 0.547743 -0.431150 -1.020797
v 0.547743 -0.431150 -1.020797
v 0.547937 -0.420115 -1.004284
v 0.547937 -0.420115 -1.004284
v 0.547937 -0.420115 -1.004284
v 0.547937 -0.420115 -1.004284
v 0.548165 -0.416240 -0.984805
v 0.548165 -0.416240 -0.984805
v 0.548165 -0.416240 -0.984805
v 0.548165 -0.416240 -0.984805
v 0.548393 -0.420115 -0.965327
v 0.548393 -0.420115 -0.965327
v 0.548393 -0.420115 -0.965327
v 0.548393 -0.420115 -0.965327
v 0.548587 -0.431150 -0.948814
v 0.548587 -0.431150 -0.948814
v 0.548587 -0.431150 -0.948814
v 0.548587 -0.431150 -0.948814
v 0.548716 -0.447665 -0.937780
v 0.548716 -0.447665 -0.937780
v 0.548716 -0.447665 -0.937780
v 0.548716 -0.447665 -0.937780
v 0.548762 -0.467145 -0.933906
v 0.548762 -0.467145 -0.933906
v 0.548762 -0.467145 -0.933906
v 0.548762 -0.467145 -0.933906
v 0.548716 -0.486626 -0.937780
v 0.548716 -0.486626 -0.937780
v 0.548716 -0.486626 -0.937780
v 0.548716 -0.486626 -0.937780
v 0.548587 -0.503141 -0.948814
v 0.548587 -0.503141 -0.948814
v 0.548587 -0.503141 -0.948814
v 0.548587 -0.503141 -0.948814
v 0.548393 -0.514176 -0.965327
v 0.548393 -0.514176 -0.965327
v 0.548393 -0.514176 -0.965327
v 0.548393 -0.514176 -0.965327
v 0.548165 -0.518051 -0.984805
v 0.548165 -0.518051 -0.984805
v 0.548165 -0.518051 -0.984805
v 0.548165 -0.518051 -0.984805
v 0.547937 -0.514176 -1.004284
v 0.547937 -0.514176 -1.004284
v 0.547937 -0.514176 -1.004284
v 0.547937 -0.514176 -1.004284
v 0.547743 -0.503141 -1.020797
v 0.547743 -0.503141 -1.020797
v 0.547743 -0.503141 -1.020797
v 0.547743 -0.503141 -1.020797
v 0.547614 -0.486626 -1.031831
v 0.547614 -0.486626 -1.031831
v 0.547614 -0.486626 -1.031831
v 0.547614 -0.486626 -1.031831
v 0.536334 -0.467145 -1.035573
v 0.536334 -0.467145 -1.035573
v 0.536334 -0.467145 -1.035573
v 0.536334 -0.467145 -1.035573
v 0.536380 -0.447665 -1.031699
v 0.536380 -0.447665 -1.031699
v 0.536380 -0.447665 -1.031699
v 0.536380 -0.447665 -1.031699
v 0.536509 -0.431150 -1.020665
v 0.536509 -0.431150 -1.020665
v 0.536509 -0.431150 -1.020665
v 0.536509 -0.431150 -1.020665
v 0.536703 -0.420115 -1.004152
v 0.536703 -0.420115 -1.004152
v 0.536703 -0.420115 -1.004152
v 0.536703 -0.420115 -1.004152
v 0.536931 -0.416240 -0.984674
v 0.536931 -0.416240 -0.984674
v 0.536931 -0.416240 -0.984674
v 0.536931 -0.416240 -0.984674
v 0.537159 -0.420115 -0.965195
v 0.537159 -0.420115 -0.965195
v 0.537159 -0.420115 -0.965195
v 0.537159 -0.420115 -0.965195
v 0.537353 -0.431150 -0.948682
v 0.537353 -0.431150 -0.948682
v 0.537353 -0.431150 -0.948682
v 0.537353 -0.431150 -0.948682
v 0.537482 -0.447665 -0.937649
v 0.537482 -0.447665 -0.937649
v 0.537482 -0.447665 -0.937649
v 0.537482 -0.447665 -0.937649
v 0.537527 -0.467145 -0.933774
v 0.537527 -0.467145 -0.933774
v 0.537527 -0.467145 -0.933774
v 0.537527 -0.467145 -0.933774
v 0.537482 -0.486626 -0.937649
v 0.537482 -0.486626 -0.937649
v 0.537482 -0.486626 -0.937649
v 0.537482 -0.486626 -0.937649
v 0.537353 -0.503141 -0.948682
v 0.537353 -0.503141 -0.948682
v 0.537353 -0.503141 -0.948682
v 0.537353 -0.503141 -0.948682
v 0.537159 -0.514176 -0.965195
v 0.537159 -0.514176 -0.965195
v 0.537159 -0.514176 -0.965195
v 0.537159 -0.514176 -0.965195
v 0.536931 -0.518051 -0.984674
v 0.536931 -0.518051 -0.984674
v 0.536931 -0.518051 -0.984674
v 0.536931 -0.518051 -0.984674
v 0.536703 -0.514176 -1.004152
v 0.536703 -0.514176 -1.004152
v 0.536703 -0.514176 -1.004152
v 0.536703 -0.514176 -1.004152
v 0.536509 -0.503141 -1.020665
v 0.536509 -0.503141 -1.020665
v 0.536509 -0.503141 -1.020665
v 0.536509 -0.503141 -1.020665
v 0.536380 -0.486626 -1.031699
v 0.536380 -0.486626 -1.031699
v 0.536380 -0.486626 -1.031699
v 0.536380 -0.486626 -1.031699
v 0.547569 -0.467145 -1.035705
v 0.547569 -0.467145 -1.035705
v 0.547569 -0.467145 -1.035705
v 0.547569 -0.467145 -1.035705
v 0.547614 -0.447665 -1.031830
v 0.547614 -0.447665 -1.031830
v 0.547614 -0.447665 -1.031830
v 0.547614 -0.447665 -1.031830
v 0.547743 -0.431150 -1.020797
v 0.547743 -0.431150 -1.020797
v 0.547743 -0.431150 -1.020797
v 0.547743 -0.431150 -1.020797
v 0.547937 -0.420115 -1.004284
v 0.547937 -0.420115 -1.004284
v 0.547937 -0.420115 -1.004284
v 0.547937 -0.420115 -1.004284
v 0.548165 -0.416240 -0.984805
v 0.548165 -0.416240 -0.984805
v 0.548165 -0.416240 -0.984805
v 0.548165 -0.416240 -0.984805
v 0.548393 -0.420115 -0.965327
v 0.548393 -0.420115 -0.965327
v 0.548393 -0.420115 -0.965327
v 0.548393 -0.420115 -0.965327
v 0.548587 -0.431150 -0.948814
v 0.548587 -0.431150 -0.948814
v 0.548587 -0.431150 -0.948814
v 0.548587 -0.431150 -0.948814
v 0.548716 -0.447665 -0.937780
v 0.548716 -0.447665 -0.937780
v 0.548716 -0.447665 -0.937780
v 0.548716 -0.447665 -0.937780
v 0.548762 -0.467145 -0.933906
v 0.548762 -0.467145 -0.933906
v 0.548762 -0.467145 -0.933906
v 0.548762 -0.467145 -0.933906
v 0.548716 -0.486626 -0.937780
v 0.548716 -0.486626 -0.937780
v 0.548716 -0.486626 -0.937780
v 0.548716 -0.486626 -0.937780
v 0.548587 -0.503141 -0.948814
v 0.548587 -0.503141 -0.948814
v 0.548587 -0.503141 -0.948814
v 0.548587 -0.503141 -0.948814
v 0.548393 -0.514176 -0.965327
v 0.548393 -0.514176 -0.965327
v 0.548393 -0.514176 -0.965327
v 0.548393 -0.514176 -0.965327
v 0.548165 -0.518051 -0.984805
v 0.548165 -0.518051 -0.984805
v 0.548165 -0.518051 -0.984805
v 0.548165 -0.518051 -0.984805
v 0.547937 -0.514176 -1.004284
v 0.547937 -0.514176 -1.004284
v 0.547937 -0.514176 -1.004284
v 0.547937 -0.514176 -1.004284
v 0.547743 -0.503141 -1.020797
v 0.547743 -0.503141 -1.020797
v 0.547743 -0.503141 -1.020797
v 0.547743 -0.503141 -1.020797
v 0.547614 -0.486626 -1.031831
v 0.547614 -0.486626 -1.031831
v 0.547614 -0.486626 -1.031831
v 0.547614 -0.486626 -1.031831
v 0.536334 -0.467145 -1.035573
v 0.536334 -0.467145 -1.035573
v 0.536334 -0.467145 -1.035573
v 0.536334 -0.467145 -1.035573
v 0.536380 -0.447665 -1.031699
v 0.536380 -0.447665 -1.031699
v 0.536380 -0.447665 -1.031699
v 0.536380 -0.447665 -1.031699
v 0.536509 -0.431150 -1.020665
v 0.536509 -0.431150 -1.020665
v 0.536509 -0.431150 -1.020665
v 0.536509 -0.431150 -1.020665
v 0.536703 -0.420115 -1.004152
v 0.536703 -0.420115 -1.004152
v 0.536703 -0.420115 -1.004152
v 0.536703 -0.420115 -1.004152
v 0.536931 -0.416240 -0.984674
v 0.536931 -0.416240 -0.984674
v 0.536931 -0.416240 -0.984674
v 0.536931 -0.416240 -0.984674
v 0.537159 -0.420115 -0.965195
v 0.537159 -0.420115 -0.965195
v 0.537159 -0.420115 -0.965195
v 0.537159 -0.420115 -0.965195
v 0.537353 -0.431150 -0.948682
v 0.537353 -0.431150 -0.948682
v 0.537353 -0.431150 -0.948682
v 0.537353 -0.431150 -0.948682
v 0.537482 -0.447665 -0.937649
v 0.537482 -0.447665 -0.937649
v 0.537482 -0.447665 -0.937649
v 0.537482 -0.447665 -0.937649
v 0.537527 -0.467145 -0.933774
v 0.537527 -0.467145 -0.933774
v 0.537527 -0.467145 -0.933774
v 0.537527 -0.467145 -0.933774
v 0.537482 -0.486626 -0.937649
v 0.537482 -0.486626 -0.937649
v 0.537482 -0.486626 -0.937649
v 0.537482 -0.486626 -0.937649
v 0.537353 -0.503141 -0.948682
v 0.537353 -0.503141 -0.948682
v 0.537353 -0.503141 -0.948682
v 0.537353 -0.503141 -0.948682
v 0.537159 -0.514176 -0.965195
v 0.537159 -0.514176 -0.965195
v 0.537159 -0.514176 -0.965195
v 0.537159 -0.514176 -0.965195
v 0.536931 -0.518051 -0.984674
v 0.536931 -0.518051 -0.984674
v 0.536931 -0.518051 -0.984674
v 0.536931 -0.518051 -0.984674
v 0.536703 -0.514176 -1.004152
v 0.536703 -0.514176 -1.004152
v 0.536703 -0.514176 -1.004152
v 0.536703 -0.514176 -1.004152
v 0.536509 -0.503141 -1.020665
v 0.536509 -0.503141 -1.020665
v 0.536509 -0.503141 -1.020665
v 0.536509 -0.503141 -1.020665
v 0.536380 -0.486626 -1.031699
v 0.536380 -0.486626 -1.031699
v 0.536380 -0.486626 -1.031699
v 0.536380 -0.486626 -1.031699
v 0.547569 -0.467145 -1.035705
v 0.547569 -0.467145 -1.035705
v 0.547569 -0.467145 -1.035705
v 0.547569 -0.467145 -1.035705
v 0.547614 -0.447665 -1.031830
v 0.547614 -0.447665 -1.031830
v 0.547614 -0.447665 -1.031830
v 0.547614 -0.447665 -1.031830
v 0.547743 -0.431150 -1.020797
v 0.547743 -0.431150 -1.020797
v 0.547743 -0.431150 -1.020797
v 0.547743 -0.431150 -1.020797
v 0.547937 -0.420115 -1.004284
v 0.547937 -0.420115 -1.004284
v 0.547937 -0.420115 -1.004284
v 0.547937 -0.420115 -1.004284
v 0.548165 -0.416240 -0.984805
v 0.548165 -0.416240 -0.984805
v 0.548165 -0.416240 -0.984805
v 0.548165 -0.416240 -0.984805
v 0.548393 -0.420115 -0.965327
v 0.548393 -0.420115 -0.965327
v 0.548393 -0.420115 -0.965327
v 0.548393 -0.420115 -0.965327
v 0.548587 -0.431150 -0.948814
v 0.548587 -0.431150 -0.948814
v 0.548587 -0.431150 -0.948814
v 0.548587 -0.431150 -0.948814
v 0.548716 -0.447665 -0.937780
v 0.548716 -0.447665 -0.937780
v 0.548716 -0.447665 -0.937780
v 0.548716 -0.447665 -0.937780
v 0.548762 -0.467145 -0.933906
v 0.548762 -0.467145 -0.933906
v 0.548762 -0.467145 -0.933906
v 0.548762 -0.467145 -0.933906
v 0.548716 -0.486626 -0.937780
v 0.548716 -0.486626 -0.937780
v 0.548716 -0.486626 -0.937780
v 0.548716 -0.486626 -0.937780
v 0.548587 -0.503141 -0.948814
v 0.548587 -0.503141 -0.948814
v 0.548587 -0.503141 -0.948814
v 0.548587 -0.503141 -0.948814
v 0.548393 -0.514176 -0.965327
v 0.548393 -0.514176 -0.965327
v 0.548393 -0.514176 -0.965327
v 0.548393 -0.514176 -0.965327
v 0.548165 -0.518051 -0.984805
v 0.548165 -0.518051 -0.984805
v 0.548165 -0.518051 -0.984805
v 0.548165 -0.518051 -0.984805
v 0.547937 -0.514176 -1.004284
v 0.547937 -0.514176 -1.004284
v 0.547937 -0.514176 -1.004284
v 0.547937 -0.514176 -1.004284
v 0.547743 -0.503141 -1.020797
v 0.547743 -0.503141 -1.020797
v 0.547743 -0.503141 -1.020797
v 0.547743 -0.503141 -1.020797
v 0.547614 -0.486626 -1.031831
v 0.547614 -0.486626 -1.031831
v 0.547614 -0.486626 -1.031831
v 0.547614 -0.486626 -1.031831
v 0.536334 -0.467145 -1.035573
v 0.536334 -0.467145 -1.035573
v 0.536334 -0.467145 -1.035573
v 0.536334 -0.467145 -1.035573
v 0.536380 -0.447665 -1.031699
v 0.536380 -0.447665 -1.031699
v 0.536380 -0.447665 -1.031699
v 0.536380 -0.447665 -1.031699
v 0.536509 -0.431150 -1.020665
v 0.536509 -0.431150 -1.020665
v 0.536509 -0.431150 -1.020665
v 0.536509 -0.431150 -1.020665
v 0.536703 -0.420115 -1.004152
v 0.536703 -0.420115 -1.004152
v 0.536703 -0.420115 -1.004152
v 0.536703 -0.420115 -1.004152
v 0.536931 -0.416240 -0.984674
v 0.536931 -0.416240 -0.984674
v 0.536931 -0.416240 -0.984674
v 0.536931 -0.416240 -0.984674
v 0.537159 -0.420115 -0.965195
v 0.537159 -0.420115 -0.965195
v 0.537159 -0.420115 -0.965195
v 0.537159 -0.420115 -0.965195
v 0.537353 -0.431150 -0.948682
v 0.537353 -0.431150 -0.948682
v 0.537353 -0.431150 -0.948682
v 0.537353 -0.431150 -0.948682
v 0.537482 -0.447665 -0.937649
v 0.537482 -0.447665 -0.937649
v 0.537482 -0.447665 -0.937649
v 0.537482 -0.447665 -0.937649
v 0.537527 -0.467145 -0.933774
v 0.537527 -0.467145 -0.933774
v 0.537527 -0.467145 -0.933774
v 0.537527 -0.467145 -0.933774
v 0.537482 -0.486626 -0.937649
v 0.537482 -0.486626 -0.937649
v 0.537482 -0.486626 -0.937649
v 0.537482 -0.486626 -0.937649
v 0.537353 -0.503141 -0.948682
v 0.537353 -0.503141 -0.948682
v 0.537353 -0.503141 -0.948682
v 0.537353 -0.503141 -0.948682
v 0.537159 -0.514176 -0.965195
v 0.537159 -0.514176 -0.965195
v 0.537159 -0.514176 -0.965195
v 0.537159 -0.514176 -0.965195
v 0.536931 -0.518051 -0.984674
v 0.536931 -0.518051 -0.984674
v 0.536931 -0.518051 -0.984674
v 0.536931 -0.518051 -0.984674
v 0.536703 -0.514176 -1.004152
v 0.536703 -0.514176 -1.004152
v 0.536703 -0.514176 -1.004152
v 0.536703 -0.514176 -1.004152
v 0.536509 -0.503141 -1.020665
v 0.536509 -0.503141 -1.020665
v 0.536509 -0.503141 -1.020665
v 0.536509 -0.503141 -1.020665
v 0.536380 -0.486626 -1.031699
v 0.536380 -0.486626 -1.031699
v 0.536380 -0.486626 -1.031699
v 0.536380 -0.486626 -1.031699
v 0.559088 -0.467145 -1.035840
v 0.559088 -0.467145 -1.035840
v 0.559134 -0.447665 -1.031965
v 0.559134 -0.447665 -1.031965
v 0.559263 -0.431150 -1.020932
v 0.559263 -0.431150 -1.020932
v 0.559457 -0.420115 -1.004419
v 0.559457 -0.420115 -1.004419
v 0.559685 -0.416240 -0.984940
v 0.559685 -0.416240 -0.984940
v 0.559913 -0.420115 -0.965462
v 0.559913 -0.420115 -0.965462
v 0.560107 -0.431150 -0.948949
v 0.560107 -0.431150 -0.948949
v 0.560236 -0.447665 -0.937915
v 0.560236 -0.447665 -0.937915
v 0.560281 -0.467145 -0.934041
v 0.560281 -0.467145 -0.934041
v 0.560236 -0.486626 -0.937915
v 0.560236 -0.486626 -0.937915
v 0.560107 -0.503141 -0.948949
v 0.560107 -0.503141 -0.948949
v 0.559913 -0.514176 -0.965462
v 0.559913 -0.514176 -0.965462
v 0.559685 -0.518051 -0.984940
v 0.559685 -0.518051 -0.984940
v 0.559457 -0.514176 -1.004419
v 0.559457 -0.514176 -1.004419
v 0.559263 -0.503141 -1.020932
v 0.559263 -0.503141 -1.020932
v 0.559134 -0.486626 -1.031965
v 0.559134 -0.486626 -1.031965
v 0.424785 -0.467145 -1.034459
v 0.424785 -0.467145 -1.034459
v 0.424830 -0.447665 -1.030584
v 0.424830 -0.447665 -1.030584
v 0.424960 -0.431150 -1.019551
v 0.424960 -0.431150 -1.019551
v 0.425153 -0.420115 -1.003038
v 0.425153 -0.420115 -1.003038
v 0.425381 -0.416240 -0.983559
v 0.425381 -0.416240 -0.983559
v 0.425610 -0.420115 -0.964081
v 0.425610 -0.420115 -0.964081
v 0.425803 -0.431150 -0.947568
v 0.425803 -0.431150 -0.947568
v 0.425932 -0.447665 -0.936534
v 0.425932 -0.447665 -0.936534
v 0.425978 -0.467145 -0.932659
v 0.425978 -0.467145 -0.932659
v 0.425932 -0.486626 -0.936534
v 0.425932 -0.486626 -0.936534
v 0.425803 -0.503141 -0.947568
v 0.425803 -0.503141 -0.947568
v 0.425610 -0.514176 -0.964081
v 0.425610 -0.514176 -0.964081
v 0.425381 -0.518051 -0.983559
v 0.425381 -0.518051 -0.983559
v 0.425153 -0.514176 -1.003038
v 0.425153 -0.514176 -1.003038
v 0.424960 -0.503141 -1.019551
v 0.424960 -0.503141 -1.019551
v 0.424830 -0.486626 -1.030584
v 0.424830 -0.486626 -1.030584
v 0.558990 -0.448283 -1.030470
v 0.558990 -0.448283 -1.030470
v 0.558990 -0.448283 -1.030470
v 0.558946 -0.467145 -1.034222
v 0.558946 -0.467145 -1.034222
v 0.558946 -0.467145 -1.034222
v 0.559303 -0.421608 -1.003798
v 0.559303 -0.421608 -1.003798
v 0.559303 -0.421608 -1.003798
v 0.559116 -0.432293 -1.019787
v 0.559116 -0.432293 -1.019787
v 0.559116 -0.432293 -1.019787
v 0.559745 -0.421608 -0.966079
v 0.559745 -0.421608 -0.966079
v 0.559745 -0.421608 -0.966079
v 0.559524 -0.417856 -0.984938
v 0.559524 -0.417856 -0.984938
v 0.559524 -0.417856 -0.984938
v 0.560058 -0.448283 -0.939407
v 0.560058 -0.448283 -0.939407
v 0.560058 -0.448283 -0.939407
v 0.559932 -0.432293 -0.950090
v 0.559932 -0.432293 -0.950090
v 0.559932 -0.432293 -0.950090
v 0.560058 -0.486007 -0.939407
v 0.560058 -0.486007 -0.939407
v 0.560058 -0.486007 -0.939407
v 0.560102 -0.467145 -0.935655
v 0.560102 -0.467145 -0.935655
v 0.560102 -0.467145 -0.935655
v 0.559745 -0.512682 -0.966079
v 0.559745 -0.512682 -0.966079
v 0.559745 -0.512682 -0.966079
v 0.559932 -0.501998 -0.950090
v 0.559932 -0.501998 -0.950090
v 0.559932 -0.501998 -0.950090
v 0.559303 -0.512682 -1.003798
v 0.559303 -0.512682 -1.003798
v 0.559303 -0.512682 -1.003798
v 0.559524 -0.516434 -0.984938
v 0.559524 -0.516434 -0.984938
v 0.559524 -0.516434 -0.984938
v 0.558990 -0.486007 -1.030470
v 0.558990 -0.486007 -1.030470
v 0.558990 -0.486007 -1.030470
v 0.559116 -0.501998 -1.019787
v 0.559116 -0.501998 -1.019787
v 0.559116 -0.501998 -1.019787
v 0.551158 -0.432293 -1.019694
v 0.551158 -0.432293 -1.019694
v 0.551158 -0.432293 -1.019694
v 0.551033 -0.486007 -1.030377
v 0.551033 -0.486007 -1.030377
v 0.551033 -0.486007 -1.030377
v 0.551033 -0.448283 -1.030377
v 0.551033 -0.448283 -1.030377
v 0.551033 -0.448283 -1.030377
v 0.550989 -0.467145 -1.034129
v 0.550989 -0.467145 -1.034129
v 0.550989 -0.467145 -1.034129
v 0.551158 -0.501998 -1.019694
v 0.551158 -0.501998 -1.019694
v 0.551158 -0.501998 -1.019694
v 0.551346 -0.512682 -1.003705
v 0.551346 -0.512682 -1.003705
v 0.551346 -0.512682 -1.003705
v 0.551567 -0.516434 -0.984845
v 0.551567 -0.516434 -0.984845
v 0.551567 -0.516434 -0.984845
v 0.551788 -0.512682 -0.965985
v 0.551788 -0.512682 -0.965985
v 0.551788 -0.512682 -0.965985
v 0.551975 -0.501998 -0.949997
v 0.551975 -0.501998 -0.949997
v 0.551975 -0.501998 -0.949997
v 0.551346 -0.421608 -1.003705
v 0.551346 -0.421608 -1.003705
v 0.551346 -0.421608 -1.003705
v 0.551788 -0.421608 -0.965985
v 0.551788 -0.421608 -0.965985
v 0.551788 -0.421608 -0.965985
v 0.551567 -0.417856 -0.984845
v 0.551567 -0.417856 -0.984845
v 0.551567 -0.417856 -0.984845
v 0.552100 -0.448283 -0.939313
v 0.552100 -0.448283 -0.939313
v 0.552100 -0.448283 -0.939313
v 0.551975 -0.432293 -0.949997
v 0.551975 -0.432293 -0.949997
v 0.551975 -0.432293 -0.949997
v 0.552100 -0.486007 -0.939313
v 0.552100 -0.486007 -0.939313
v 0.552100 -0.486007 -0.939313
v 0.552144 -0.467145 -0.935562
v 0.552144 -0.467145 -0.935562
v 0.552144 -0.467145 -0.935562
vn 0.9918 -0.1006 -0.0788
vn 0.9938 0.0672 0.0889
vn 0.9914 -0.0672 -0.1122
vn 0.9940 0.0236 0.1070
vn -0.9954 0.0210 -0.0939
vn 0.9940 -0.0236 0.1070
vn 0.9912 -0.0236 -0.1303
vn -0.0115 0.1951 -0.9807
vn 0.9938 -0.0672 0.0889
vn 0.9918 0.1006 -0.0788
vn 0.9934 -0.1006 0.0556
vn 0.9923 0.1186 -0.0352
vn 0.9929 -0.1186 0.0120
vn 0.9929 0.1186 0.0120
vn 0.9923 -0.1186 -0.0352
vn 0.9934 0.1006 0.0556
vn 0.9642 -0.2619 0.0408
vn 0.9662 -0.1484 0.2108
vn -0.7516 0.5443 0.3725
vn 0.9653 -0.2221 0.1371
vn -0.7484 -0.1277 0.6509
vn -0.7544 0.6420 0.1366
vn 0.9667 0.0521 0.2506
vn 0.9662 0.1484 0.2108
vn -0.7574 0.6420 -0.1188
vn 0.9653 0.2221 0.1371
vn -0.7602 0.5443 -0.3548
vn 0.9642 0.2619 0.0408
vn -0.7623 0.3637 -0.5354
vn 0.9630 0.2619 -0.0634
vn -0.7634 0.1277 -0.6331
vn 0.9619 0.2221 -0.1597
vn 0.9667 -0.0521 0.2506
vn 0.0097 0.5556 0.8314
vn -0.9934 0.0895 0.0714
vn -0.9952 0.0598 -0.0778
vn 0.0115 0.1951 0.9807
vn -0.9931 0.0598 0.1011
vn 0.0115 -0.1951 0.9807
vn -0.9929 0.0210 0.1172
vn 0.0097 -0.5556 0.8314
vn -0.9929 -0.0210 0.1172
vn 0.0065 -0.8315 0.5555
vn -0.9931 -0.0598 0.1011
vn 0.0023 -0.9808 0.1951
vn -0.9934 -0.0895 0.0714
vn -0.0023 -0.9808 -0.1951
vn -0.9939 -0.1056 0.0326
vn -0.0065 -0.8315 -0.5555
vn -0.0115 -0.1951 -0.9807
vn -0.0097 -0.5556 -0.8314
vn -0.0097 0.5556 -0.8314
vn 0.9914 0.0672 -0.1122
vn -0.0065 0.8315 -0.5555
vn -0.9954 -0.0210 -0.0939
vn -0.9944 -0.1056 -0.0093
vn -0.0023 0.9808 -0.1951
vn -0.9948 0.0895 -0.0481
vn -0.9948 -0.0895 -0.0481
vn 0.0023 0.9808 0.1951
vn -0.9944 0.1056 -0.0093
vn -0.9952 -0.0598 -0.0778
vn 0.0065 0.8315 0.5555
vn -0.9939 0.1056 0.0326
vn 0.9964 -0.0805 -0.0277
vn -0.0000 -1.0000 -0.0000
vn 0.0045 0.9239 0.3827
vn -0.0117 -0.0000 -0.9999
vn -0.0108 0.3827 -0.9238
vn 0.9967 0.0805 0.0043
vn -0.0108 -0.3827 -0.9238
vn -0.7495 0.3637 0.5531
vn -0.7484 0.1277 0.6509
vn 0.9630 -0.2619 -0.0634
vn 0.9975 -0.0160 0.0688
vn -0.7516 -0.5443 0.3725
vn 0.9619 -0.2221 -0.1597
vn -0.7495 -0.3637 0.5531
vn -0.7544 -0.6420 0.1366
vn 0.9610 -0.1484 -0.2333
vn -0.7574 -0.6420 -0.1188
vn 0.9605 -0.0521 -0.2732
vn -0.7602 -0.5443 -0.3548
vn 0.9605 0.0521 -0.2732
vn -0.7623 -0.3637 -0.5354
vn 0.9610 0.1484 -0.2333
vn -0.7634 -0.1277 -0.6331
vn -0.0000 1.0000 -0.0000
vn 0.9949 -0.0218 0.0980
vn -0.9967 -0.0805 -0.0043
vn -0.9960 -0.0682 0.0573
vn -0.9958 0.0456 0.0799
vn 0.0108 0.3827 0.9238
vn -0.9956 -0.0160 0.0921
vn 0.9956 0.0160 -0.0921
vn 0.0108 -0.3827 0.9238
vn -0.0083 -0.7071 -0.7071
vn 0.0045 -0.9239 0.3827
vn -0.0045 -0.9239 -0.3827
vn 0.9926 0.0621 -0.1046
vn -0.9701 -0.1401 -0.1984
vn 0.9924 0.0218 -0.1213
vn -0.9692 -0.2097 -0.1288
vn 0.9924 -0.0218 -0.1213
vn -0.9682 -0.2474 -0.0379
vn 0.9926 -0.0621 -0.1046
vn -0.9670 -0.2474 0.0605
vn -0.9651 -0.1401 0.2211
vn 0.9929 -0.0930 -0.0738
vn -0.9660 -0.2097 0.1515
vn 0.9934 -0.1097 -0.0335
vn -0.9647 0.0492 0.2587
vn -0.9651 0.1401 0.2211
vn 0.9939 -0.1097 0.0102
vn -0.9974 -0.0456 -0.0565
vn -0.9975 0.0160 -0.0688
vn -0.9971 0.0682 -0.0339
vn -0.9964 0.0805 0.0277
vn -0.9705 -0.0492 -0.2360
vn 0.9929 0.0930 -0.0738
vn -0.9705 0.0492 -0.2360
vn 0.9934 0.1097 -0.0335
vn -0.9701 0.1401 -0.1984
vn 0.9939 0.1097 0.0102
vn -0.9692 0.2097 -0.1288
vn 0.9944 0.0930 0.0505
vn -0.9682 0.2474 -0.0379
vn 0.9948 0.0621 0.0813
vn 0.9949 0.0218 0.0980
vn -0.9670 0.2474 0.0605
vn -0.9647 -0.0492 0.2587
vn 0.9944 -0.0930 0.0505
vn -0.9660 0.2097 0.1515
vn 0.9948 -0.0621 0.0813
vn 0.0098 -0.1951 0.9807
vn 0.0098 0.1951 0.9807
vn 0.0083 0.5556 0.8314
vn 0.0056 0.8315 0.5556
vn 0.0019 0.9808 0.1951
vn -0.0019 0.9808 -0.1951
vn -0.0083 0.5556 -0.8314
vn -0.0056 0.8315 -0.5556
vn 0.9999 -0.0000 -0.0117
vn 0.0086 0.5556 0.8314
vn -0.0086 -0.5556 -0.8314
vn -0.0101 -0.1951 -0.9807
vn -0.0101 0.1951 -0.9807
vn 0.0101 0.1951 0.9807
vn 0.0086 -0.5556 0.8314
vn -0.0086 0.5556 -0.8314
vn -0.0057 0.8315 -0.5556
vn 0.0020 -0.9808 0.1951
vn -0.0020 0.9808 -0.1951
vn -0.0020 -0.9808 -0.1951
vn 0.0020 0.9808 0.1951
vn -0.0057 -0.8315 -0.5556
vn 0.0083 -0.5556 0.8314
vn 0.0056 -0.8315 0.5556
vn 0.0019 -0.9808 0.1951
vn -0.0019 -0.9808 -0.1951
vn -0.0098 0.1951 -0.9807
vn -0.0056 -0.8315 -0.5556
vn -0.0083 -0.5556 -0.8314
vn -0.0098 -0.1951 -0.9807
vn 0.0101 -0.1951 0.9807
vn -0.0083 0.7071 -0.7071
vn 0.9960 0.0682 -0.0573
vn 0.9971 -0.0682 0.0339
vn 0.0083 0.7071 0.7071
vn -0.0045 0.9239 -0.3827
vn 0.9958 -0.0456 -0.0799
vn 0.0117 -0.0000 0.9999
vn 0.9974 0.0456 0.0565
vn 0.0083 -0.7071 0.7071
vn 0.9912 0.0236 -0.1303
vt 0.000000 0.000000
s 0
usemtl Material.021
f 3801/243/608 3947/243/608 3951/243/608 3804/243/608
f 3748/243/610 3893/243/610 3899/243/610 3752/243/610
f 3798/243/611 3940/243/611 3944/243/611 3800/243/611
f 3794/243/614 3936/243/614 3941/243/614 3797/243/614
f 3790/243/616 3932/243/616 3937/243/616 3793/243/616
f 3786/243/618 3928/243/618 3933/243/618 3789/243/618
f 3782/243/620 3924/243/620 3929/243/620 3785/243/620
f 3805/243/661 3950/243/661 3955/243/661 3808/243/661
f 3809/243/662 3954/243/662 3894/243/662 3751/243/662
f 3757/243/665 3902/243/665 3907/243/665 3760/243/665
f 3753/243/667 3898/243/667 3903/243/667 3756/243/667
f 3761/243/668 3906/243/668 3911/243/668 3764/243/668
f 3765/243/670 3910/243/670 3915/243/670 3768/243/670
f 3769/243/672 3914/243/672 3919/243/672 3772/243/672
f 3773/243/674 3918/243/674 3921/243/674 3777/243/674
f 3778/243/676 3920/243/676 3925/243/676 3781/243/676
f 3748/243/677 3749/243/677 3750/243/677 3751/243/677
f 3752/243/677 3753/243/677 3754/243/677 3755/243/677
f 3756/243/677 3757/243/677 3758/243/677 3759/243/677
f 3760/243/677 3761/243/677 3762/243/677 3763/243/677
f 3764/243/677 3765/243/677 3766/243/677 3767/243/677
f 3768/243/677 3769/243/677 3770/243/677 3771/243/677
f 3772/243/677 3773/243/677 3774/243/677 3775/243/677
f 3800/243/677 3801/243/677 3802/243/677 3803/243/677
f 3804/243/677 3805/243/677 3806/243/677 3807/243/677
f 3808/243/677 3809/243/677 3810/243/677 3811/243/677
f 3920/243/677 3921/243/677 3922/243/677 3923/243/677
f 3924/243/677 3925/243/677 3926/243/677 3927/243/677
f 3928/243/677 3929/243/677 3930/243/677 3931/243/677
f 3932/243/677 3933/243/677 3934/243/677 3935/243/677
f 3936/243/677 3937/243/677 3938/243/677 3939/243/677
f 3940/243/677 3941/243/677 3942/243/677 3943/243/677
f 3944/243/677 3945/243/677 3946/243/677 3947/243/677
f 3797/243/677 3941/243/677 3940/243/677 3798/243/677
f 3793/243/677 3937/243/677 3936/243/677 3794/243/677
f 3789/243/677 3933/243/677 3932/243/677 3790/243/677
f 3785/243/677 3929/243/677 3928/243/677 3786/243/677
f 3920/243/677 3778/243/677 3777/243/677 3921/243/677
f 3781/243/677 3925/243/677 3924/243/677 3782/243/677
f 3899/243/677 3893/243/677 3892/243/677 3896/243/677
f 3903/243/677 3898/243/677 3897/243/677 3900/243/677
f 3907/243/677 3902/243/677 3901/243/677 3904/243/677
f 3911/243/677 3906/243/677 3905/243/677 3908/243/677
f 3915/243/677 3910/243/677 3909/243/677 3912/243/677
f 3919/243/677 3914/243/677 3913/243/677 3916/243/677
f 3921/243/677 3918/243/677 3917/243/677 3922/243/677
f 3925/243/677 3920/243/677 3923/243/677 3926/243/677
f 3929/243/677 3924/243/677 3927/243/677 3930/243/677
f 3933/243/677 3928/243/677 3931/243/677 3934/243/677
f 3937/243/677 3932/243/677 3935/243/677 3938/243/677
f 3941/243/677 3936/243/677 3939/243/677 3942/243/677
f 3944/243/677 3940/243/677 3943/243/677 3945/243/677
f 3951/243/677 3947/243/677 3946/243/677 3948/243/677
f 3955/243/677 3950/243/677 3949/243/677 3952/243/677
f 3894/243/677 3954/243/677 3953/243/677 3895/243/677
f 3800/243/677 3944/243/677 3947/243/677 3801/243/677
f 3804/243/677 3951/243/677 3950/243/677 3805/243/677
f 3752/243/677 3899/243/677 3898/243/677 3753/243/677
f 3893/243/677 3748/243/677 3751/243/677 3894/243/677
f 3808/243/677 3955/243/677 3954/243/677 3809/243/677
f 3756/243/677 3903/243/677 3902/243/677 3757/243/677
f 3760/243/677 3907/243/677 3906/243/677 3761/243/677
f 3764/243/677 3911/243/677 3910/243/677 3765/243/677
f 3768/243/677 3915/243/677 3914/243/677 3769/243/677
f 3772/243/677 3919/243/677 3918/243/677 3773/243/677
f 4639/243/677 4536/243/677 4539/243/677 4638/243/677
usemtl Material.009
f 3612/243/590 3740/243/590 3737/243/590 3611/243/590
f 3584/243/591 3713/243/591 3710/243/591 3583/243/591
f 3616/243/592 3744/243/592 3741/243/592 3615/243/592
f 3588/243/593 3717/243/593 3714/243/593 3587/243/593
f 3620/243/594 3749/243/594 3755/243/594 3624/243/594
f 3592/243/595 3720/243/595 3718/243/595 3591/243/595
f 3557/243/596 3687/243/596 3745/243/596 3619/243/596
f 3561/243/597 3559/243/597 3621/243/597 3627/243/597
f 3596/243/598 3724/243/598 3721/243/598 3595/243/598
f 3568/243/599 3697/243/599 3693/243/599 3567/243/599
f 3600/243/600 3728/243/600 3725/243/600 3599/243/600
f 3572/243/601 3701/243/601 3698/243/601 3571/243/601
f 3604/243/602 3732/243/602 3729/243/602 3603/243/602
f 3576/243/603 3705/243/603 3702/243/603 3575/243/603
f 3608/243/604 3736/243/604 3733/243/604 3607/243/604
f 3580/243/605 3709/243/605 3706/243/605 3579/243/605
f 3585/243/623 3582/243/623 3646/243/623 3651/243/623
f 3641/243/624 3770/243/624 3775/243/624 3644/243/624
f 3625/243/625 3754/243/625 3759/243/625 3628/243/625
f 3589/243/626 3586/243/626 3650/243/626 3655/243/626
f 3645/243/627 3774/243/627 3776/243/627 3648/243/627
f 3593/243/628 3590/243/628 3654/243/628 3659/243/628
f 3649/243/629 3779/243/629 3780/243/629 3652/243/629
f 3597/243/630 3594/243/630 3658/243/630 3663/243/630
f 3653/243/631 3783/243/631 3784/243/631 3656/243/631
f 3601/243/632 3598/243/632 3662/243/632 3667/243/632
f 3657/243/633 3787/243/633 3788/243/633 3660/243/633
f 3605/243/634 3602/243/634 3666/243/634 3671/243/634
f 3661/243/635 3791/243/635 3792/243/635 3664/243/635
f 3609/243/636 3606/243/636 3670/243/636 3675/243/636
f 3665/243/637 3795/243/637 3796/243/637 3668/243/637
f 3613/243/638 3610/243/638 3674/243/638 3679/243/638
f 3558/243/639 3618/243/639 3682/243/639 3622/243/639
f 3617/243/640 3614/243/640 3678/243/640 3683/243/640
f 3565/243/641 3562/243/641 3626/243/641 3631/243/641
f 3564/243/642 3692/243/642 3689/243/642 3563/243/642
f 3569/243/643 3566/243/643 3630/243/643 3635/243/643
f 3681/243/644 3810/243/644 3750/243/644 3623/243/644
f 3669/243/645 3799/243/645 3803/243/645 3672/243/645
f 3573/243/646 3570/243/646 3634/243/646 3639/243/646
f 3629/243/647 3758/243/647 3763/243/647 3632/243/647
f 3673/243/648 3802/243/648 3807/243/648 3676/243/648
f 3577/243/649 3574/243/649 3638/243/649 3643/243/649
f 3633/243/650 3762/243/650 3767/243/650 3636/243/650
f 3677/243/651 3806/243/651 3811/243/651 3680/243/651
f 3581/243/652 3578/243/652 3642/243/652 3647/243/652
f 3637/243/653 3766/243/653 3771/243/653 3640/243/653
f 3556/243/677 3557/243/677 3558/243/677 3559/243/677
f 3560/243/677 3561/243/677 3562/243/677 3563/243/677
f 3564/243/677 3565/243/677 3566/243/677 3567/243/677
f 3568/243/677 3569/243/677 3570/243/677 3571/243/677
f 3572/243/677 3573/243/677 3574/243/677 3575/243/677
f 3576/243/677 3577/243/677 3578/243/677 3579/243/677
f 3580/243/677 3581/243/677 3582/243/677 3583/243/677
f 3584/243/677 3585/243/677 3586/243/677 3587/243/677
f 3588/243/677 3589/243/677 3590/243/677 3591/243/677
f 3592/243/677 3593/243/677 3594/243/677 3595/243/677
f 3596/243/677 3597/243/677 3598/243/677 3599/243/677
f 3600/243/677 3601/243/677 3602/243/677 3603/243/677
f 3604/243/677 3605/243/677 3606/243/677 3607/243/677
f 3608/243/677 3609/243/677 3610/243/677 3611/243/677
f 3612/243/677 3613/243/677 3614/243/677 3615/243/677
f 3616/243/677 3617/243/677 3618/243/677 3619/243/677
f 3620/243/677 3621/243/677 3622/243/677 3623/243/677
f 3624/243/677 3625/243/677 3626/243/677 3627/243/677
f 3628/243/677 3629/243/677 3630/243/677 3631/243/677
f 3632/243/677 3633/243/677 3634/243/677 3635/243/677
f 3636/243/677 3637/243/677 3638/243/677 3639/243/677
f 3640/243/677 3641/243/677 3642/243/677 3643/243/677
f 3644/243/677 3645/243/677 3646/243/677 3647/243/677
f 3648/243/677 3649/243/677 3650/243/677 3651/243/677
f 3652/243/677 3653/243/677 3654/243/677 3655/243/677
f 3656/243/677 3657/243/677 3658/243/677 3659/243/677
f 3660/243/677 3661/243/677 3662/243/677 3663/243/677
f 3664/243/677 3665/243/677 3666/243/677 3667/243/677
f 3668/243/677 3669/243/677 3670/243/677 3671/243/677
f 3672/243/677 3673/243/677 3674/243/677 3675/243/677
f 3676/243/677 3677/243/677 3678/243/677 3679/243/677
f 3680/243/677 3681/243/677 3682/243/677 3683/243/677
f 3684/243/677 3685/243/677 3686/243/677 3687/243/677
f 3688/243/677 3689/243/677 3690/243/677 3691/243/677
f 3692/243/677 3693/243/677 3694/243/677 3695/243/677
f 3720/243/677 3721/243/677 3722/243/677 3723/243/677
f 3724/243/677 3725/243/677 3726/243/677 3727/243/677
f 3728/243/677 3729/243/677 3730/243/677 3731/243/677
f 3732/243/677 3733/243/677 3734/243/677 3735/243/677
f 3736/243/677 3737/243/677 3738/243/677 3739/243/677
f 3740/243/677 3741/243/677 3742/243/677 3743/243/677
f 3744/243/677 3745/243/677 3746/243/677 3747/243/677
f 3776/243/677 3777/243/677 3778/243/677 3779/243/677
f 3780/243/677 3781/243/677 3782/243/677 3783/243/677
f 3784/243/677 3785/243/677 3786/243/677 3787/243/677
f 3788/243/677 3789/243/677 3790/243/677 3791/243/677
f 3792/243/677 3793/243/677 3794/243/677 3795/243/677
f 3796/243/677 3797/243/677 3798/243/677 3799/243/677
f 3560/243/677 3556/243/677 3559/243/677 3561/243/677
f 3564/243/677 3563/243/677 3562/243/677 3565/243/677
f 3568/243/677 3567/243/677 3566/243/677 3569/243/677
f 3572/243/677 3571/243/677 3570/243/677 3573/243/677
f 3576/243/677 3575/243/677 3574/243/677 3577/243/677
f 3580/243/677 3579/243/677 3578/243/677 3581/243/677
f 3584/243/677 3583/243/677 3582/243/677 3585/243/677
f 3588/243/677 3587/243/677 3586/243/677 3589/243/677
f 3592/243/677 3591/243/677 3590/243/677 3593/243/677
f 3596/243/677 3595/243/677 3594/243/677 3597/243/677
f 3600/243/677 3599/243/677 3598/243/677 3601/243/677
f 3604/243/677 3603/243/677 3602/243/677 3605/243/677
f 3608/243/677 3607/243/677 3606/243/677 3609/243/677
f 3612/243/677 3611/243/677 3610/243/677 3613/243/677
f 3616/243/677 3615/243/677 3614/243/677 3617/243/677
f 3557/243/677 3619/243/677 3618/243/677 3558/243/677
f 3627/243/677 3621/243/677 3620/243/677 3624/243/677
f 3631/243/677 3626/243/677 3625/243/677 3628/243/677
f 3635/243/677 3630/243/677 3629/243/677 3632/243/677
f 3639/243/677 3634/243/677 3633/243/677 3636/243/677
f 3643/243/677 3638/243/677 3637/243/677 3640/243/677
f 3647/243/677 3642/243/677 3641/243/677 3644/243/677
f 3651/243/677 3646/243/677 3645/243/677 3648/243/677
f 3655/243/677 3650/243/677 3649/243/677 3652/243/677
f 3659/243/677 3654/243/677 3653/243/677 3656/243/677
f 3663/243/677 3658/243/677 3657/243/677 3660/243/677
f 3667/243/677 3662/243/677 3661/243/677 3664/243/677
f 3671/243/677 3666/243/677 3665/243/677 3668/243/677
f 3675/243/677 3670/243/677 3669/243/677 3672/243/677
f 3679/243/677 3674/243/677 3673/243/677 3676/243/677
f 3683/243/677 3678/243/677 3677/243/677 3680/243/677
f 3622/243/677 3682/243/677 3681/243/677 3623/243/677
f 3605/243/677 3671/243/677 3670/243/677 3606/243/677
f 3674/243/677 3610/243/677 3609/243/677 3675/243/677
f 3577/243/677 3643/243/677 3642/243/677 3578/243/677
f 3646/243/677 3582/243/677 3581/243/677 3647/243/677
f 3678/243/677 3614/243/677 3613/243/677 3679/243/677
f 3650/243/677 3586/243/677 3585/243/677 3651/243/677
f 3682/243/677 3618/243/677 3617/243/677 3683/243/677
f 3654/243/677 3590/243/677 3589/243/677 3655/243/677
f 3558/243/677 3622/243/677 3621/243/677 3559/243/677
f 3626/243/677 3562/243/677 3561/243/677 3627/243/677
f 3658/243/677 3594/243/677 3593/243/677 3659/243/677
f 3630/243/677 3566/243/677 3565/243/677 3631/243/677
f 3662/243/677 3598/243/677 3597/243/677 3663/243/677
f 3634/243/677 3570/243/677 3569/243/677 3635/243/677
f 3666/243/677 3602/243/677 3601/243/677 3667/243/677
f 3638/243/677 3574/243/677 3573/243/677 3639/243/677
f 3755/243/677 3749/243/677 3748/243/677 3752/243/677
f 3759/243/677 3754/243/677 3753/243/677 3756/243/677
f 3763/243/677 3758/243/677 3757/243/677 3760/243/677
f 3767/243/677 3762/243/677 3761/243/677 3764/243/677
f 3771/243/677 3766/243/677 3765/243/677 3768/243/677
f 3775/243/677 3770/243/677 3769/243/677 3772/243/677
f 3776/243/677 3774/243/677 3773/243/677 3777/243/677
f 3780/243/677 3779/243/677 3778/243/677 3781/243/677
f 3784/243/677 3783/243/677 3782/243/677 3785/243/677
f 3788/243/677 3787/243/677 3786/243/677 3789/243/677
f 3792/243/677 3791/243/677 3790/243/677 3793/243/677
f 3796/243/677 3795/243/677 3794/243/677 3797/243/677
f 3803/243/677 3799/243/677 3798/243/677 3800/243/677
f 3807/243/677 3802/243/677 3801/243/677 3804/243/677
f 3811/243/677 3806/243/677 3805/243/677 3808/243/677
f 3750/243/677 3810/243/677 3809/243/677 3751/243/677
f 3680/243/677 3811/243/677 3810/243/677 3681/243/677
f 3806/243/677 3677/243/677 3676/243/677 3807/243/677
f 3583/243/677 3710/243/677 3709/243/677 3580/243/677
f 3713/243/677 3584/243/677 3587/243/677 3714/243/677
f 3640/243/677 3771/243/677 3770/243/677 3641/243/677
f 3766/243/677 3637/243/677 3636/243/677 3767/243/677
f 3623/243/677 3750/243/677 3749/243/677 3620/243/677
f 3717/243/677 3588/243/677 3591/243/677 3718/243/677
f 3644/243/677 3775/243/677 3774/243/677 3645/243/677
f 3720/243/677 3592/243/677 3595/243/677 3721/243/677
f 3648/243/677 3776/243/677 3779/243/677 3649/243/677
f 3724/243/677 3596/243/677 3599/243/677 3725/243/677
f 3652/243/677 3780/243/677 3783/243/677 3653/243/677
f 3728/243/677 3600/243/677 3603/243/677 3729/243/677
f 3656/243/677 3784/243/677 3787/243/677 3657/243/677
f 3732/243/677 3604/243/677 3607/243/677 3733/243/677
f 3660/243/677 3788/243/677 3791/243/677 3661/243/677
f 3736/243/677 3608/243/677 3611/243/677 3737/243/677
f 3664/243/677 3792/243/677 3795/243/677 3665/243/677
f 3740/243/677 3612/243/677 3615/243/677 3741/243/677
f 3556/243/677 3684/243/677 3687/243/677 3557/243/677
f 3688/243/677 3560/243/677 3563/243/677 3689/243/677
f 3744/243/677 3616/243/677 3619/243/677 3745/243/677
f 3692/243/677 3564/243/677 3567/243/677 3693/243/677
f 3697/243/677 3568/243/677 3571/243/677 3698/243/677
f 3624/243/677 3755/243/677 3754/243/677 3625/243/677
f 3668/243/677 3796/243/677 3799/243/677 3669/243/677
f 3701/243/677 3572/243/677 3575/243/677 3702/243/677
f 3628/243/677 3759/243/677 3758/243/677 3629/243/677
f 3672/243/677 3803/243/677 3802/243/677 3673/243/677
f 3705/243/677 3576/243/677 3579/243/677 3706/243/677
f 3632/243/677 3763/243/677 3762/243/677 3633/243/677
f 3560/243/764 3688/243/764 3684/243/764 3556/243/764
usemtl Material.010
f 3700/243/606 3833/243/606 3829/243/606 3699/243/606
f 3695/243/607 3826/243/607 3817/243/607 3690/243/607
f 3696/243/609 3828/243/609 3822/243/609 3694/243/609
f 3686/243/612 3812/243/612 3887/243/612 3746/243/612
f 3747/243/613 3891/243/613 3882/243/613 3742/243/613
f 3743/243/615 3886/243/615 3877/243/615 3738/243/615
f 3739/243/617 3881/243/617 3872/243/617 3734/243/617
f 3735/243/619 3876/243/619 3867/243/619 3730/243/619
f 3731/243/621 3871/243/621 3862/243/621 3726/243/621
f 3691/243/622 3821/243/622 3813/243/622 3685/243/622
f 3949/243/623 4095/243/623 4096/243/623 3952/243/623
f 3837/243/654 4688/243/654 4691/243/654 3835/243/654
f 3815/243/655 4681/243/655 4733/243/655 3956/243/655
f 3946/243/652 4088/243/652 4092/243/652 3948/243/652
f 3961/243/656 4730/243/656 4677/243/656 3819/243/656
f 3865/243/641 4010/243/641 4003/243/641 3858/243/641
f 3943/243/649 4084/243/649 4089/243/649 3945/243/649
f 3836/243/657 4693/243/657 4758/243/657 3977/243/657
f 4021/243/658 4739/243/658 4713/243/658 3879/243/658
f 3939/243/646 4080/243/646 4085/243/646 3942/243/646
f 3880/243/659 4712/243/659 4715/243/659 3873/243/659
f 3935/243/643 4076/243/643 4081/243/643 3938/243/643
f 4011/243/660 4745/243/660 4707/243/660 3869/243/660
f 3931/243/641 4072/243/641 4077/243/641 3934/243/641
f 3996/243/626 4132/243/626 4129/243/626 3994/243/626
f 3927/243/597 4068/243/597 4073/243/597 3930/243/597
f 3704/243/663 3838/243/663 3834/243/663 3703/243/663
f 3820/243/664 4676/243/664 4679/243/664 3814/243/664
f 3708/243/666 3843/243/666 3839/243/666 3707/243/666
f 3712/243/669 3848/243/669 3844/243/669 3711/243/669
f 3716/243/671 3853/243/671 3849/243/671 3715/243/671
f 3723/243/673 3861/243/673 3854/243/673 3719/243/673
f 3727/243/675 3866/243/675 3857/243/675 3722/243/675
f 4042/243/677 4168/243/677 4172/243/677 4044/243/677
f 3986/243/652 4124/243/652 4121/243/652 3984/243/652
f 4045/243/677 4175/243/677 4176/243/677 4048/243/677
f 4106/243/678 4233/243/678 4231/243/678 4102/243/678
f 3978/243/679 4757/243/679 4754/243/679 3981/243/679
f 4098/243/677 4224/243/677 4164/243/677 4038/243/677
f 4094/243/677 4220/243/677 4225/243/677 4097/243/677
f 3980/243/646 4119/243/646 4112/243/646 3974/243/646
f 3969/243/641 4111/243/641 4104/243/641 3963/243/641
f 4091/243/677 4216/243/677 4221/243/677 4093/243/677
f 3967/243/680 4726/243/680 4751/243/680 3971/243/680
f 4039/243/677 4167/243/677 4169/243/677 4041/243/677
f 4087/243/677 4212/243/677 4217/243/677 4090/243/677
f 3959/243/639 4100/243/639 4160/243/639 4033/243/639
f 4027/243/681 4738/243/681 4728/243/681 4035/243/681
f 4083/243/677 4208/243/677 4213/243/677 4086/243/677
f 3953/243/626 4099/243/626 4037/243/626 3895/243/626
f 3972/243/682 4753/243/682 4683/243/682 3831/243/682
f 3957/243/683 4735/243/683 4731/243/683 3965/243/683
f 3901/243/632 4046/243/632 4051/243/632 3904/243/632
f 3860/243/684 4700/243/684 4703/243/684 3855/243/684
f 3897/243/630 4043/243/630 4047/243/630 3900/243/630
f 3905/243/634 4050/243/634 4055/243/634 3908/243/634
f 3982/243/685 4756/243/685 4689/243/685 3841/243/685
f 3909/243/636 4054/243/636 4059/243/636 3912/243/636
f 3824/243/686 4687/243/686 4724/243/686 3966/243/686
f 3913/243/638 4058/243/638 4063/243/638 3916/243/638
f 3992/243/687 4762/243/687 4695/243/687 3851/243/687
f 3917/243/640 4062/243/640 4065/243/640 3922/243/640
f 3885/243/652 4030/243/652 4022/243/652 3878/243/652
f 3923/243/639 4064/243/639 4069/243/639 3926/243/639
f 4002/243/688 4768/243/688 4701/243/688 3859/243/688
f 4140/243/689 4268/243/689 4265/243/689 4139/243/689
f 4189/243/690 4319/243/690 4320/243/690 4192/243/690
f 4136/243/691 4264/243/691 4260/243/691 4134/243/691
f 4186/243/692 4312/243/692 4316/243/692 4188/243/692
f 4135/243/693 4263/243/693 4256/243/693 4130/243/693
f 4182/243/694 4308/243/694 4313/243/694 4185/243/694
f 4131/243/695 4259/243/695 4252/243/695 4126/243/695
f 4178/243/696 4304/243/696 4309/243/696 4181/243/696
f 4171/243/697 4296/243/697 4301/243/697 4173/243/697
f 4127/243/698 4255/243/698 4248/243/698 4122/243/698
f 4174/243/699 4300/243/699 4305/243/699 4177/243/699
f 4232/243/677 4360/243/677 4356/243/677 4228/243/677
f 4123/243/700 4251/243/700 4244/243/700 4117/243/700
f 4227/243/701 4352/243/701 4292/243/701 4165/243/701
f 4223/243/702 4348/243/702 4353/243/702 4226/243/702
f 4118/243/703 4247/243/703 4240/243/703 4113/243/703
f 4049/243/677 4179/243/677 4180/243/677 4052/243/677
f 3995/243/623 4128/243/623 4125/243/623 3990/243/623
f 4053/243/677 4183/243/677 4184/243/677 4056/243/677
f 3989/243/704 4763/243/704 4760/243/704 3991/243/704
f 4057/243/677 4187/243/677 4191/243/677 4060/243/677
f 3999/243/705 4769/243/705 4766/243/705 4001/243/705
f 4061/243/677 4190/243/677 4195/243/677 4066/243/677
f 4009/243/630 4141/243/630 4138/243/630 4004/243/630
f 4067/243/677 4194/243/677 4199/243/677 4070/243/677
f 4007/243/706 4750/243/706 4746/243/706 4015/243/706
f 4071/243/677 4198/243/677 4203/243/677 4074/243/677
f 4019/243/634 4149/243/634 4146/243/634 4013/243/634
f 4075/243/677 4202/243/677 4205/243/677 4078/243/677
f 4017/243/707 4744/243/707 4740/243/707 4025/243/707
f 4079/243/677 4204/243/677 4209/243/677 4082/243/677
f 4029/243/638 4159/243/638 4152/243/638 4023/243/638
f 4337/243/677 4467/243/677 4468/243/677 4340/243/677
f 4284/243/677 4412/243/677 4410/243/677 4283/243/677
f 4334/243/677 4460/243/677 4464/243/677 4336/243/677
f 4280/243/677 4409/243/677 4404/243/677 4278/243/677
f 4330/243/677 4456/243/677 4461/243/677 4333/243/677
f 4279/243/677 4407/243/677 4400/243/677 4274/243/677
f 4326/243/677 4452/243/677 4457/243/677 4329/243/677
f 4275/243/677 4403/243/677 4396/243/677 4270/243/677
f 4322/243/677 4448/243/677 4453/243/677 4325/243/677
f 4271/243/677 4399/243/677 4392/243/677 4266/243/677
f 4318/243/677 4444/243/677 4449/243/677 4321/243/677
f 4267/243/677 4395/243/677 4388/243/677 4261/243/677
f 4315/243/677 4440/243/677 4445/243/677 4317/243/677
f 4262/243/677 4391/243/677 4384/243/677 4257/243/677
f 4311/243/677 4436/243/677 4441/243/677 4314/243/677
f 4258/243/677 4387/243/677 4380/243/677 4253/243/677
f 4193/243/708 4323/243/708 4324/243/708 4196/243/708
f 4144/243/709 4272/243/709 4269/243/709 4143/243/709
f 4197/243/710 4327/243/710 4328/243/710 4200/243/710
f 4148/243/711 4276/243/711 4273/243/711 4147/243/711
f 4201/243/712 4331/243/712 4332/243/712 4206/243/712
f 4154/243/713 4281/243/713 4277/243/713 4151/243/713
f 4207/243/714 4335/243/714 4339/243/714 4210/243/714
f 4158/243/715 4285/243/715 4282/243/715 4153/243/715
f 4211/243/716 4338/243/716 4343/243/716 4214/243/716
f 4162/243/717 4289/243/717 4286/243/717 4157/243/717
f 4103/243/718 4230/243/718 4290/243/718 4161/243/718
f 4215/243/719 4342/243/719 4345/243/719 4218/243/719
f 4166/243/720 4295/243/720 4297/243/720 4170/243/720
f 4114/243/721 4243/243/721 4236/243/721 4109/243/721
f 4219/243/722 4344/243/722 4349/243/722 4222/243/722
f 4110/243/723 4239/243/723 4234/243/723 4105/243/723
f 4386/243/677 4512/243/677 4509/243/677 4381/243/677
f 4435/243/677 4563/243/677 4564/243/677 4438/243/677
f 4426/243/677 4552/243/677 4557/243/677 4429/243/677
f 4382/243/677 4508/243/677 4504/243/677 4377/243/677
f 4430/243/677 4556/243/677 4560/243/677 4434/243/677
f 4490/243/597 4614/243/597 4613/243/597 4486/243/597
f 4378/243/677 4507/243/677 4500/243/677 4374/243/677
f 4482/243/677 4608/243/677 4548/243/677 4422/243/677
f 4478/243/677 4604/243/677 4609/243/677 4481/243/677
f 4375/243/677 4503/243/677 4496/243/677 4370/243/677
f 4367/243/677 4495/243/677 4488/243/677 4362/243/677
f 4474/243/677 4600/243/677 4605/243/677 4477/243/677
f 4371/243/677 4499/243/677 4492/243/677 4366/243/677
f 4423/243/677 4551/243/677 4553/243/677 4425/243/677
f 4470/243/677 4596/243/677 4601/243/677 4473/243/677
f 4358/243/677 4484/243/677 4544/243/677 4418/243/677
f 4288/243/677 4416/243/677 4413/243/677 4287/243/677
f 4229/243/677 4359/243/677 4417/243/677 4291/243/677
f 4341/243/677 4471/243/677 4472/243/677 4346/243/677
f 4294/243/677 4420/243/677 4424/243/677 4298/243/677
f 4242/243/677 4368/243/677 4365/243/677 4237/243/677
f 4347/243/677 4475/243/677 4476/243/677 4350/243/677
f 4238/243/677 4364/243/677 4361/243/677 4235/243/677
f 4246/243/677 4372/243/677 4369/243/677 4241/243/677
f 4351/243/677 4479/243/677 4480/243/677 4354/243/677
f 4355/243/677 4483/243/677 4421/243/677 4293/243/677
f 4250/243/677 4379/243/677 4373/243/677 4245/243/677
f 4363/243/677 4491/243/677 4485/243/677 4357/243/677
f 4303/243/677 4431/243/677 4433/243/677 4306/243/677
f 4254/243/677 4383/243/677 4376/243/677 4249/243/677
f 4299/243/677 4427/243/677 4428/243/677 4302/243/677
f 4307/243/677 4432/243/677 4437/243/677 4310/243/677
f 4581/243/724 4660/243/724 4663/243/724 4584/243/724
f 4528/243/632 4634/243/632 4633/243/632 4527/243/632
f 4577/243/725 4658/243/725 4661/243/725 4580/243/725
f 4524/243/630 4632/243/630 4630/243/630 4522/243/630
f 4574/243/726 4657/243/726 4659/243/726 4576/243/726
f 4523/243/628 4631/243/628 4628/243/628 4518/243/628
f 4570/243/727 4655/243/727 4656/243/727 4573/243/727
f 4519/243/626 4629/243/626 4626/243/626 4514/243/626
f 4566/243/728 4653/243/728 4654/243/728 4569/243/728
f 4515/243/623 4627/243/623 4624/243/623 4510/243/623
f 4562/243/729 4651/243/729 4652/243/729 4565/243/729
f 4555/243/730 4647/243/730 4648/243/730 4558/243/730
f 4511/243/652 4625/243/652 4622/243/652 4505/243/652
f 4559/243/731 4649/243/731 4650/243/731 4561/243/731
f 4616/243/732 4617/243/732 4619/243/732 4618/243/732 4621/243/732 4620/243/732 4623/243/732 4622/243/732 4625/243/732 4624/243/732 4627/243/732 4626/243/732 4629/243/732 4628/243/732 4631/243/732 4630/243/732 4632/243/732 4633/243/732 4634/243/732 4635/243/732 4636/243/732 4637/243/732 4639/243/732 4640/243/732 4642/243/732 4643/243/732 4612/243/732 4613/243/732 4614/243/732 4615/243/732
f 4506/243/649 4623/243/649 4620/243/649 4501/243/649
f 4439/243/677 4567/243/677 4568/243/677 4442/243/677
f 4390/243/677 4516/243/677 4513/243/677 4385/243/677
f 4443/243/677 4571/243/677 4572/243/677 4446/243/677
f 4394/243/677 4520/243/677 4517/243/677 4389/243/677
f 4447/243/677 4575/243/677 4579/243/677 4450/243/677
f 4398/243/677 4525/243/677 4521/243/677 4393/243/677
f 4451/243/677 4578/243/677 4583/243/677 4454/243/677
f 4402/243/677 4529/243/677 4526/243/677 4397/243/677
f 4455/243/677 4582/243/677 4587/243/677 4458/243/677
f 4406/243/677 4533/243/677 4530/243/677 4401/243/677
f 4459/243/677 4586/243/677 4591/243/677 4462/243/677
f 4408/243/677 4537/243/677 4534/243/677 4405/243/677
f 4463/243/677 4590/243/677 4593/243/677 4465/243/677
f 4415/243/677 4543/243/677 4538/243/677 4411/243/677
f 4466/243/677 4592/243/677 4597/243/677 4469/243/677
f 4419/243/677 4547/243/677 4540/243/677 4414/243/677
f 4642/243/733 4674/243/733 4672/243/733 4640/243/733
f 4627/243/734 4659/243/734 4657/243/734 4624/243/734
f 4629/243/735 4661/243/735 4658/243/735 4626/243/735
f 4648/243/732 4649/243/732 4650/243/732 4651/243/732 4652/243/732 4653/243/732 4654/243/732 4655/243/732 4656/243/732 4657/243/732 4659/243/732 4658/243/732 4661/243/732 4660/243/732 4663/243/732 4662/243/732 4665/243/732 4664/243/732 4667/243/732 4666/243/732 4669/243/732 4668/243/732 4671/243/732 4672/243/732 4674/243/732 4675/243/732 4644/243/732 4645/243/732 4646/243/732 4647/243/732
f 4631/243/736 4663/243/736 4660/243/736 4628/243/736
f 4612/243/737 4644/243/737 4675/243/737 4643/243/737
f 4616/243/738 4648/243/738 4647/243/738 4615/243/738
f 4632/243/739 4665/243/739 4662/243/739 4630/243/739
f 4619/243/740 4617/243/740 4649/243/740 4650/243/740
f 4634/243/740 4667/243/740 4664/243/740 4633/243/740
f 4621/243/741 4652/243/741 4651/243/741 4618/243/741
f 4636/243/742 4669/243/742 4666/243/742 4635/243/742
f 4623/243/743 4654/243/743 4653/243/743 4620/243/743
f 4639/243/744 4671/243/744 4668/243/744 4637/243/744
f 4625/243/745 4656/243/745 4655/243/745 4622/243/745
f 4532/243/634 4636/243/634 4635/243/634 4531/243/634
f 4585/243/746 4662/243/746 4665/243/746 4588/243/746
f 4536/243/636 4639/243/636 4637/243/636 4535/243/636
f 4589/243/747 4664/243/747 4667/243/747 4594/243/747
f 4542/243/638 4641/243/638 4638/243/638 4539/243/638
f 4595/243/748 4666/243/748 4669/243/748 4598/243/748
f 4546/243/640 4642/243/640 4640/243/640 4541/243/640
f 4487/243/639 4612/243/639 4643/243/639 4545/243/639
f 4599/243/749 4668/243/749 4671/243/749 4670/243/749 4602/243/749
f 4550/243/750 4645/243/750 4646/243/750 4554/243/750
f 4498/243/643 4619/243/643 4617/243/643 4493/243/643
f 4603/243/751 4670/243/751 4673/243/751 4606/243/751
f 4494/243/641 4616/243/641 4615/243/641 4489/243/641
f 4502/243/646 4621/243/646 4618/243/646 4497/243/646
f 4607/243/752 4673/243/752 4672/243/752 4674/243/752 4610/243/752
f 4611/243/753 4675/243/753 4644/243/753 4549/243/753
f 4614/243/754 4646/243/754 4645/243/754 4613/243/754
f 4678/243/628 4732/243/628 4734/243/628 4680/243/628
f 4690/243/636 4755/243/636 4759/243/636 4692/243/636
f 4684/243/632 4752/243/632 4725/243/632 4686/243/632
f 4720/243/623 4729/243/623 4737/243/623 4722/243/623
f 4714/243/649 4741/243/649 4743/243/649 4716/243/649
f 4696/243/640 4761/243/640 4765/243/640 4698/243/640
f 4702/243/597 4767/243/597 4771/243/597 4704/243/597
f 4708/243/643 4747/243/643 4749/243/643 4710/243/643
f 3875/243/646 4020/243/646 4012/243/646 3868/243/646
f 4005/243/628 4137/243/628 4133/243/628 4000/243/628
f 3846/243/755 4699/243/755 4764/243/755 3988/243/755
f 3832/243/634 3976/243/634 3973/243/634 3830/243/634
f 3870/243/756 4706/243/756 4709/243/756 3863/243/756
f 4014/243/632 4145/243/632 4142/243/632 4008/243/632
f 3892/243/628 4036/243/628 4040/243/628 3896/243/628
f 3856/243/677 4705/243/677 4770/243/677 3998/243/677
f 3842/243/638 3987/243/638 3983/243/638 3840/243/638
f 4024/243/636 4155/243/636 4150/243/636 4018/243/636
f 3827/243/757 4682/243/757 4685/243/757 3823/243/757
f 3864/243/758 4711/243/758 4748/243/758 4006/243/758
f 3825/243/630 3970/243/630 3962/243/630 3818/243/630
f 3964/243/597 4107/243/597 4101/243/597 3958/243/597
f 4034/243/640 4163/243/640 4156/243/640 4028/243/640
f 4031/243/759 4727/243/759 4719/243/759 3889/243/759
f 3847/243/760 4694/243/760 4697/243/760 3845/243/760
f 3874/243/761 4717/243/761 4742/243/761 4016/243/761
f 3975/243/643 4115/243/643 4108/243/643 3968/243/643
f 3890/243/762 4718/243/762 4721/243/762 3883/243/762
f 3816/243/626 3960/243/626 4032/243/626 3888/243/626
f 3852/243/639 3997/243/639 3993/243/639 3850/243/639
f 3884/243/763 4723/243/763 4736/243/763 4026/243/763
f 3985/243/649 4120/243/649 4116/243/649 3979/243/649
f 3696/243/677 3697/243/677 3698/243/677 3699/243/677
f 3700/243/677 3701/243/677 3702/243/677 3703/243/677
f 3704/243/677 3705/243/677 3706/243/677 3707/243/677
f 3708/243/677 3709/243/677 3710/243/677 3711/243/677
f 3712/243/677 3713/243/677 3714/243/677 3715/243/677
f 3716/243/677 3717/243/677 3718/243/677 3719/243/677
f 3812/243/677 3813/243/677 3814/243/677 3815/243/677 3816/243/677
f 3817/243/677 3818/243/677 3819/243/677 3820/243/677 3821/243/677
f 3822/243/677 3823/243/677 3824/243/677 3825/243/677 3826/243/677
f 3827/243/677 3828/243/677 3829/243/677 3830/243/677 3831/243/677
f 3832/243/677 3833/243/677 3834/243/677 3835/243/677 3836/243/677
f 3837/243/677 3838/243/677 3839/243/677 3840/243/677 3841/243/677
f 3842/243/677 3843/243/677 3844/243/677 3845/243/677 3846/243/677
f 3847/243/677 3848/243/677 3849/243/677 3850/243/677 3851/243/677
f 3852/243/677 3853/243/677 3854/243/677 3855/243/677 3856/243/677
f 3857/243/677 3858/243/677 3859/243/677 3860/243/677 3861/243/677
f 3862/243/677 3863/243/677 3864/243/677 3865/243/677 3866/243/677
f 3867/243/677 3868/243/677 3869/243/677 3870/243/677 3871/243/677
f 3872/243/677 3873/243/677 3874/243/677 3875/243/677 3876/243/677
f 3877/243/677 3878/243/677 3879/243/677 3880/243/677 3881/243/677
f 3882/243/677 3883/243/677 3884/243/677 3885/243/677 3886/243/677
f 3887/243/677 3888/243/677 3889/243/677 3890/243/677 3891/243/677
f 3892/243/677 3893/243/677 3894/243/677 3895/243/677
f 3896/243/677 3897/243/677 3898/243/677 3899/243/677
f 3900/243/677 3901/243/677 3902/243/677 3903/243/677
f 3904/243/677 3905/243/677 3906/243/677 3907/243/677
f 3908/243/677 3909/243/677 3910/243/677 3911/243/677
f 3912/243/677 3913/243/677 3914/243/677 3915/243/677
f 3916/243/677 3917/243/677 3918/243/677 3919/243/677
f 3948/243/677 3949/243/677 3950/243/677 3951/243/677
f 3952/243/677 3953/243/677 3954/243/677 3955/243/677
f 3956/243/677 3957/243/677 3958/243/677 3959/243/677 3960/243/677
f 3961/243/677 3962/243/677 3963/243/677 3964/243/677 3965/243/677
f 3966/243/677 3967/243/677 3968/243/677 3969/243/677 3970/243/677
f 3971/243/677 3972/243/677 3973/243/677 3974/243/677 3975/243/677
f 3976/243/677 3977/243/677 3978/243/677 3979/243/677 3980/243/677
f 3981/243/677 3982/243/677 3983/243/677 3984/243/677 3985/243/677
f 3986/243/677 3987/243/677 3988/243/677 3989/243/677 3990/243/677
f 3991/243/677 3992/243/677 3993/243/677 3994/243/677 3995/243/677
f 3996/243/677 3997/243/677 3998/243/677 3999/243/677 4000/243/677
f 4001/243/677 4002/243/677 4003/243/677 4004/243/677 4005/243/677
f 4006/243/677 4007/243/677 4008/243/677 4009/243/677 4010/243/677
f 4011/243/677 4012/243/677 4013/243/677 4014/243/677 4015/243/677
f 4016/243/677 4017/243/677 4018/243/677 4019/243/677 4020/243/677
f 4021/243/677 4022/243/677 4023/243/677 4024/243/677 4025/243/677
f 4026/243/677 4027/243/677 4028/243/677 4029/243/677 4030/243/677
f 4031/243/677 4032/243/677 4033/243/677 4034/243/677 4035/243/677
f 4036/243/677 4037/243/677 4038/243/677 4039/243/677
f 4040/243/677 4041/243/677 4042/243/677 4043/243/677
f 4044/243/677 4045/243/677 4046/243/677 4047/243/677
f 4048/243/677 4049/243/677 4050/243/677 4051/243/677
f 4052/243/677 4053/243/677 4054/243/677 4055/243/677
f 4056/243/677 4057/243/677 4058/243/677 4059/243/677
f 4060/243/677 4061/243/677 4062/243/677 4063/243/677
f 4064/243/677 4065/243/677 4066/243/677 4067/243/677
f 4068/243/677 4069/243/677 4070/243/677 4071/243/677
f 4072/243/677 4073/243/677 4074/243/677 4075/243/677
f 4076/243/677 4077/243/677 4078/243/677 4079/243/677
f 4080/243/677 4081/243/677 4082/243/677 4083/243/677
f 4084/243/677 4085/243/677 4086/243/677 4087/243/677
f 4088/243/677 4089/243/677 4090/243/677 4091/243/677
f 4092/243/677 4093/243/677 4094/243/677 4095/243/677
f 4096/243/677 4097/243/677 4098/243/677 4099/243/677
f 4100/243/677 4101/243/677 4102/243/677 4103/243/677
f 4104/243/677 4105/243/677 4106/243/677 4107/243/677
f 4108/243/677 4109/243/677 4110/243/677 4111/243/677
f 4112/243/677 4113/243/677 4114/243/677 4115/243/677
f 4116/243/677 4117/243/677 4118/243/677 4119/243/677
f 4120/243/677 4121/243/677 4122/243/677 4123/243/677
f 4124/243/677 4125/243/677 4126/243/677 4127/243/677
f 4128/243/677 4129/243/677 4130/243/677 4131/243/677
f 4132/243/677 4133/243/677 4134/243/677 4135/243/677
f 4136/243/677 4137/243/677 4138/243/677 4139/243/677
f 4140/243/677 4141/243/677 4142/243/677 4143/243/677
f 4144/243/677 4145/243/677 4146/243/677 4147/243/677
f 4148/243/677 4149/243/677 4150/243/677 4151/243/677
f 4152/243/677 4153/243/677 4154/243/677 4155/243/677
f 4156/243/677 4157/243/677 4158/243/677 4159/243/677
f 4160/243/677 4161/243/677 4162/243/677 4163/243/677
f 4164/243/677 4165/243/677 4166/243/677 4167/243/677
f 4168/243/677 4169/243/677 4170/243/677 4171/243/677
f 4172/243/677 4173/243/677 4174/243/677 4175/243/677
f 4176/243/677 4177/243/677 4178/243/677 4179/243/677
f 4180/243/677 4181/243/677 4182/243/677 4183/243/677
f 4184/243/677 4185/243/677 4186/243/677 4187/243/677
f 4188/243/677 4189/243/677 4190/243/677 4191/243/677
f 4192/243/677 4193/243/677 4194/243/677 4195/243/677
f 4196/243/677 4197/243/677 4198/243/677 4199/243/677
f 4200/243/677 4201/243/677 4202/243/677 4203/243/677
f 4204/243/677 4205/243/677 4206/243/677 4207/243/677
f 4208/243/677 4209/243/677 4210/243/677 4211/243/677
f 4212/243/677 4213/243/677 4214/243/677 4215/243/677
f 4216/243/677 4217/243/677 4218/243/677 4219/243/677
f 4220/243/677 4221/243/677 4222/243/677 4223/243/677
f 4224/243/677 4225/243/677 4226/243/677 4227/243/677
f 4228/243/677 4229/243/677 4230/243/677 4231/243/677
f 4232/243/677 4233/243/677 4234/243/677 4235/243/677
f 4236/243/677 4237/243/677 4238/243/677 4239/243/677
f 4240/243/677 4241/243/677 4242/243/677 4243/243/677
f 4244/243/677 4245/243/677 4246/243/677 4247/243/677
f 4248/243/677 4249/243/677 4250/243/677 4251/243/677
f 4252/243/677 4253/243/677 4254/243/677 4255/243/677
f 4256/243/677 4257/243/677 4258/243/677 4259/243/677
f 4260/243/677 4261/243/677 4262/243/677 4263/243/677
f 4264/243/677 4265/243/677 4266/243/677 4267/243/677
f 4268/243/677 4269/243/677 4270/243/677 4271/243/677
f 4272/243/677 4273/243/677 4274/243/677 4275/243/677
f 4276/243/677 4277/243/677 4278/243/677 4279/243/677
f 4280/243/677 4281/243/677 4282/243/677 4283/243/677
f 4284/243/677 4285/243/677 4286/243/677 4287/243/677
f 4288/243/677 4289/243/677 4290/243/677 4291/243/677
f 4292/243/677 4293/243/677 4294/243/677 4295/243/677
f 4296/243/677 4297/243/677 4298/243/677 4299/243/677
f 4300/243/677 4301/243/677 4302/243/677 4303/243/677
f 4304/243/677 4305/243/677 4306/243/677 4307/243/677
f 4308/243/677 4309/243/677 4310/243/677 4311/243/677
f 4312/243/677 4313/243/677 4314/243/677 4315/243/677
f 4316/243/677 4317/243/677 4318/243/677 4319/243/677
f 4320/243/677 4321/243/677 4322/243/677 4323/243/677
f 4324/243/677 4325/243/677 4326/243/677 4327/243/677
f 4328/243/677 4329/243/677 4330/243/677 4331/243/677
f 4332/243/677 4333/243/677 4334/243/677 4335/243/677
f 4336/243/677 4337/243/677 4338/243/677 4339/243/677
f 4340/243/677 4341/243/677 4342/243/677 4343/243/677
f 4344/243/677 4345/243/677 4346/243/677 4347/243/677
f 4348/243/677 4349/243/677 4350/243/677 4351/243/677
f 4352/243/677 4353/243/677 4354/243/677 4355/243/677
f 4356/243/677 4357/243/677 4358/243/677 4359/243/677
f 4360/243/677 4361/243/677 4362/243/677 4363/243/677
f 4364/243/677 4365/243/677 4366/243/677 4367/243/677
f 4368/243/677 4369/243/677 4370/243/677 4371/243/677
f 4372/243/677 4373/243/677 4374/243/677 4375/243/677
f 4376/243/677 4377/243/677 4378/243/677 4379/243/677
f 4380/243/677 4381/243/677 4382/243/677 4383/243/677
f 4384/243/677 4385/243/677 4386/243/677 4387/243/677
f 4388/243/677 4389/243/677 4390/243/677 4391/243/677
f 4392/243/677 4393/243/677 4394/243/677 4395/243/677
f 4396/243/677 4397/243/677 4398/243/677 4399/243/677
f 4400/243/677 4401/243/677 4402/243/677 4403/243/677
f 4404/243/677 4405/243/677 4406/243/677 4407/243/677
f 4408/243/677 4409/243/677 4410/243/677 4411/243/677
f 4412/243/677 4413/243/677 4414/243/677 4415/243/677
f 4416/243/677 4417/243/677 4418/243/677 4419/243/677
f 4420/243/677 4421/243/677 4422/243/677 4423/243/677
f 4424/243/677 4425/243/677 4426/243/677 4427/243/677
f 4428/243/677 4429/243/677 4430/243/677 4431/243/677
f 4432/243/677 4433/243/677 4434/243/677 4435/243/677
f 4436/243/677 4437/243/677 4438/243/677 4439/243/677
f 4440/243/677 4441/243/677 4442/243/677 4443/243/677
f 4444/243/677 4445/243/677 4446/243/677 4447/243/677
f 4448/243/677 4449/243/677 4450/243/677 4451/243/677
f 4452/243/677 4453/243/677 4454/243/677 4455/243/677
f 4456/243/677 4457/243/677 4458/243/677 4459/243/677
f 4460/243/677 4461/243/677 4462/243/677 4463/243/677
f 4464/243/677 4465/243/677 4466/243/677 4467/243/677
f 4468/243/677 4469/243/677 4470/243/677 4471/243/677
f 4472/243/677 4473/243/677 4474/243/677 4475/243/677
f 4476/243/677 4477/243/677 4478/243/677 4479/243/677
f 4480/243/677 4481/243/677 4482/243/677 4483/243/677
f 4484/243/677 4485/243/677 4486/243/677 4487/243/677
f 4488/243/677 4489/243/677 4490/243/677 4491/243/677
f 4492/243/677 4493/243/677 4494/243/677 4495/243/677
f 4496/243/677 4497/243/677 4498/243/677 4499/243/677
f 4500/243/677 4501/243/677 4502/243/677 4503/243/677
f 4504/243/677 4505/243/677 4506/243/677 4507/243/677
f 4508/243/677 4509/243/677 4510/243/677 4511/243/677
f 4512/243/677 4513/243/677 4514/243/677 4515/243/677
f 4516/243/677 4517/243/677 4518/243/677 4519/243/677
f 4520/243/677 4521/243/677 4522/243/677 4523/243/677
f 4524/243/677 4525/243/677 4526/243/677 4527/243/677
f 4528/243/677 4529/243/677 4530/243/677 4531/243/677
f 4532/243/677 4533/243/677 4534/243/677 4535/243/677
f 4536/243/677 4537/243/677 4538/243/677 4539/243/677
f 4540/243/677 4541/243/677 4542/243/677 4543/243/677
f 4544/243/677 4545/243/677 4546/243/677 4547/243/677
f 4548/243/677 4549/243/677 4550/243/677 4551/243/677
f 4552/243/677 4553/243/677 4554/243/677 4555/243/677
f 4556/243/677 4557/243/677 4558/243/677 4559/243/677
f 4560/243/677 4561/243/677 4562/243/677 4563/243/677
f 4564/243/677 4565/243/677 4566/243/677 4567/243/677
f 4568/243/677 4569/243/677 4570/243/677 4571/243/677
f 4572/243/677 4573/243/677 4574/243/677 4575/243/677
f 4576/243/677 4577/243/677 4578/243/677 4579/243/677
f 4580/243/677 4581/243/677 4582/243/677 4583/243/677
f 4584/243/677 4585/243/677 4586/243/677 4587/243/677
f 4588/243/677 4589/243/677 4590/243/677 4591/243/677
f 4592/243/677 4593/243/677 4594/243/677 4595/243/677
f 4596/243/677 4597/243/677 4598/243/677 4599/243/677
f 4600/243/677 4601/243/677 4602/243/677 4603/243/677
f 4604/243/677 4605/243/677 4606/243/677 4607/243/677
f 4608/243/677 4609/243/677 4610/243/677 4611/243/677
f 4676/243/677 4677/243/677 4678/243/677
f 4679/243/677 4680/243/677 4681/243/677
f 4682/243/677 4683/243/677 4684/243/677
f 4685/243/677 4686/243/677 4687/243/677
f 4688/243/677 4689/243/677 4690/243/677
f 4691/243/677 4692/243/677 4693/243/677
f 4694/243/677 4695/243/677 4696/243/677
f 4697/243/677 4698/243/677 4699/243/677
f 4700/243/677 4701/243/677 4702/243/677
f 4703/243/677 4704/243/677 4705/243/677
f 4706/243/677 4707/243/677 4708/243/677
f 4709/243/677 4710/243/677 4711/243/677
f 4712/243/677 4713/243/677 4714/243/677
f 4715/243/677 4716/243/677 4717/243/677
f 4718/243/677 4719/243/677 4720/243/677
f 4721/243/677 4722/243/677 4723/243/677
f 4724/243/677 4725/243/677 4726/243/677
f 4727/243/677 4728/243/677 4729/243/677
f 4730/243/677 4731/243/677 4732/243/677
f 4733/243/677 4734/243/677 4735/243/677
f 4736/243/677 4737/243/677 4738/243/677
f 4739/243/677 4740/243/677 4741/243/677
f 4742/243/677 4743/243/677 4744/243/677
f 4745/243/677 4746/243/677 4747/243/677
f 4748/243/677 4749/243/677 4750/243/677
f 4751/243/677 4752/243/677 4753/243/677
f 4754/243/677 4755/243/677 4756/243/677
f 4757/243/677 4758/243/677 4759/243/677
f 4760/243/677 4761/243/677 4762/243/677
f 4763/243/677 4764/243/677 4765/243/677
f 4766/243/677 4767/243/677 4768/243/677
f 4769/243/677 4770/243/677 4771/243/677
f 3691/243/677 3685/243/677 3684/243/677 3688/243/677
f 3695/243/677 3690/243/677 3689/243/677 3692/243/677
f 3696/243/677 3694/243/677 3693/243/677 3697/243/677
f 3700/243/677 3699/243/677 3698/243/677 3701/243/677
f 3704/243/677 3703/243/677 3702/243/677 3705/243/677
f 3708/243/677 3707/243/677 3706/243/677 3709/243/677
f 3712/243/677 3711/243/677 3710/243/677 3713/243/677
f 3716/243/677 3715/243/677 3714/243/677 3717/243/677
f 3723/243/677 3719/243/677 3718/243/677 3720/243/677
f 3727/243/677 3722/243/677 3721/243/677 3724/243/677
f 3731/243/677 3726/243/677 3725/243/677 3728/243/677
f 3735/243/677 3730/243/677 3729/243/677 3732/243/677
f 3739/243/677 3734/243/677 3733/243/677 3736/243/677
f 3743/243/677 3738/243/677 3737/243/677 3740/243/677
f 3747/243/677 3742/243/677 3741/243/677 3744/243/677
f 3686/243/677 3746/243/677 3745/243/677 3687/243/677
f 3826/243/677 3695/243/677 3694/243/677 3822/243/677
f 3891/243/677 3747/243/677 3746/243/677 3887/243/677
f 3821/243/677 3691/243/677 3690/243/677 3817/243/677
f 3685/243/677 3813/243/677 3812/243/677 3686/243/677
f 3886/243/677 3743/243/677 3742/243/677 3882/243/677
f 3881/243/677 3739/243/677 3738/243/677 3877/243/677
f 3876/243/677 3735/243/677 3734/243/677 3872/243/677
f 3871/243/677 3731/243/677 3730/243/677 3867/243/677
f 3866/243/677 3727/243/677 3726/243/677 3862/243/677
f 3722/243/677 3857/243/677 3861/243/677 3723/243/677
f 3820/243/677 3814/243/677 3813/243/677 3821/243/677
f 3825/243/677 3818/243/677 3817/243/677 3826/243/677
f 3827/243/677 3823/243/677 3822/243/677 3828/243/677
f 3832/243/677 3830/243/677 3829/243/677 3833/243/677
f 3837/243/677 3835/243/677 3834/243/677 3838/243/677
f 3842/243/677 3840/243/677 3839/243/677 3843/243/677
f 3847/243/677 3845/243/677 3844/243/677 3848/243/677
f 3852/243/677 3850/243/677 3849/243/677 3853/243/677
f 3860/243/677 3855/243/677 3854/243/677 3861/243/677
f 3865/243/677 3858/243/677 3857/243/677 3866/243/677
f 3870/243/677 3863/243/677 3862/243/677 3871/243/677
f 3875/243/677 3868/243/677 3867/243/677 3876/243/677
f 3880/243/677 3873/243/677 3872/243/677 3881/243/677
f 3885/243/677 3878/243/677 3877/243/677 3886/243/677
f 3890/243/677 3883/243/677 3882/243/677 3891/243/677
f 3816/243/677 3888/243/677 3887/243/677 3812/243/677
f 3945/243/677 4089/243/677 4088/243/677 3946/243/677
f 3970/243/677 3825/243/677 3824/243/677 3966/243/677
f 4031/243/677 3889/243/677 3888/243/677 4032/243/677
f 3942/243/677 4085/243/677 4084/243/677 3943/243/677
f 3961/243/677 3819/243/677 3818/243/677 3962/243/677
f 3815/243/677 3956/243/677 3960/243/677 3816/243/677
f 4030/243/677 3885/243/677 3884/243/677 4026/243/677
f 3938/243/677 4081/243/677 4080/243/677 3939/243/677
f 4021/243/677 3879/243/677 3878/243/677 4022/243/677
f 3934/243/677 4077/243/677 4076/243/677 3935/243/677
f 4020/243/677 3875/243/677 3874/243/677 4016/243/677
f 3930/243/677 4073/243/677 4072/243/677 3931/243/677
f 4011/243/677 3869/243/677 3868/243/677 4012/243/677
f 3864/243/677 4006/243/677 4010/243/677 3865/243/677
f 4064/243/677 3923/243/677 3922/243/677 4065/243/677
f 3926/243/677 4069/243/677 4068/243/677 3927/243/677
f 3828/243/677 3696/243/677 3699/243/677 3829/243/677
f 3833/243/677 3700/243/677 3703/243/677 3834/243/677
f 3838/243/677 3704/243/677 3707/243/677 3839/243/677
f 3843/243/677 3708/243/677 3711/243/677 3844/243/677
f 3848/243/677 3712/243/677 3715/243/677 3849/243/677
f 3853/243/677 3716/243/677 3719/243/677 3854/243/677
f 3964/243/677 3958/243/677 3957/243/677 3965/243/677
f 3969/243/677 3963/243/677 3962/243/677 3970/243/677
f 3975/243/677 3968/243/677 3967/243/677 3971/243/677
f 3980/243/677 3974/243/677 3973/243/677 3976/243/677
f 3985/243/677 3979/243/677 3978/243/677 3981/243/677
f 3986/243/677 3984/243/677 3983/243/677 3987/243/677
f 3995/243/677 3990/243/677 3989/243/677 3991/243/677
f 3996/243/677 3994/243/677 3993/243/677 3997/243/677
f 4005/243/677 4000/243/677 3999/243/677 4001/243/677
f 4009/243/677 4004/243/677 4003/243/677 4010/243/677
f 4014/243/677 4008/243/677 4007/243/677 4015/243/677
f 4019/243/677 4013/243/677 4012/243/677 4020/243/677
f 4024/243/677 4018/243/677 4017/243/677 4025/243/677
f 4029/243/677 4023/243/677 4022/243/677 4030/243/677
f 4034/243/677 4028/243/677 4027/243/677 4035/243/677
f 3959/243/677 4033/243/677 4032/243/677 3960/243/677
f 4040/243/677 4036/243/677 4039/243/677 4041/243/677
f 4047/243/677 4043/243/677 4042/243/677 4044/243/677
f 4051/243/677 4046/243/677 4045/243/677 4048/243/677
f 4055/243/677 4050/243/677 4049/243/677 4052/243/677
f 4059/243/677 4054/243/677 4053/243/677 4056/243/677
f 4063/243/677 4058/243/677 4057/243/677 4060/243/677
f 4065/243/677 4062/243/677 4061/243/677 4066/243/677
f 4069/243/677 4064/243/677 4067/243/677 4070/243/677
f 4073/243/677 4068/243/677 4071/243/677 4074/243/677
f 4077/243/677 4072/243/677 4075/243/677 4078/243/677
f 4081/243/677 4076/243/677 4079/243/677 4082/243/677
f 4085/243/677 4080/243/677 4083/243/677 4086/243/677
f 4089/243/677 4084/243/677 4087/243/677 4090/243/677
f 4092/243/677 4088/243/677 4091/243/677 4093/243/677
f 4096/243/677 4095/243/677 4094/243/677 4097/243/677
f 4037/243/677 4099/243/677 4098/243/677 4038/243/677
f 4097/243/677 4225/243/677 4224/243/677 4098/243/677
f 4119/243/677 3980/243/677 3979/243/677 4116/243/677
f 4167/243/677 4039/243/677 4038/243/677 4164/243/677
f 4041/243/677 4169/243/677 4168/243/677 4042/243/677
f 4093/243/677 4221/243/677 4220/243/677 4094/243/677
f 4115/243/677 3975/243/677 3974/243/677 4112/243/677
f 4090/243/677 4217/243/677 4216/243/677 4091/243/677
f 4111/243/677 3969/243/677 3968/243/677 4108/243/677
f 4163/243/677 4034/243/677 4033/243/677 4160/243/677
f 4086/243/677 4213/243/677 4212/243/677 4087/243/677
f 4107/243/677 3964/243/677 3963/243/677 4104/243/677
f 3958/243/677 4101/243/677 4100/243/677 3959/243/677
f 4159/243/677 4029/243/677 4028/243/677 4156/243/677
f 4023/243/677 4152/243/677 4155/243/677 4024/243/677
f 4204/243/677 4079/243/677 4078/243/677 4205/243/677
f 4082/243/677 4209/243/677 4208/243/677 4083/243/677
f 3972/243/677 3831/243/677 3830/243/677 3973/243/677
f 3948/243/677 4092/243/677 4095/243/677 3949/243/677
f 3896/243/677 4040/243/677 4043/243/677 3897/243/677
f 4036/243/677 3892/243/677 3895/243/677 4037/243/677
f 3976/243/677 3832/243/677 3836/243/677 3977/243/677
f 3952/243/677 4096/243/677 4099/243/677 3953/243/677
f 3900/243/677 4047/243/677 4046/243/677 3901/243/677
f 3982/243/677 3841/243/677 3840/243/677 3983/243/677
f 3904/243/677 4051/243/677 4050/243/677 3905/243/677
f 3987/243/677 3842/243/677 3846/243/677 3988/243/677
f 3908/243/677 4055/243/677 4054/243/677 3909/243/677
f 3992/243/677 3851/243/677 3850/243/677 3993/243/677
f 3912/243/677 4059/243/677 4058/243/677 3913/243/677
f 3997/243/677 3852/243/677 3856/243/677 3998/243/677
f 3916/243/677 4063/243/677 4062/243/677 3917/243/677
f 4002/243/677 3859/243/677 3858/243/677 4003/243/677
f 4106/243/677 4102/243/677 4101/243/677 4107/243/677
f 4110/243/677 4105/243/677 4104/243/677 4111/243/677
f 4114/243/677 4109/243/677 4108/243/677 4115/243/677
f 4118/243/677 4113/243/677 4112/243/677 4119/243/677
f 4123/243/677 4117/243/677 4116/243/677 4120/243/677
f 4127/243/677 4122/243/677 4121/243/677 4124/243/677
f 4131/243/677 4126/243/677 4125/243/677 4128/243/677
f 4135/243/677 4130/243/677 4129/243/677 4132/243/677
f 4136/243/677 4134/243/677 4133/243/677 4137/243/677
f 4140/243/677 4139/243/677 4138/243/677 4141/243/677
f 4144/243/677 4143/243/677 4142/243/677 4145/243/677
f 4148/243/677 4147/243/677 4146/243/677 4149/243/677
f 4154/243/677 4151/243/677 4150/243/677 4155/243/677
f 4158/243/677 4153/243/677 4152/243/677 4159/243/677
f 4162/243/677 4157/243/677 4156/243/677 4163/243/677
f 4103/243/677 4161/243/677 4160/243/677 4100/243/677
f 4169/243/677 4167/243/677 4166/243/677 4170/243/677
f 4172/243/677 4168/243/677 4171/243/677 4173/243/677
f 4176/243/677 4175/243/677 4174/243/677 4177/243/677
f 4180/243/677 4179/243/677 4178/243/677 4181/243/677
f 4184/243/677 4183/243/677 4182/243/677 4185/243/677
f 4191/243/677 4187/243/677 4186/243/677 4188/243/677
f 4195/243/677 4190/243/677 4189/243/677 4192/243/677
f 4199/243/677 4194/243/677 4193/243/677 4196/243/677
f 4203/243/677 4198/243/677 4197/243/677 4200/243/677
f 4205/243/677 4202/243/677 4201/243/677 4206/243/677
f 4209/243/677 4204/243/677 4207/243/677 4210/243/677
f 4213/243/677 4208/243/677 4211/243/677 4214/243/677
f 4217/243/677 4212/243/677 4215/243/677 4218/243/677
f 4221/243/677 4216/243/677 4219/243/677 4222/243/677
f 4225/243/677 4220/243/677 4223/243/677 4226/243/677
f 4164/243/677 4224/243/677 4227/243/677 4165/243/677
f 4263/243/677 4135/243/677 4134/243/677 4260/243/677
f 4185/243/677 4313/243/677 4312/243/677 4186/243/677
f 4259/243/677 4131/243/677 4130/243/677 4256/243/677
f 4181/243/677 4309/243/677 4308/243/677 4182/243/677
f 4255/243/677 4127/243/677 4126/243/677 4252/243/677
f 4177/243/677 4305/243/677 4304/243/677 4178/243/677
f 4251/243/677 4123/243/677 4122/243/677 4248/243/677
f 4173/243/677 4301/243/677 4300/243/677 4174/243/677
f 4226/243/677 4353/243/677 4352/243/677 4227/243/677
f 4247/243/677 4118/243/677 4117/243/677 4244/243/677
f 4295/243/677 4166/243/677 4165/243/677 4292/243/677
f 4170/243/677 4297/243/677 4296/243/677 4171/243/677
f 4344/243/677 4219/243/677 4218/243/677 4345/243/677
f 4222/243/677 4349/243/677 4348/243/677 4223/243/677
f 4243/243/677 4114/243/677 4113/243/677 4240/243/677
f 4109/243/677 4236/243/677 4239/243/677 4110/243/677
f 4044/243/677 4172/243/677 4175/243/677 4045/243/677
f 4120/243/677 3985/243/677 3984/243/677 4121/243/677
f 4048/243/677 4176/243/677 4179/243/677 4049/243/677
f 4124/243/677 3986/243/677 3990/243/677 4125/243/677
f 4052/243/677 4180/243/677 4183/243/677 4053/243/677
f 4128/243/677 3995/243/677 3994/243/677 4129/243/677
f 4056/243/677 4184/243/677 4187/243/677 4057/243/677
f 4132/243/677 3996/243/677 4000/243/677 4133/243/677
f 4060/243/677 4191/243/677 4190/243/677 4061/243/677
f 4137/243/677 4005/243/677 4004/243/677 4138/243/677
f 4066/243/677 4195/243/677 4194/243/677 4067/243/677
f 4141/243/677 4009/243/677 4008/243/677 4142/243/677
f 4070/243/677 4199/243/677 4198/243/677 4071/243/677
f 4145/243/677 4014/243/677 4013/243/677 4146/243/677
f 4074/243/677 4203/243/677 4202/243/677 4075/243/677
f 4149/243/677 4019/243/677 4018/243/677 4150/243/677
f 4232/243/677 4228/243/677 4231/243/677 4233/243/677
f 4238/243/677 4235/243/677 4234/243/677 4239/243/677
f 4242/243/677 4237/243/677 4236/243/677 4243/243/677
f 4246/243/677 4241/243/677 4240/243/677 4247/243/677
f 4250/243/677 4245/243/677 4244/243/677 4251/243/677
f 4254/243/677 4249/243/677 4248/243/677 4255/243/677
f 4258/243/677 4253/243/677 4252/243/677 4259/243/677
f 4262/243/677 4257/243/677 4256/243/677 4263/243/677
f 4267/243/677 4261/243/677 4260/243/677 4264/243/677
f 4271/243/677 4266/243/677 4265/243/677 4268/243/677
f 4275/243/677 4270/243/677 4269/243/677 4272/243/677
f 4279/243/677 4274/243/677 4273/243/677 4276/243/677
f 4280/243/677 4278/243/677 4277/243/677 4281/243/677
f 4284/243/677 4283/243/677 4282/243/677 4285/243/677
f 4288/243/677 4287/243/677 4286/243/677 4289/243/677
f 4229/243/677 4291/243/677 4290/243/677 4230/243/677
f 4297/243/677 4295/243/677 4294/243/677 4298/243/677
f 4301/243/677 4296/243/677 4299/243/677 4302/243/677
f 4305/243/677 4300/243/677 4303/243/677 4306/243/677
f 4309/243/677 4304/243/677 4307/243/677 4310/243/677
f 4313/243/677 4308/243/677 4311/243/677 4314/243/677
f 4316/243/677 4312/243/677 4315/243/677 4317/243/677
f 4320/243/677 4319/243/677 4318/243/677 4321/243/677
f 4324/243/677 4323/243/677 4322/243/677 4325/243/677
f 4328/243/677 4327/243/677 4326/243/677 4329/243/677
f 4332/243/677 4331/243/677 4330/243/677 4333/243/677
f 4339/243/677 4335/243/677 4334/243/677 4336/243/677
f 4343/243/677 4338/243/677 4337/243/677 4340/243/677
f 4345/243/677 4342/243/677 4341/243/677 4346/243/677
f 4349/243/677 4344/243/677 4347/243/677 4350/243/677
f 4353/243/677 4348/243/677 4351/243/677 4354/243/677
f 4292/243/677 4352/243/677 4355/243/677 4293/243/677
f 4333/243/677 4461/243/677 4460/243/677 4334/243/677
f 4407/243/677 4279/243/677 4278/243/677 4404/243/677
f 4329/243/677 4457/243/677 4456/243/677 4330/243/677
f 4403/243/677 4275/243/677 4274/243/677 4400/243/677
f 4325/243/677 4453/243/677 4452/243/677 4326/243/677
f 4399/243/677 4271/243/677 4270/243/677 4396/243/677
f 4321/243/677 4449/243/677 4448/243/677 4322/243/677
f 4395/243/677 4267/243/677 4266/243/677 4392/243/677
f 4317/243/677 4445/243/677 4444/243/677 4318/243/677
f 4391/243/677 4262/243/677 4261/243/677 4388/243/677
f 4314/243/677 4441/243/677 4440/243/677 4315/243/677
f 4387/243/677 4258/243/677 4257/243/677 4384/243/677
f 4432/243/677 4307/243/677 4306/243/677 4433/243/677
f 4310/243/677 4437/243/677 4436/243/677 4311/243/677
f 4383/243/677 4254/243/677 4253/243/677 4380/243/677
f 4249/243/677 4376/243/677 4379/243/677 4250/243/677
f 4188/243/677 4316/243/677 4319/243/677 4189/243/677
f 4264/243/677 4136/243/677 4139/243/677 4265/243/677
f 4192/243/677 4320/243/677 4323/243/677 4193/243/677
f 4268/243/677 4140/243/677 4143/243/677 4269/243/677
f 4196/243/677 4324/243/677 4327/243/677 4197/243/677
f 4272/243/677 4144/243/677 4147/243/677 4273/243/677
f 4200/243/677 4328/243/677 4331/243/677 4201/243/677
f 4276/243/677 4148/243/677 4151/243/677 4277/243/677
f 4206/243/677 4332/243/677 4335/243/677 4207/243/677
f 4281/243/677 4154/243/677 4153/243/677 4282/243/677
f 4210/243/677 4339/243/677 4338/243/677 4211/243/677
f 4285/243/677 4158/243/677 4157/243/677 4286/243/677
f 4102/243/677 4231/243/677 4230/243/677 4103/243/677
f 4233/243/677 4106/243/677 4105/243/677 4234/243/677
f 4214/243/677 4343/243/677 4342/243/677 4215/243/677
f 4289/243/677 4162/243/677 4161/243/677 4290/243/677
f 4363/243/677 4357/243/677 4356/243/677 4360/243/677
f 4367/243/677 4362/243/677 4361/243/677 4364/243/677
f 4371/243/677 4366/243/677 4365/243/677 4368/243/677
f 4375/243/677 4370/243/677 4369/243/677 4372/243/677
f 4378/243/677 4374/243/677 4373/243/677 4379/243/677
f 4382/243/677 4377/243/677 4376/243/677 4383/243/677
f 4386/243/677 4381/243/677 4380/243/677 4387/243/677
f 4390/243/677 4385/243/677 4384/243/677 4391/243/677
f 4394/243/677 4389/243/677 4388/243/677 4395/243/677
f 4398/243/677 4393/243/677 4392/243/677 4399/243/677
f 4402/243/677 4397/243/677 4396/243/677 4403/243/677
f 4406/243/677 4401/243/677 4400/243/677 4407/243/677
f 4408/243/677 4405/243/677 4404/243/677 4409/243/677
f 4415/243/677 4411/243/677 4410/243/677 4412/243/677
f 4419/243/677 4414/243/677 4413/243/677 4416/243/677
f 4358/243/677 4418/243/677 4417/243/677 4359/243/677
f 4424/243/677 4420/243/677 4423/243/677 4425/243/677
f 4428/243/677 4427/243/677 4426/243/677 4429/243/677
f 4433/243/677 4431/243/677 4430/243/677 4434/243/677
f 4437/243/677 4432/243/677 4435/243/677 4438/243/677
f 4441/243/677 4436/243/677 4439/243/677 4442/243/677
f 4445/243/677 4440/243/677 4443/243/677 4446/243/677
f 4449/243/677 4444/243/677 4447/243/677 4450/243/677
f 4453/243/677 4448/243/677 4451/243/677 4454/243/677
f 4457/243/677 4452/243/677 4455/243/677 4458/243/677
f 4461/243/677 4456/243/677 4459/243/677 4462/243/677
f 4464/243/677 4460/243/677 4463/243/677 4465/243/677
f 4468/243/677 4467/243/677 4466/243/677 4469/243/677
f 4472/243/677 4471/243/677 4470/243/677 4473/243/677
f 4476/243/677 4475/243/677 4474/243/677 4477/243/677
f 4480/243/677 4479/243/677 4478/243/677 4481/243/677
f 4421/243/677 4483/243/677 4482/243/677 4422/243/677
f 4507/243/677 4378/243/677 4377/243/677 4504/243/677
f 4429/243/677 4557/243/677 4556/243/677 4430/243/677
f 4481/243/677 4609/243/677 4608/243/677 4482/243/677
f 4503/243/677 4375/243/677 4374/243/677 4500/243/677
f 4551/243/677 4423/243/677 4422/243/677 4548/243/677
f 4425/243/677 4553/243/677 4552/243/677 4426/243/677
f 4477/243/677 4605/243/677 4604/243/677 4478/243/677
f 4499/243/677 4371/243/677 4370/243/677 4496/243/677
f 4473/243/677 4601/243/677 4600/243/677 4474/243/677
f 4495/243/677 4367/243/677 4366/243/677 4492/243/677
f 4547/243/677 4419/243/677 4418/243/677 4544/243/677
f 4414/243/677 4540/243/677 4543/243/677 4415/243/677
f 4592/243/677 4466/243/677 4465/243/677 4593/243/677
f 4469/243/677 4597/243/677 4596/243/677 4470/243/677
f 4491/243/677 4363/243/677 4362/243/677 4488/243/677
f 4357/243/677 4485/243/677 4484/243/677 4358/243/677
f 4409/243/677 4280/243/677 4283/243/677 4410/243/677
f 4336/243/677 4464/243/677 4467/243/677 4337/243/677
f 4412/243/677 4284/243/677 4287/243/677 4413/243/677
f 4228/243/677 4356/243/677 4359/243/677 4229/243/677
f 4360/243/677 4232/243/677 4235/243/677 4361/243/677
f 4340/243/677 4468/243/677 4471/243/677 4341/243/677
f 4416/243/677 4288/243/677 4291/243/677 4417/243/677
f 4364/243/677 4238/243/677 4237/243/677 4365/243/677
f 4346/243/677 4472/243/677 4475/243/677 4347/243/677
f 4368/243/677 4242/243/677 4241/243/677 4369/243/677
f 4350/243/677 4476/243/677 4479/243/677 4351/243/677
f 4298/243/677 4424/243/677 4427/243/677 4299/243/677
f 4420/243/677 4294/243/677 4293/243/677 4421/243/677
f 4372/243/677 4246/243/677 4245/243/677 4373/243/677
f 4354/243/677 4480/243/677 4483/243/677 4355/243/677
f 4302/243/677 4428/243/677 4431/243/677 4303/243/677
f 4490/243/677 4486/243/677 4485/243/677 4491/243/677
f 4494/243/677 4489/243/677 4488/243/677 4495/243/677
f 4498/243/677 4493/243/677 4492/243/677 4499/243/677
f 4502/243/677 4497/243/677 4496/243/677 4503/243/677
f 4506/243/677 4501/243/677 4500/243/677 4507/243/677
f 4511/243/677 4505/243/677 4504/243/677 4508/243/677
f 4515/243/677 4510/243/677 4509/243/677 4512/243/677
f 4519/243/677 4514/243/677 4513/243/677 4516/243/677
f 4523/243/677 4518/243/677 4517/243/677 4520/243/677
f 4524/243/677 4522/243/677 4521/243/677 4525/243/677
f 4528/243/677 4527/243/677 4526/243/677 4529/243/677
f 4532/243/677 4531/243/677 4530/243/677 4533/243/677
f 4536/243/677 4535/243/677 4534/243/677 4537/243/677
f 4542/243/677 4539/243/677 4538/243/677 4543/243/677
f 4546/243/677 4541/243/677 4540/243/677 4547/243/677
f 4487/243/677 4545/243/677 4544/243/677 4484/243/677
f 4553/243/677 4551/243/677 4550/243/677 4554/243/677
f 4557/243/677 4552/243/677 4555/243/677 4558/243/677
f 4560/243/677 4556/243/677 4559/243/677 4561/243/677
f 4564/243/677 4563/243/677 4562/243/677 4565/243/677
f 4568/243/677 4567/243/677 4566/243/677 4569/243/677
f 4572/243/677 4571/243/677 4570/243/677 4573/243/677
f 4579/243/677 4575/243/677 4574/243/677 4576/243/677
f 4583/243/677 4578/243/677 4577/243/677 4580/243/677
f 4587/243/677 4582/243/677 4581/243/677 4584/243/677
f 4591/243/677 4586/243/677 4585/243/677 4588/243/677
f 4593/243/677 4590/243/677 4589/243/677 4594/243/677
f 4597/243/677 4592/243/677 4595/243/677 4598/243/677
f 4601/243/677 4596/243/677 4599/243/677 4602/243/677
f 4605/243/677 4600/243/677 4603/243/677 4606/243/677
f 4609/243/677 4604/243/677 4607/243/677 4610/243/677
f 4548/243/677 4608/243/677 4611/243/677 4549/243/677
f 4631/243/677 4523/243/677 4522/243/677 4630/243/677
f 4573/243/677 4656/243/677 4657/243/677 4574/243/677
f 4629/243/677 4519/243/677 4518/243/677 4628/243/677
f 4569/243/677 4654/243/677 4655/243/677 4570/243/677
f 4627/243/677 4515/243/677 4514/243/677 4626/243/677
f 4565/243/677 4652/243/677 4653/243/677 4566/243/677
f 4625/243/677 4511/243/677 4510/243/677 4624/243/677
f 4561/243/677 4650/243/677 4651/243/677 4562/243/677
f 4549/243/677 4644/243/677 4645/243/677 4550/243/677
f 4623/243/677 4506/243/677 4505/243/677 4622/243/677
f 4647/243/677 4555/243/677 4554/243/677 4646/243/677
f 4558/243/677 4648/243/677 4649/243/677 4559/243/677
f 4673/243/677 4607/243/677 4606/243/677 4672/243/677
f 4610/243/677 4674/243/677 4675/243/677 4611/243/677
f 4621/243/677 4502/243/677 4501/243/677 4620/243/677
f 4497/243/677 4618/243/677 4619/243/677 4498/243/677
f 4434/243/677 4560/243/677 4563/243/677 4435/243/677
f 4508/243/677 4382/243/677 4381/243/677 4509/243/677
f 4438/243/677 4564/243/677 4567/243/677 4439/243/677
f 4512/243/677 4386/243/677 4385/243/677 4513/243/677
f 4442/243/677 4568/243/677 4571/243/677 4443/243/677
f 4516/243/677 4390/243/677 4389/243/677 4517/243/677
f 4446/243/677 4572/243/677 4575/243/677 4447/243/677
f 4520/243/677 4394/243/677 4393/243/677 4521/243/677
f 4450/243/677 4579/243/677 4578/243/677 4451/243/677
f 4525/243/677 4398/243/677 4397/243/677 4526/243/677
f 4454/243/677 4583/243/677 4582/243/677 4455/243/677
f 4529/243/677 4402/243/677 4401/243/677 4530/243/677
f 4458/243/677 4587/243/677 4586/243/677 4459/243/677
f 4533/243/677 4406/243/677 4405/243/677 4534/243/677
f 4462/243/677 4591/243/677 4590/243/677 4463/243/677
f 4537/243/677 4408/243/677 4411/243/677 4538/243/677
f 4640/243/677 4639/243/677 4638/243/677 4641/243/677
f 4672/243/677 4671/243/677 4670/243/677 4673/243/677
f 4637/243/677 4668/243/677 4669/243/677 4636/243/677
f 4622/243/677 4655/243/677 4654/243/677 4623/243/677
f 4656/243/677 4625/243/677 4624/243/677 4657/243/677
f 4659/243/677 4627/243/677 4626/243/677 4658/243/677
f 4674/243/677 4642/243/677 4643/243/677 4675/243/677
f 4661/243/677 4629/243/677 4628/243/677 4660/243/677
f 4613/243/677 4645/243/677 4644/243/677 4612/243/677
f 4646/243/677 4614/243/677 4615/243/677 4647/243/677
f 4663/243/677 4631/243/677 4630/243/677 4662/243/677
f 4648/243/677 4616/243/677 4617/243/677 4649/243/677
f 4665/243/677 4632/243/677 4633/243/677 4664/243/677
f 4650/243/677 4619/243/677 4618/243/677 4651/243/677
f 4667/243/677 4634/243/677 4635/243/677 4666/243/677
f 4652/243/677 4621/243/677 4620/243/677 4653/243/677
f 4576/243/677 4659/243/677 4658/243/677 4577/243/677
f 4632/243/677 4524/243/677 4527/243/677 4633/243/677
f 4580/243/677 4661/243/677 4660/243/677 4581/243/677
f 4634/243/677 4528/243/677 4531/243/677 4635/243/677
f 4584/243/677 4663/243/677 4662/243/677 4585/243/677
f 4636/243/677 4532/243/677 4535/243/677 4637/243/677
f 4588/243/677 4665/243/677 4664/243/677 4589/243/677
f 4594/243/677 4667/243/677 4666/243/677 4595/243/677
f 4641/243/677 4542/243/677 4541/243/677 4640/243/677
f 4486/243/677 4613/243/677 4612/243/677 4487/243/677
f 4614/243/677 4490/243/677 4489/243/677 4615/243/677
f 4598/243/677 4669/243/677 4668/243/677 4599/243/677
f 4642/243/677 4546/243/677 4545/243/677 4643/243/677
f 4616/243/677 4494/243/677 4493/243/677 4617/243/677
f 4602/243/677 4670/243/677 4671/243/677 4603/243/677
f 4678/243/677 4680/243/677 4679/243/677 4676/243/677
f 4684/243/677 4686/243/677 4685/243/677 4682/243/677
f 4690/243/677 4692/243/677 4691/243/677 4688/243/677
f 4696/243/677 4698/243/677 4697/243/677 4694/243/677
f 4702/243/677 4704/243/677 4703/243/677 4700/243/677
f 4708/243/677 4710/243/677 4709/243/677 4706/243/677
f 4714/243/677 4716/243/677 4715/243/677 4712/243/677
f 4720/243/677 4722/243/677 4721/243/677 4718/243/677
f 4724/243/677 4687/243/677 4686/243/677 4725/243/677
f 4729/243/677 4720/243/677 4719/243/677 4727/243/677
f 4732/243/677 4678/243/677 4677/243/677 4730/243/677
f 4680/243/677 4734/243/677 4733/243/677 4681/243/677
f 4736/243/677 4723/243/677 4722/243/677 4737/243/677
f 4741/243/677 4714/243/677 4713/243/677 4739/243/677
f 4742/243/677 4717/243/677 4716/243/677 4743/243/677
f 4747/243/677 4708/243/677 4707/243/677 4745/243/677
f 4710/243/677 4749/243/677 4748/243/677 4711/243/677
f 4731/243/677 4735/243/677 4734/243/677 4732/243/677
f 4751/243/677 4726/243/677 4725/243/677 4752/243/677
f 4754/243/677 4757/243/677 4759/243/677 4755/243/677
f 4760/243/677 4763/243/677 4765/243/677 4761/243/677
f 4766/243/677 4769/243/677 4771/243/677 4767/243/677
f 4746/243/677 4750/243/677 4749/243/677 4747/243/677
f 4740/243/677 4744/243/677 4743/243/677 4741/243/677
f 4728/243/677 4738/243/677 4737/243/677 4729/243/677
f 4752/243/677 4684/243/677 4683/243/677 4753/243/677
f 4758/243/677 4693/243/677 4692/243/677 4759/243/677
f 4755/243/677 4690/243/677 4689/243/677 4756/243/677
f 4764/243/677 4699/243/677 4698/243/677 4765/243/677
f 4761/243/677 4696/243/677 4695/243/677 4762/243/677
f 4770/243/677 4705/243/677 4704/243/677 4771/243/677
f 4767/243/677 4702/243/677 4701/243/677 4768/243/677
f 4016/243/677 4742/243/677 4744/243/677 4017/243/677
f 4717/243/677 3874/243/677 3873/243/677 4715/243/677
f 3823/243/677 4685/243/677 4687/243/677 3824/243/677
f 4682/243/677 3827/243/677 3831/243/677 4683/243/677
f 3851/243/677 4695/243/677 4694/243/677 3847/243/677
f 4762/243/677 3992/243/677 3991/243/677 4760/243/677
f 4763/243/677 3989/243/677 3988/243/677 4764/243/677
f 3869/243/677 4707/243/677 4706/243/677 3870/243/677
f 4745/243/677 4011/243/677 4015/243/677 4746/243/677
f 3835/243/677 4691/243/677 4693/243/677 3836/243/677
f 4688/243/677 3837/243/677 3841/243/677 4689/243/677
f 3998/243/677 4770/243/677 4769/243/677 3999/243/677
f 4705/243/677 3856/243/677 3855/243/677 4703/243/677
f 4753/243/677 3972/243/677 3971/243/677 4751/243/677
f 4006/243/677 4748/243/677 4750/243/677 4007/243/677
f 4711/243/677 3864/243/677 3863/243/677 4709/243/677
f 4001/243/677 4766/243/677 4768/243/677 4002/243/677
f 3845/243/677 4697/243/677 4699/243/677 3846/243/677
f 3966/243/677 4724/243/677 4726/243/677 3967/243/677
f 3859/243/677 4701/243/677 4700/243/677 3860/243/677
f 3889/243/677 4719/243/677 4718/243/677 3890/243/677
f 4727/243/677 4031/243/677 4035/243/677 4728/243/677
f 3977/243/677 4758/243/677 4757/243/677 3978/243/677
f 4025/243/677 4740/243/677 4739/243/677 4021/243/677
f 3819/243/677 4677/243/677 4676/243/677 3820/243/677
f 4730/243/677 3961/243/677 3965/243/677 4731/243/677
f 3956/243/677 4733/243/677 4735/243/677 3957/243/677
f 4681/243/677 3815/243/677 3814/243/677 4679/243/677
f 4738/243/677 4027/243/677 4026/243/677 4736/243/677
f 4723/243/677 3884/243/677 3883/243/677 4721/243/677
f 4756/243/677 3982/243/677 3981/243/677 4754/243/677
f 4712/243/677 3880/243/677 3879/243/677 4713/243/677
o Wheel.004
v -0.556503 -0.467145 -0.773523
v -0.556503 -0.467145 -0.773523
v -0.556503 -0.467145 -0.773523
v -0.556503 -0.467145 -0.773523
v -0.556691 -0.386533 -0.789557
v -0.556691 -0.386533 -0.789557
v -0.556691 -0.386533 -0.789557
v -0.556691 -0.386533 -0.789557
v -0.557226 -0.318194 -0.835215
v -0.557226 -0.318194 -0.835215
v -0.557226 -0.318194 -0.835215
v -0.557226 -0.318194 -0.835215
v -0.558027 -0.272531 -0.903547
v -0.558027 -0.272531 -0.903547
v -0.558027 -0.272531 -0.903547
v -0.558027 -0.272531 -0.903547
v -0.558972 -0.256496 -0.984150
v -0.558972 -0.256496 -0.984150
v -0.558972 -0.256496 -0.984150
v -0.558972 -0.256496 -0.984150
v -0.559916 -0.272531 -1.064753
v -0.559916 -0.272531 -1.064753
v -0.559916 -0.272531 -1.064753
v -0.559916 -0.272531 -1.064753
v -0.560717 -0.318194 -1.133085
v -0.560717 -0.318194 -1.133085
v -0.560717 -0.318194 -1.133085
v -0.560717 -0.318194 -1.133085
v -0.561252 -0.386533 -1.178743
v -0.561252 -0.386533 -1.178743
v -0.561252 -0.386533 -1.178743
v -0.561252 -0.386533 -1.178743
v -0.561440 -0.467145 -1.194776
v -0.561440 -0.467145 -1.194776
v -0.561440 -0.467145 -1.194776
v -0.561440 -0.467145 -1.194776
v -0.561252 -0.547757 -1.178743
v -0.561252 -0.547757 -1.178743
v -0.561252 -0.547757 -1.178743
v -0.561252 -0.547757 -1.178743
v -0.560717 -0.616097 -1.133085
v -0.560717 -0.616097 -1.133085
v -0.560717 -0.616097 -1.133085
v -0.560717 -0.616097 -1.133085
v -0.559916 -0.661760 -1.064753
v -0.559916 -0.661760 -1.064753
v -0.559916 -0.661760 -1.064753
v -0.559916 -0.661760 -1.064753
v -0.558972 -0.677795 -0.984150
v -0.558972 -0.677795 -0.984150
v -0.558972 -0.677795 -0.984150
v -0.558972 -0.677795 -0.984150
v -0.558027 -0.661760 -0.903547
v -0.558027 -0.661760 -0.903547
v -0.558027 -0.661760 -0.903547
v -0.558027 -0.661760 -0.903547
v -0.557226 -0.616097 -0.835214
v -0.557226 -0.616097 -0.835214
v -0.557226 -0.616097 -0.835214
v -0.557226 -0.616097 -0.835214
v -0.556691 -0.547757 -0.789556
v -0.556691 -0.547757 -0.789556
v -0.556691 -0.547757 -0.789556
v -0.556691 -0.547757 -0.789556
v -0.441999 -0.467145 -0.774865
v -0.441999 -0.467145 -0.774865
v -0.441999 -0.467145 -0.774865
v -0.441999 -0.467145 -0.774865
v -0.442187 -0.386533 -0.790898
v -0.442187 -0.386533 -0.790898
v -0.442187 -0.386533 -0.790898
v -0.442187 -0.386533 -0.790898
v -0.442722 -0.318194 -0.836556
v -0.442722 -0.318194 -0.836556
v -0.442722 -0.318194 -0.836556
v -0.442722 -0.318194 -0.836556
v -0.443523 -0.272531 -0.904888
v -0.443523 -0.272531 -0.904888
v -0.443523 -0.272531 -0.904888
v -0.443523 -0.272531 -0.904888
v -0.444467 -0.256496 -0.985492
v -0.444467 -0.256496 -0.985492
v -0.444467 -0.256496 -0.985492
v -0.444467 -0.256496 -0.985492
v -0.445412 -0.272531 -1.066095
v -0.445412 -0.272531 -1.066095
v -0.445412 -0.272531 -1.066095
v -0.445412 -0.272531 -1.066095
v -0.446213 -0.318194 -1.134427
v -0.446213 -0.318194 -1.134427
v -0.446213 -0.318194 -1.134427
v -0.446213 -0.318194 -1.134427
v -0.446748 -0.386533 -1.180085
v -0.446748 -0.386533 -1.180085
v -0.446748 -0.386533 -1.180085
v -0.446748 -0.386533 -1.180085
v -0.446936 -0.467145 -1.196118
v -0.446936 -0.467145 -1.196118
v -0.446936 -0.467145 -1.196118
v -0.446936 -0.467145 -1.196118
v -0.446748 -0.547757 -1.180085
v -0.446748 -0.547757 -1.180085
v -0.446748 -0.547757 -1.180085
v -0.446748 -0.547757 -1.180085
v -0.446213 -0.616097 -1.134427
v -0.446213 -0.616097 -1.134427
v -0.446213 -0.616097 -1.134427
v -0.446213 -0.616097 -1.134427
v -0.445412 -0.661760 -1.066095
v -0.445412 -0.661760 -1.066095
v -0.445412 -0.661760 -1.066095
v -0.445412 -0.661760 -1.066095
v -0.444467 -0.677795 -0.985492
v -0.444467 -0.677795 -0.985492
v -0.444467 -0.677795 -0.985492
v -0.444467 -0.677795 -0.985492
v -0.443523 -0.661760 -0.904888
v -0.443523 -0.661760 -0.904888
v -0.443523 -0.661760 -0.904888
v -0.443523 -0.661760 -0.904888
v -0.442722 -0.616097 -0.836556
v -0.442722 -0.616097 -0.836556
v -0.442722 -0.616097 -0.836556
v -0.442722 -0.616097 -0.836556
v -0.442187 -0.547757 -0.790898
v -0.442187 -0.547757 -0.790898
v -0.442187 -0.547757 -0.790898
v -0.442187 -0.547757 -0.790898
v -0.564943 -0.467145 -0.837742
v -0.564943 -0.467145 -0.837742
v -0.564943 -0.467145 -0.837742
v -0.564943 -0.467145 -0.837742
v -0.565074 -0.411146 -0.848880
v -0.565074 -0.411146 -0.848880
v -0.565074 -0.411146 -0.848880
v -0.565074 -0.411146 -0.848880
v -0.565446 -0.363672 -0.880598
v -0.565446 -0.363672 -0.880598
v -0.565446 -0.363672 -0.880598
v -0.565446 -0.363672 -0.880598
v -0.566002 -0.331951 -0.928066
v -0.566002 -0.331951 -0.928066
v -0.566002 -0.331951 -0.928066
v -0.566002 -0.331951 -0.928066
v -0.566658 -0.320812 -0.984060
v -0.566658 -0.320812 -0.984060
v -0.566658 -0.320812 -0.984060
v -0.566658 -0.320812 -0.984060
v -0.567314 -0.331951 -1.040053
v -0.567314 -0.331951 -1.040053
v -0.567314 -0.331951 -1.040053
v -0.567314 -0.331951 -1.040053
v -0.567871 -0.363672 -1.087522
v -0.567871 -0.363672 -1.087522
v -0.567871 -0.363672 -1.087522
v -0.567871 -0.363672 -1.087522
v -0.568242 -0.411146 -1.119239
v -0.568242 -0.411146 -1.119239
v -0.568242 -0.411146 -1.119239
v -0.568242 -0.411146 -1.119239
v -0.568373 -0.467145 -1.130377
v -0.568373 -0.467145 -1.130377
v -0.568373 -0.467145 -1.130377
v -0.568373 -0.467145 -1.130377
v -0.568242 -0.523145 -1.119239
v -0.568242 -0.523145 -1.119239
v -0.568242 -0.523145 -1.119239
v -0.568242 -0.523145 -1.119239
v -0.567871 -0.570619 -1.087522
v -0.567871 -0.570619 -1.087522
v -0.567871 -0.570619 -1.087522
v -0.567871 -0.570619 -1.087522
v -0.567314 -0.602340 -1.040053
v -0.567314 -0.602340 -1.040053
v -0.567314 -0.602340 -1.040053
v -0.567314 -0.602340 -1.040053
v -0.566658 -0.613479 -0.984060
v -0.566658 -0.613479 -0.984060
v -0.566658 -0.613479 -0.984060
v -0.566658 -0.613479 -0.984060
v -0.566002 -0.602340 -0.928066
v -0.566002 -0.602340 -0.928066
v -0.566002 -0.602340 -0.928066
v -0.566002 -0.602340 -0.928066
v -0.565446 -0.570619 -0.880597
v -0.565446 -0.570619 -0.880597
v -0.565446 -0.570619 -0.880597
v -0.565446 -0.570619 -0.880597
v -0.565074 -0.523145 -0.848880
v -0.565074 -0.523145 -0.848880
v -0.565074 -0.523145 -0.848880
v -0.565074 -0.523145 -0.848880
v -0.435924 -0.467145 -0.839254
v -0.435924 -0.467145 -0.839254
v -0.435924 -0.467145 -0.839254
v -0.435924 -0.467145 -0.839254
v -0.436054 -0.411146 -0.850392
v -0.436054 -0.411146 -0.850392
v -0.436054 -0.411146 -0.850392
v -0.436054 -0.411146 -0.850392
v -0.436426 -0.363672 -0.882110
v -0.436426 -0.363672 -0.882110
v -0.436426 -0.363672 -0.882110
v -0.436426 -0.363672 -0.882110
v -0.436982 -0.331951 -0.929578
v -0.436982 -0.331951 -0.929578
v -0.436982 -0.331951 -0.929578
v -0.436982 -0.331951 -0.929578
v -0.437639 -0.320812 -0.985572
v -0.437639 -0.320812 -0.985572
v -0.437639 -0.320812 -0.985572
v -0.437639 -0.320812 -0.985572
v -0.438295 -0.331951 -1.041565
v -0.438295 -0.331951 -1.041565
v -0.438295 -0.331951 -1.041565
v -0.438295 -0.331951 -1.041565
v -0.438851 -0.363672 -1.089034
v -0.438851 -0.363672 -1.089034
v -0.438851 -0.363672 -1.089034
v -0.438851 -0.363672 -1.089034
v -0.439223 -0.411146 -1.120752
v -0.439223 -0.411146 -1.120752
v -0.439223 -0.411146 -1.120752
v -0.439223 -0.411146 -1.120752
v -0.439353 -0.467145 -1.131889
v -0.439353 -0.467145 -1.131889
v -0.439353 -0.467145 -1.131889
v -0.439353 -0.467145 -1.131889
v -0.439223 -0.523145 -1.120752
v -0.439223 -0.523145 -1.120752
v -0.439223 -0.523145 -1.120752
v -0.439223 -0.523145 -1.120752
v -0.438851 -0.570619 -1.089034
v -0.438851 -0.570619 -1.089034
v -0.438851 -0.570619 -1.089034
v -0.438851 -0.570619 -1.089034
v -0.438295 -0.602340 -1.041565
v -0.438295 -0.602340 -1.041565
v -0.438295 -0.602340 -1.041565
v -0.438295 -0.602340 -1.041565
v -0.437639 -0.613479 -0.985572
v -0.437639 -0.613479 -0.985572
v -0.437639 -0.613479 -0.985572
v -0.437639 -0.613479 -0.985572
v -0.436982 -0.602340 -0.929578
v -0.436982 -0.602340 -0.929578
v -0.436982 -0.602340 -0.929578
v -0.436982 -0.602340 -0.929578
v -0.436426 -0.570619 -0.882109
v -0.436426 -0.570619 -0.882109
v -0.436426 -0.570619 -0.882109
v -0.436426 -0.570619 -0.882109
v -0.436054 -0.523145 -0.850392
v -0.436054 -0.523145 -0.850392
v -0.436054 -0.523145 -0.850392
v -0.436054 -0.523145 -0.850392
v -0.558714 -0.467145 -0.861766
v -0.558714 -0.467145 -0.861766
v -0.558714 -0.467145 -0.861766
v -0.558714 -0.467145 -0.861766
v -0.558714 -0.467145 -0.861766
v -0.558824 -0.420311 -0.871081
v -0.558824 -0.420311 -0.871081
v -0.558824 -0.420311 -0.871081
v -0.558824 -0.420311 -0.871081
v -0.558824 -0.420311 -0.871081
v -0.559134 -0.380607 -0.897608
v -0.559134 -0.380607 -0.897608
v -0.559134 -0.380607 -0.897608
v -0.559134 -0.380607 -0.897608
v -0.559134 -0.380607 -0.897608
v -0.559600 -0.354078 -0.937307
v -0.559600 -0.354078 -0.937307
v -0.559600 -0.354078 -0.937307
v -0.559600 -0.354078 -0.937307
v -0.559600 -0.354078 -0.937307
v -0.560148 -0.344762 -0.984136
v -0.560148 -0.344762 -0.984136
v -0.560148 -0.344762 -0.984136
v -0.560148 -0.344762 -0.984136
v -0.560148 -0.344762 -0.984136
v -0.560697 -0.354078 -1.030965
v -0.560697 -0.354078 -1.030965
v -0.560697 -0.354078 -1.030965
v -0.560697 -0.354078 -1.030965
v -0.560697 -0.354078 -1.030965
v -0.561163 -0.380607 -1.070664
v -0.561163 -0.380607 -1.070664
v -0.561163 -0.380607 -1.070664
v -0.561163 -0.380607 -1.070664
v -0.561163 -0.380607 -1.070664
v -0.561473 -0.420311 -1.097191
v -0.561473 -0.420311 -1.097191
v -0.561473 -0.420311 -1.097191
v -0.561473 -0.420311 -1.097191
v -0.561473 -0.420311 -1.097191
v -0.561583 -0.467145 -1.106506
v -0.561583 -0.467145 -1.106506
v -0.561583 -0.467145 -1.106506
v -0.561583 -0.467145 -1.106506
v -0.561583 -0.467145 -1.106506
v -0.561473 -0.513979 -1.097191
v -0.561473 -0.513979 -1.097191
v -0.561473 -0.513979 -1.097191
v -0.561473 -0.513979 -1.097191
v -0.561473 -0.513979 -1.097191
v -0.561163 -0.553683 -1.070664
v -0.561163 -0.553683 -1.070664
v -0.561163 -0.553683 -1.070664
v -0.561163 -0.553683 -1.070664
v -0.561163 -0.553683 -1.070664
v -0.560697 -0.580213 -1.030965
v -0.560697 -0.580213 -1.030965
v -0.560697 -0.580213 -1.030965
v -0.560697 -0.580213 -1.030965
v -0.560697 -0.580213 -1.030965
v -0.560148 -0.589528 -0.984136
v -0.560148 -0.589528 -0.984136
v -0.560148 -0.589528 -0.984136
v -0.560148 -0.589528 -0.984136
v -0.560148 -0.589528 -0.984136
v -0.559600 -0.580213 -0.937307
v -0.559600 -0.580213 -0.937307
v -0.559600 -0.580213 -0.937307
v -0.559600 -0.580213 -0.937307
v -0.559600 -0.580213 -0.937307
v -0.559134 -0.553683 -0.897608
v -0.559134 -0.553683 -0.897608
v -0.559134 -0.553683 -0.897608
v -0.559134 -0.553683 -0.897608
v -0.559134 -0.553683 -0.897608
v -0.558824 -0.513979 -0.871081
v -0.558824 -0.513979 -0.871081
v -0.558824 -0.513979 -0.871081
v -0.558824 -0.513979 -0.871081
v -0.558824 -0.513979 -0.871081
v -0.456544 -0.467145 -0.862964
v -0.456544 -0.467145 -0.862964
v -0.456544 -0.467145 -0.862964
v -0.456544 -0.467145 -0.862964
v -0.456653 -0.420311 -0.872279
v -0.456653 -0.420311 -0.872279
v -0.456653 -0.420311 -0.872279
v -0.456653 -0.420311 -0.872279
v -0.456964 -0.380607 -0.898805
v -0.456964 -0.380607 -0.898805
v -0.456964 -0.380607 -0.898805
v -0.456964 -0.380607 -0.898805
v -0.457429 -0.354078 -0.938504
v -0.457429 -0.354078 -0.938504
v -0.457429 -0.354078 -0.938504
v -0.457429 -0.354078 -0.938504
v -0.457978 -0.344762 -0.985333
v -0.457978 -0.344762 -0.985333
v -0.457978 -0.344762 -0.985333
v -0.457978 -0.344762 -0.985333
v -0.458527 -0.354078 -1.032162
v -0.458527 -0.354078 -1.032162
v -0.458527 -0.354078 -1.032162
v -0.458527 -0.354078 -1.032162
v -0.458992 -0.380607 -1.071862
v -0.458992 -0.380607 -1.071862
v -0.458992 -0.380607 -1.071862
v -0.458992 -0.380607 -1.071862
v -0.459303 -0.420311 -1.098388
v -0.459303 -0.420311 -1.098388
v -0.459303 -0.420311 -1.098388
v -0.459303 -0.420311 -1.098388
v -0.459412 -0.467145 -1.107703
v -0.459412 -0.467145 -1.107703
v -0.459412 -0.467145 -1.107703
v -0.459412 -0.467145 -1.107703
v -0.459303 -0.513979 -1.098388
v -0.459303 -0.513979 -1.098388
v -0.459303 -0.513979 -1.098388
v -0.459303 -0.513979 -1.098388
v -0.458992 -0.553683 -1.071862
v -0.458992 -0.553683 -1.071862
v -0.458992 -0.553683 -1.071862
v -0.458992 -0.553683 -1.071862
v -0.458527 -0.580213 -1.032162
v -0.458527 -0.580213 -1.032162
v -0.458527 -0.580213 -1.032162
v -0.458527 -0.580213 -1.032162
v -0.457978 -0.589528 -0.985333
v -0.457978 -0.589528 -0.985333
v -0.457978 -0.589528 -0.985333
v -0.457978 -0.589528 -0.985333
v -0.457429 -0.580213 -0.938504
v -0.457429 -0.580213 -0.938504
v -0.457429 -0.580213 -0.938504
v -0.457429 -0.580213 -0.938504
v -0.456964 -0.553683 -0.898805
v -0.456964 -0.553683 -0.898805
v -0.456964 -0.553683 -0.898805
v -0.456964 -0.553683 -0.898805
v -0.456653 -0.513979 -0.872279
v -0.456653 -0.513979 -0.872279
v -0.456653 -0.513979 -0.872279
v -0.456653 -0.513979 -0.872279
v -0.538956 -0.467145 -0.861998
v -0.538956 -0.467145 -0.861998
v -0.538956 -0.467145 -0.861998
v -0.538956 -0.467145 -0.861998
v -0.538956 -0.467145 -0.861998
v -0.539065 -0.420311 -0.871313
v -0.539065 -0.420311 -0.871313
v -0.539065 -0.420311 -0.871313
v -0.539065 -0.420311 -0.871313
v -0.539065 -0.420311 -0.871313
v -0.539376 -0.380607 -0.897839
v -0.539376 -0.380607 -0.897839
v -0.539376 -0.380607 -0.897839
v -0.539376 -0.380607 -0.897839
v -0.539376 -0.380607 -0.897839
v -0.539842 -0.354078 -0.937539
v -0.539842 -0.354078 -0.937539
v -0.539842 -0.354078 -0.937539
v -0.539842 -0.354078 -0.937539
v -0.539842 -0.354078 -0.937539
v -0.540390 -0.344762 -0.984367
v -0.540390 -0.344762 -0.984367
v -0.540390 -0.344762 -0.984367
v -0.540390 -0.344762 -0.984367
v -0.540390 -0.344762 -0.984367
v -0.540939 -0.354078 -1.031196
v -0.540939 -0.354078 -1.031196
v -0.540939 -0.354078 -1.031196
v -0.540939 -0.354078 -1.031196
v -0.540939 -0.354078 -1.031196
v -0.541404 -0.380607 -1.070896
v -0.541404 -0.380607 -1.070896
v -0.541404 -0.380607 -1.070896
v -0.541404 -0.380607 -1.070896
v -0.541404 -0.380607 -1.070896
v -0.541715 -0.420311 -1.097422
v -0.541715 -0.420311 -1.097422
v -0.541715 -0.420311 -1.097422
v -0.541715 -0.420311 -1.097422
v -0.541715 -0.420311 -1.097422
v -0.541824 -0.467145 -1.106737
v -0.541824 -0.467145 -1.106737
v -0.541824 -0.467145 -1.106737
v -0.541824 -0.467145 -1.106737
v -0.541824 -0.467145 -1.106737
v -0.541715 -0.513979 -1.097422
v -0.541715 -0.513979 -1.097422
v -0.541715 -0.513979 -1.097422
v -0.541715 -0.513979 -1.097422
v -0.541715 -0.513979 -1.097422
v -0.541404 -0.553683 -1.070896
v -0.541404 -0.553683 -1.070896
v -0.541404 -0.553683 -1.070896
v -0.541404 -0.553683 -1.070896
v -0.541404 -0.553683 -1.070896
v -0.540939 -0.580213 -1.031196
v -0.540939 -0.580213 -1.031196
v -0.540939 -0.580213 -1.031196
v -0.540939 -0.580213 -1.031196
v -0.540939 -0.580213 -1.031196
v -0.540390 -0.589528 -0.984367
v -0.540390 -0.589528 -0.984367
v -0.540390 -0.589528 -0.984367
v -0.540390 -0.589528 -0.984367
v -0.540390 -0.589528 -0.984367
v -0.539842 -0.580213 -0.937539
v -0.539842 -0.580213 -0.937539
v -0.539842 -0.580213 -0.937539
v -0.539842 -0.580213 -0.937539
v -0.539842 -0.580213 -0.937539
v -0.539376 -0.553683 -0.897839
v -0.539376 -0.553683 -0.897839
v -0.539376 -0.553683 -0.897839
v -0.539376 -0.553683 -0.897839
v -0.539376 -0.553683 -0.897839
v -0.539065 -0.513979 -0.871313
v -0.539065 -0.513979 -0.871313
v -0.539065 -0.513979 -0.871313
v -0.539065 -0.513979 -0.871313
v -0.539065 -0.513979 -0.871313
v -0.511948 -0.467145 -0.862314
v -0.511948 -0.467145 -0.862314
v -0.511948 -0.467145 -0.862314
v -0.511948 -0.467145 -0.862314
v -0.512057 -0.420311 -0.871629
v -0.512057 -0.420311 -0.871629
v -0.512057 -0.420311 -0.871629
v -0.512057 -0.420311 -0.871629
v -0.512368 -0.380607 -0.898156
v -0.512368 -0.380607 -0.898156
v -0.512368 -0.380607 -0.898156
v -0.512368 -0.380607 -0.898156
v -0.512833 -0.354078 -0.937855
v -0.512833 -0.354078 -0.937855
v -0.512833 -0.354078 -0.937855
v -0.512833 -0.354078 -0.937855
v -0.513382 -0.344762 -0.984684
v -0.513382 -0.344762 -0.984684
v -0.513382 -0.344762 -0.984684
v -0.513382 -0.344762 -0.984684
v -0.513931 -0.354078 -1.031513
v -0.513931 -0.354078 -1.031513
v -0.513931 -0.354078 -1.031513
v -0.513931 -0.354078 -1.031513
v -0.514396 -0.380607 -1.071212
v -0.514396 -0.380607 -1.071212
v -0.514396 -0.380607 -1.071212
v -0.514396 -0.380607 -1.071212
v -0.514707 -0.420311 -1.097739
v -0.514707 -0.420311 -1.097739
v -0.514707 -0.420311 -1.097739
v -0.514707 -0.420311 -1.097739
v -0.514816 -0.467145 -1.107054
v -0.514816 -0.467145 -1.107054
v -0.514816 -0.467145 -1.107054
v -0.514816 -0.467145 -1.107054
v -0.514707 -0.513979 -1.097739
v -0.514707 -0.513979 -1.097739
v -0.514707 -0.513979 -1.097739
v -0.514707 -0.513979 -1.097739
v -0.514396 -0.553683 -1.071212
v -0.514396 -0.553683 -1.071212
v -0.514396 -0.553683 -1.071212
v -0.514396 -0.553683 -1.071212
v -0.513931 -0.580213 -1.031513
v -0.513931 -0.580213 -1.031513
v -0.513931 -0.580213 -1.031513
v -0.513931 -0.580213 -1.031513
v -0.513382 -0.589528 -0.984684
v -0.513382 -0.589528 -0.984684
v -0.513382 -0.589528 -0.984684
v -0.513382 -0.589528 -0.984684
v -0.512833 -0.580213 -0.937855
v -0.512833 -0.580213 -0.937855
v -0.512833 -0.580213 -0.937855
v -0.512833 -0.580213 -0.937855
v -0.512368 -0.553683 -0.898156
v -0.512368 -0.553683 -0.898156
v -0.512368 -0.553683 -0.898156
v -0.512368 -0.553683 -0.898156
v -0.512057 -0.513979 -0.871629
v -0.512057 -0.513979 -0.871629
v -0.512057 -0.513979 -0.871629
v -0.512057 -0.513979 -0.871629
v -0.549342 -0.467145 -0.861876
v -0.549342 -0.467145 -0.861876
v -0.549342 -0.467145 -0.861876
v -0.549342 -0.467145 -0.861876
v -0.549451 -0.420311 -0.871191
v -0.549451 -0.420311 -0.871191
v -0.549451 -0.420311 -0.871191
v -0.549451 -0.420311 -0.871191
v -0.549762 -0.380607 -0.897717
v -0.549762 -0.380607 -0.897717
v -0.549762 -0.380607 -0.897717
v -0.549762 -0.380607 -0.897717
v -0.550227 -0.354078 -0.937417
v -0.550227 -0.354078 -0.937417
v -0.550227 -0.354078 -0.937417
v -0.550227 -0.354078 -0.937417
v -0.550776 -0.344762 -0.984246
v -0.550776 -0.344762 -0.984246
v -0.550776 -0.344762 -0.984246
v -0.550776 -0.344762 -0.984246
v -0.551325 -0.354078 -1.031075
v -0.551325 -0.354078 -1.031075
v -0.551325 -0.354078 -1.031075
v -0.551325 -0.354078 -1.031075
v -0.551790 -0.380607 -1.070774
v -0.551790 -0.380607 -1.070774
v -0.551790 -0.380607 -1.070774
v -0.551790 -0.380607 -1.070774
v -0.552101 -0.420311 -1.097301
v -0.552101 -0.420311 -1.097301
v -0.552101 -0.420311 -1.097301
v -0.552101 -0.420311 -1.097301
v -0.552210 -0.467145 -1.106615
v -0.552210 -0.467145 -1.106615
v -0.552210 -0.467145 -1.106615
v -0.552210 -0.467145 -1.106615
v -0.552101 -0.513979 -1.097301
v -0.552101 -0.513979 -1.097301
v -0.552101 -0.513979 -1.097301
v -0.552101 -0.513979 -1.097301
v -0.551790 -0.553683 -1.070774
v -0.551790 -0.553683 -1.070774
v -0.551790 -0.553683 -1.070774
v -0.551790 -0.553683 -1.070774
v -0.551325 -0.580213 -1.031075
v -0.551325 -0.580213 -1.031075
v -0.551325 -0.580213 -1.031075
v -0.551325 -0.580213 -1.031075
v -0.550776 -0.589528 -0.984246
v -0.550776 -0.589528 -0.984246
v -0.550776 -0.589528 -0.984246
v -0.550776 -0.589528 -0.984246
v -0.550227 -0.580213 -0.937417
v -0.550227 -0.580213 -0.937417
v -0.550227 -0.580213 -0.937417
v -0.550227 -0.580213 -0.937417
v -0.549762 -0.553683 -0.897717
v -0.549762 -0.553683 -0.897717
v -0.549762 -0.553683 -0.897717
v -0.549762 -0.553683 -0.897717
v -0.549451 -0.513979 -0.871191
v -0.549451 -0.513979 -0.871191
v -0.549451 -0.513979 -0.871191
v -0.549451 -0.513979 -0.871191
v -0.511948 -0.467145 -0.862314
v -0.511948 -0.467145 -0.862314
v -0.511948 -0.467145 -0.862314
v -0.511948 -0.467145 -0.862314
v -0.512057 -0.420311 -0.871629
v -0.512057 -0.420311 -0.871629
v -0.512057 -0.420311 -0.871629
v -0.512057 -0.420311 -0.871629
v -0.512368 -0.380607 -0.898156
v -0.512368 -0.380607 -0.898156
v -0.512368 -0.380607 -0.898156
v -0.512368 -0.380607 -0.898156
v -0.512833 -0.354078 -0.937855
v -0.512833 -0.354078 -0.937855
v -0.512833 -0.354078 -0.937855
v -0.512833 -0.354078 -0.937855
v -0.513382 -0.344762 -0.984684
v -0.513382 -0.344762 -0.984684
v -0.513382 -0.344762 -0.984684
v -0.513382 -0.344762 -0.984684
v -0.513931 -0.354078 -1.031513
v -0.513931 -0.354078 -1.031513
v -0.513931 -0.354078 -1.031513
v -0.513931 -0.354078 -1.031513
v -0.514396 -0.380607 -1.071212
v -0.514396 -0.380607 -1.071212
v -0.514396 -0.380607 -1.071212
v -0.514396 -0.380607 -1.071212
v -0.514707 -0.420311 -1.097739
v -0.514707 -0.420311 -1.097739
v -0.514707 -0.420311 -1.097739
v -0.514707 -0.420311 -1.097739
v -0.514816 -0.467145 -1.107054
v -0.514816 -0.467145 -1.107054
v -0.514816 -0.467145 -1.107054
v -0.514816 -0.467145 -1.107054
v -0.514707 -0.513979 -1.097739
v -0.514707 -0.513979 -1.097739
v -0.514707 -0.513979 -1.097739
v -0.514707 -0.513979 -1.097739
v -0.514396 -0.553683 -1.071212
v -0.514396 -0.553683 -1.071212
v -0.514396 -0.553683 -1.071212
v -0.514396 -0.553683 -1.071212
v -0.513931 -0.580213 -1.031513
v -0.513931 -0.580213 -1.031513
v -0.513931 -0.580213 -1.031513
v -0.513931 -0.580213 -1.031513
v -0.513382 -0.589528 -0.984684
v -0.513382 -0.589528 -0.984684
v -0.513382 -0.589528 -0.984684
v -0.513382 -0.589528 -0.984684
v -0.512833 -0.580213 -0.937855
v -0.512833 -0.580213 -0.937855
v -0.512833 -0.580213 -0.937855
v -0.512833 -0.580213 -0.937855
v -0.512368 -0.553683 -0.898156
v -0.512368 -0.553683 -0.898156
v -0.512368 -0.553683 -0.898156
v -0.512368 -0.553683 -0.898156
v -0.512057 -0.513979 -0.871629
v -0.512057 -0.513979 -0.871629
v -0.512057 -0.513979 -0.871629
v -0.512057 -0.513979 -0.871629
v -0.542293 -0.467145 -0.933438
v -0.542293 -0.467145 -0.933438
v -0.542293 -0.467145 -0.933438
v -0.542293 -0.467145 -0.933438
v -0.542338 -0.447665 -0.937313
v -0.542338 -0.447665 -0.937313
v -0.542338 -0.447665 -0.937313
v -0.542338 -0.447665 -0.937313
v -0.542467 -0.431150 -0.948347
v -0.542467 -0.431150 -0.948347
v -0.542467 -0.431150 -0.948347
v -0.542467 -0.431150 -0.948347
v -0.542661 -0.420115 -0.964860
v -0.542661 -0.420115 -0.964860
v -0.542661 -0.420115 -0.964860
v -0.542661 -0.420115 -0.964860
v -0.542889 -0.416240 -0.984338
v -0.542889 -0.416240 -0.984338
v -0.542889 -0.416240 -0.984338
v -0.542889 -0.416240 -0.984338
v -0.543117 -0.420115 -1.003817
v -0.543117 -0.420115 -1.003817
v -0.543117 -0.420115 -1.003817
v -0.543117 -0.420115 -1.003817
v -0.543311 -0.431150 -1.020330
v -0.543311 -0.431150 -1.020330
v -0.543311 -0.431150 -1.020330
v -0.543311 -0.431150 -1.020330
v -0.543440 -0.447665 -1.031363
v -0.543440 -0.447665 -1.031363
v -0.543440 -0.447665 -1.031363
v -0.543440 -0.447665 -1.031363
v -0.543486 -0.467145 -1.035238
v -0.543486 -0.467145 -1.035238
v -0.543486 -0.467145 -1.035238
v -0.543486 -0.467145 -1.035238
v -0.543440 -0.486626 -1.031363
v -0.543440 -0.486626 -1.031363
v -0.543440 -0.486626 -1.031363
v -0.543440 -0.486626 -1.031363
v -0.543311 -0.503141 -1.020330
v -0.543311 -0.503141 -1.020330
v -0.543311 -0.503141 -1.020330
v -0.543311 -0.503141 -1.020330
v -0.543117 -0.514176 -1.003817
v -0.543117 -0.514176 -1.003817
v -0.543117 -0.514176 -1.003817
v -0.543117 -0.514176 -1.003817
v -0.542889 -0.518051 -0.984338
v -0.542889 -0.518051 -0.984338
v -0.542889 -0.518051 -0.984338
v -0.542889 -0.518051 -0.984338
v -0.542661 -0.514176 -0.964860
v -0.542661 -0.514176 -0.964860
v -0.542661 -0.514176 -0.964860
v -0.542661 -0.514176 -0.964860
v -0.542467 -0.503141 -0.948347
v -0.542467 -0.503141 -0.948347
v -0.542467 -0.503141 -0.948347
v -0.542467 -0.503141 -0.948347
v -0.542338 -0.486626 -0.937313
v -0.542338 -0.486626 -0.937313
v -0.542338 -0.486626 -0.937313
v -0.542338 -0.486626 -0.937313
v -0.531058 -0.467145 -0.933570
v -0.531058 -0.467145 -0.933570
v -0.531058 -0.467145 -0.933570
v -0.531058 -0.467145 -0.933570
v -0.531104 -0.447665 -0.937445
v -0.531104 -0.447665 -0.937445
v -0.531104 -0.447665 -0.937445
v -0.531104 -0.447665 -0.937445
v -0.531233 -0.431150 -0.948478
v -0.531233 -0.431150 -0.948478
v -0.531233 -0.431150 -0.948478
v -0.531233 -0.431150 -0.948478
v -0.531427 -0.420115 -0.964991
v -0.531427 -0.420115 -0.964991
v -0.531427 -0.420115 -0.964991
v -0.531427 -0.420115 -0.964991
v -0.531655 -0.416240 -0.984470
v -0.531655 -0.416240 -0.984470
v -0.531655 -0.416240 -0.984470
v -0.531655 -0.416240 -0.984470
v -0.531883 -0.420115 -1.003948
v -0.531883 -0.420115 -1.003948
v -0.531883 -0.420115 -1.003948
v -0.531883 -0.420115 -1.003948
v -0.532077 -0.431150 -1.020461
v -0.532077 -0.431150 -1.020461
v -0.532077 -0.431150 -1.020461
v -0.532077 -0.431150 -1.020461
v -0.532206 -0.447665 -1.031495
v -0.532206 -0.447665 -1.031495
v -0.532206 -0.447665 -1.031495
v -0.532206 -0.447665 -1.031495
v -0.532251 -0.467145 -1.035370
v -0.532251 -0.467145 -1.035370
v -0.532251 -0.467145 -1.035370
v -0.532251 -0.467145 -1.035370
v -0.532206 -0.486626 -1.031495
v -0.532206 -0.486626 -1.031495
v -0.532206 -0.486626 -1.031495
v -0.532206 -0.486626 -1.031495
v -0.532077 -0.503141 -1.020461
v -0.532077 -0.503141 -1.020461
v -0.532077 -0.503141 -1.020461
v -0.532077 -0.503141 -1.020461
v -0.531883 -0.514176 -1.003948
v -0.531883 -0.514176 -1.003948
v -0.531883 -0.514176 -1.003948
v -0.531883 -0.514176 -1.003948
v -0.531655 -0.518051 -0.984470
v -0.531655 -0.518051 -0.984470
v -0.531655 -0.518051 -0.984470
v -0.531655 -0.518051 -0.984470
v -0.531427 -0.514176 -0.964991
v -0.531427 -0.514176 -0.964991
v -0.531427 -0.514176 -0.964991
v -0.531427 -0.514176 -0.964991
v -0.531233 -0.503141 -0.948478
v -0.531233 -0.503141 -0.948478
v -0.531233 -0.503141 -0.948478
v -0.531233 -0.503141 -0.948478
v -0.531104 -0.486626 -0.937445
v -0.531104 -0.486626 -0.937445
v -0.531104 -0.486626 -0.937445
v -0.531104 -0.486626 -0.937445
v -0.542293 -0.467145 -0.933438
v -0.542293 -0.467145 -0.933438
v -0.542293 -0.467145 -0.933438
v -0.542293 -0.467145 -0.933438
v -0.542338 -0.447665 -0.937313
v -0.542338 -0.447665 -0.937313
v -0.542338 -0.447665 -0.937313
v -0.542338 -0.447665 -0.937313
v -0.542467 -0.431150 -0.948347
v -0.542467 -0.431150 -0.948347
v -0.542467 -0.431150 -0.948347
v -0.542467 -0.431150 -0.948347
v -0.542661 -0.420115 -0.964860
v -0.542661 -0.420115 -0.964860
v -0.542661 -0.420115 -0.964860
v -0.542661 -0.420115 -0.964860
v -0.542889 -0.416240 -0.984338
v -0.542889 -0.416240 -0.984338
v -0.542889 -0.416240 -0.984338
v -0.542889 -0.416240 -0.984338
v -0.543117 -0.420115 -1.003817
v -0.543117 -0.420115 -1.003817
v -0.543117 -0.420115 -1.003817
v -0.543117 -0.420115 -1.003817
v -0.543311 -0.431150 -1.020330
v -0.543311 -0.431150 -1.020330
v -0.543311 -0.431150 -1.020330
v -0.543311 -0.431150 -1.020330
v -0.543440 -0.447665 -1.031363
v -0.543440 -0.447665 -1.031363
v -0.543440 -0.447665 -1.031363
v -0.543440 -0.447665 -1.031363
v -0.543486 -0.467145 -1.035238
v -0.543486 -0.467145 -1.035238
v -0.543486 -0.467145 -1.035238
v -0.543486 -0.467145 -1.035238
v -0.543440 -0.486626 -1.031363
v -0.543440 -0.486626 -1.031363
v -0.543440 -0.486626 -1.031363
v -0.543440 -0.486626 -1.031363
v -0.543311 -0.503141 -1.020330
v -0.543311 -0.503141 -1.020330
v -0.543311 -0.503141 -1.020330
v -0.543311 -0.503141 -1.020330
v -0.543117 -0.514176 -1.003817
v -0.543117 -0.514176 -1.003817
v -0.543117 -0.514176 -1.003817
v -0.543117 -0.514176 -1.003817
v -0.542889 -0.518051 -0.984338
v -0.542889 -0.518051 -0.984338
v -0.542889 -0.518051 -0.984338
v -0.542889 -0.518051 -0.984338
v -0.542661 -0.514176 -0.964860
v -0.542661 -0.514176 -0.964860
v -0.542661 -0.514176 -0.964860
v -0.542661 -0.514176 -0.964860
v -0.542467 -0.503141 -0.948347
v -0.542467 -0.503141 -0.948347
v -0.542467 -0.503141 -0.948347
v -0.542467 -0.503141 -0.948347
v -0.542338 -0.486626 -0.937313
v -0.542338 -0.486626 -0.937313
v -0.542338 -0.486626 -0.937313
v -0.542338 -0.486626 -0.937313
v -0.531058 -0.467145 -0.933570
v -0.531058 -0.467145 -0.933570
v -0.531058 -0.467145 -0.933570
v -0.531058 -0.467145 -0.933570
v -0.531104 -0.447665 -0.937445
v -0.531104 -0.447665 -0.937445
v -0.531104 -0.447665 -0.937445
v -0.531104 -0.447665 -0.937445
v -0.531233 -0.431150 -0.948478
v -0.531233 -0.431150 -0.948478
v -0.531233 -0.431150 -0.948478
v -0.531233 -0.431150 -0.948478
v -0.531427 -0.420115 -0.964991
v -0.531427 -0.420115 -0.964991
v -0.531427 -0.420115 -0.964991
v -0.531427 -0.420115 -0.964991
v -0.531655 -0.416240 -0.984470
v -0.531655 -0.416240 -0.984470
v -0.531655 -0.416240 -0.984470
v -0.531655 -0.416240 -0.984470
v -0.531883 -0.420115 -1.003948
v -0.531883 -0.420115 -1.003948
v -0.531883 -0.420115 -1.003948
v -0.531883 -0.420115 -1.003948
v -0.532077 -0.431150 -1.020461
v -0.532077 -0.431150 -1.020461
v -0.532077 -0.431150 -1.020461
v -0.532077 -0.431150 -1.020461
v -0.532206 -0.447665 -1.031495
v -0.532206 -0.447665 -1.031495
v -0.532206 -0.447665 -1.031495
v -0.532206 -0.447665 -1.031495
v -0.532251 -0.467145 -1.035370
v -0.532251 -0.467145 -1.035370
v -0.532251 -0.467145 -1.035370
v -0.532251 -0.467145 -1.035370
v -0.532206 -0.486626 -1.031495
v -0.532206 -0.486626 -1.031495
v -0.532206 -0.486626 -1.031495
v -0.532206 -0.486626 -1.031495
v -0.532077 -0.503141 -1.020461
v -0.532077 -0.503141 -1.020461
v -0.532077 -0.503141 -1.020461
v -0.532077 -0.503141 -1.020461
v -0.531883 -0.514176 -1.003948
v -0.531883 -0.514176 -1.003948
v -0.531883 -0.514176 -1.003948
v -0.531883 -0.514176 -1.003948
v -0.531655 -0.518051 -0.984470
v -0.531655 -0.518051 -0.984470
v -0.531655 -0.518051 -0.984470
v -0.531655 -0.518051 -0.984470
v -0.531427 -0.514176 -0.964991
v -0.531427 -0.514176 -0.964991
v -0.531427 -0.514176 -0.964991
v -0.531427 -0.514176 -0.964991
v -0.531233 -0.503141 -0.948478
v -0.531233 -0.503141 -0.948478
v -0.531233 -0.503141 -0.948478
v -0.531233 -0.503141 -0.948478
v -0.531104 -0.486626 -0.937445
v -0.531104 -0.486626 -0.937445
v -0.531104 -0.486626 -0.937445
v -0.531104 -0.486626 -0.937445
v -0.542293 -0.467145 -0.933438
v -0.542293 -0.467145 -0.933438
v -0.542293 -0.467145 -0.933438
v -0.542293 -0.467145 -0.933438
v -0.542338 -0.447665 -0.937313
v -0.542338 -0.447665 -0.937313
v -0.542338 -0.447665 -0.937313
v -0.542338 -0.447665 -0.937313
v -0.542467 -0.431150 -0.948347
v -0.542467 -0.431150 -0.948347
v -0.542467 -0.431150 -0.948347
v -0.542467 -0.431150 -0.948347
v -0.542661 -0.420115 -0.964860
v -0.542661 -0.420115 -0.964860
v -0.542661 -0.420115 -0.964860
v -0.542661 -0.420115 -0.964860
v -0.542889 -0.416240 -0.984338
v -0.542889 -0.416240 -0.984338
v -0.542889 -0.416240 -0.984338
v -0.542889 -0.416240 -0.984338
v -0.543117 -0.420115 -1.003817
v -0.543117 -0.420115 -1.003817
v -0.543117 -0.420115 -1.003817
v -0.543117 -0.420115 -1.003817
v -0.543311 -0.431150 -1.020330
v -0.543311 -0.431150 -1.020330
v -0.543311 -0.431150 -1.020330
v -0.543311 -0.431150 -1.020330
v -0.543440 -0.447665 -1.031363
v -0.543440 -0.447665 -1.031363
v -0.543440 -0.447665 -1.031363
v -0.543440 -0.447665 -1.031363
v -0.543486 -0.467145 -1.035238
v -0.543486 -0.467145 -1.035238
v -0.543486 -0.467145 -1.035238
v -0.543486 -0.467145 -1.035238
v -0.543440 -0.486626 -1.031363
v -0.543440 -0.486626 -1.031363
v -0.543440 -0.486626 -1.031363
v -0.543440 -0.486626 -1.031363
v -0.543311 -0.503141 -1.020330
v -0.543311 -0.503141 -1.020330
v -0.543311 -0.503141 -1.020330
v -0.543311 -0.503141 -1.020330
v -0.543117 -0.514176 -1.003817
v -0.543117 -0.514176 -1.003817
v -0.543117 -0.514176 -1.003817
v -0.543117 -0.514176 -1.003817
v -0.542889 -0.518051 -0.984338
v -0.542889 -0.518051 -0.984338
v -0.542889 -0.518051 -0.984338
v -0.542889 -0.518051 -0.984338
v -0.542661 -0.514176 -0.964860
v -0.542661 -0.514176 -0.964860
v -0.542661 -0.514176 -0.964860
v -0.542661 -0.514176 -0.964860
v -0.542467 -0.503141 -0.948347
v -0.542467 -0.503141 -0.948347
v -0.542467 -0.503141 -0.948347
v -0.542467 -0.503141 -0.948347
v -0.542338 -0.486626 -0.937313
v -0.542338 -0.486626 -0.937313
v -0.542338 -0.486626 -0.937313
v -0.542338 -0.486626 -0.937313
v -0.531058 -0.467145 -0.933570
v -0.531058 -0.467145 -0.933570
v -0.531058 -0.467145 -0.933570
v -0.531058 -0.467145 -0.933570
v -0.531104 -0.447665 -0.937445
v -0.531104 -0.447665 -0.937445
v -0.531104 -0.447665 -0.937445
v -0.531104 -0.447665 -0.937445
v -0.531233 -0.431150 -0.948478
v -0.531233 -0.431150 -0.948478
v -0.531233 -0.431150 -0.948478
v -0.531233 -0.431150 -0.948478
v -0.531427 -0.420115 -0.964991
v -0.531427 -0.420115 -0.964991
v -0.531427 -0.420115 -0.964991
v -0.531427 -0.420115 -0.964991
v -0.531655 -0.416240 -0.984470
v -0.531655 -0.416240 -0.984470
v -0.531655 -0.416240 -0.984470
v -0.531655 -0.416240 -0.984470
v -0.531883 -0.420115 -1.003948
v -0.531883 -0.420115 -1.003948
v -0.531883 -0.420115 -1.003948
v -0.531883 -0.420115 -1.003948
v -0.532077 -0.431150 -1.020461
v -0.532077 -0.431150 -1.020461
v -0.532077 -0.431150 -1.020461
v -0.532077 -0.431150 -1.020461
v -0.532206 -0.447665 -1.031495
v -0.532206 -0.447665 -1.031495
v -0.532206 -0.447665 -1.031495
v -0.532206 -0.447665 -1.031495
v -0.532251 -0.467145 -1.035370
v -0.532251 -0.467145 -1.035370
v -0.532251 -0.467145 -1.035370
v -0.532251 -0.467145 -1.035370
v -0.532206 -0.486626 -1.031495
v -0.532206 -0.486626 -1.031495
v -0.532206 -0.486626 -1.031495
v -0.532206 -0.486626 -1.031495
v -0.532077 -0.503141 -1.020461
v -0.532077 -0.503141 -1.020461
v -0.532077 -0.503141 -1.020461
v -0.532077 -0.503141 -1.020461
v -0.531883 -0.514176 -1.003948
v -0.531883 -0.514176 -1.003948
v -0.531883 -0.514176 -1.003948
v -0.531883 -0.514176 -1.003948
v -0.531655 -0.518051 -0.984470
v -0.531655 -0.518051 -0.984470
v -0.531655 -0.518051 -0.984470
v -0.531655 -0.518051 -0.984470
v -0.531427 -0.514176 -0.964991
v -0.531427 -0.514176 -0.964991
v -0.531427 -0.514176 -0.964991
v -0.531427 -0.514176 -0.964991
v -0.531233 -0.503141 -0.948478
v -0.531233 -0.503141 -0.948478
v -0.531233 -0.503141 -0.948478
v -0.531233 -0.503141 -0.948478
v -0.531104 -0.486626 -0.937445
v -0.531104 -0.486626 -0.937445
v -0.531104 -0.486626 -0.937445
v -0.531104 -0.486626 -0.937445
v -0.553812 -0.467145 -0.933303
v -0.553812 -0.467145 -0.933303
v -0.553858 -0.447665 -0.937178
v -0.553858 -0.447665 -0.937178
v -0.553987 -0.431150 -0.948212
v -0.553987 -0.431150 -0.948212
v -0.554181 -0.420115 -0.964725
v -0.554181 -0.420115 -0.964725
v -0.554409 -0.416240 -0.984203
v -0.554409 -0.416240 -0.984203
v -0.554637 -0.420115 -1.003682
v -0.554637 -0.420115 -1.003682
v -0.554831 -0.431150 -1.020195
v -0.554831 -0.431150 -1.020195
v -0.554960 -0.447665 -1.031228
v -0.554960 -0.447665 -1.031228
v -0.555005 -0.467145 -1.035103
v -0.555005 -0.467145 -1.035103
v -0.554960 -0.486626 -1.031228
v -0.554960 -0.486626 -1.031228
v -0.554831 -0.503141 -1.020195
v -0.554831 -0.503141 -1.020195
v -0.554637 -0.514176 -1.003682
v -0.554637 -0.514176 -1.003682
v -0.554409 -0.518051 -0.984203
v -0.554409 -0.518051 -0.984203
v -0.554181 -0.514176 -0.964725
v -0.554181 -0.514176 -0.964725
v -0.553987 -0.503141 -0.948212
v -0.553987 -0.503141 -0.948212
v -0.553858 -0.486626 -0.937178
v -0.553858 -0.486626 -0.937178
v -0.419509 -0.467145 -0.934685
v -0.419509 -0.467145 -0.934685
v -0.419554 -0.447665 -0.938559
v -0.419554 -0.447665 -0.938559
v -0.419684 -0.431150 -0.949593
v -0.419684 -0.431150 -0.949593
v -0.419877 -0.420115 -0.966106
v -0.419877 -0.420115 -0.966106
v -0.420105 -0.416240 -0.985584
v -0.420105 -0.416240 -0.985584
v -0.420334 -0.420115 -1.005063
v -0.420334 -0.420115 -1.005063
v -0.420527 -0.431150 -1.021576
v -0.420527 -0.431150 -1.021576
v -0.420656 -0.447665 -1.032610
v -0.420656 -0.447665 -1.032610
v -0.420702 -0.467145 -1.036484
v -0.420702 -0.467145 -1.036484
v -0.420656 -0.486626 -1.032610
v -0.420656 -0.486626 -1.032610
v -0.420527 -0.503141 -1.021576
v -0.420527 -0.503141 -1.021576
v -0.420334 -0.514176 -1.005063
v -0.420334 -0.514176 -1.005063
v -0.420105 -0.518051 -0.985584
v -0.420105 -0.518051 -0.985584
v -0.419877 -0.514176 -0.966106
v -0.419877 -0.514176 -0.966106
v -0.419684 -0.503141 -0.949593
v -0.419684 -0.503141 -0.949593
v -0.419554 -0.486626 -0.938559
v -0.419554 -0.486626 -0.938559
v -0.553714 -0.448283 -0.938673
v -0.553714 -0.448283 -0.938673
v -0.553714 -0.448283 -0.938673
v -0.553670 -0.467145 -0.934922
v -0.553670 -0.467145 -0.934922
v -0.553670 -0.467145 -0.934922
v -0.554027 -0.421608 -0.965345
v -0.554027 -0.421608 -0.965345
v -0.554027 -0.421608 -0.965345
v -0.553840 -0.432293 -0.949356
v -0.553840 -0.432293 -0.949356
v -0.553840 -0.432293 -0.949356
v -0.554469 -0.421608 -1.003065
v -0.554469 -0.421608 -1.003065
v -0.554469 -0.421608 -1.003065
v -0.554248 -0.417856 -0.984205
v -0.554248 -0.417856 -0.984205
v -0.554248 -0.417856 -0.984205
v -0.554782 -0.448283 -1.029737
v -0.554782 -0.448283 -1.029737
v -0.554782 -0.448283 -1.029737
v -0.554656 -0.432293 -1.019054
v -0.554656 -0.432293 -1.019054
v -0.554656 -0.432293 -1.019054
v -0.554782 -0.486007 -1.029737
v -0.554782 -0.486007 -1.029737
v -0.554782 -0.486007 -1.029737
v -0.554826 -0.467145 -1.033489
v -0.554826 -0.467145 -1.033489
v -0.554826 -0.467145 -1.033489
v -0.554469 -0.512682 -1.003065
v -0.554469 -0.512682 -1.003065
v -0.554469 -0.512682 -1.003065
v -0.554656 -0.501998 -1.019054
v -0.554656 -0.501998 -1.019054
v -0.554656 -0.501998 -1.019054
v -0.554027 -0.512682 -0.965345
v -0.554027 -0.512682 -0.965345
v -0.554027 -0.512682 -0.965345
v -0.554248 -0.516434 -0.984205
v -0.554248 -0.516434 -0.984205
v -0.554248 -0.516434 -0.984205
v -0.553714 -0.486007 -0.938673
v -0.553714 -0.486007 -0.938673
v -0.553714 -0.486007 -0.938673
v -0.553840 -0.501998 -0.949356
v -0.553840 -0.501998 -0.949356
v -0.553840 -0.501998 -0.949356
v -0.545882 -0.432293 -0.949450
v -0.545882 -0.432293 -0.949450
v -0.545882 -0.432293 -0.949450
v -0.545757 -0.486007 -0.938766
v -0.545757 -0.486007 -0.938766
v -0.545757 -0.486007 -0.938766
v -0.545757 -0.448283 -0.938766
v -0.545757 -0.448283 -0.938766
v -0.545757 -0.448283 -0.938766
v -0.545713 -0.467145 -0.935015
v -0.545713 -0.467145 -0.935015
v -0.545713 -0.467145 -0.935015
v -0.545882 -0.501998 -0.949450
v -0.545882 -0.501998 -0.949450
v -0.545882 -0.501998 -0.949450
v -0.546070 -0.512682 -0.965438
v -0.546070 -0.512682 -0.965438
v -0.546070 -0.512682 -0.965438
v -0.546291 -0.516434 -0.984298
v -0.546291 -0.516434 -0.984298
v -0.546291 -0.516434 -0.984298
v -0.546512 -0.512682 -1.003158
v -0.546512 -0.512682 -1.003158
v -0.546512 -0.512682 -1.003158
v -0.546699 -0.501998 -1.019147
v -0.546699 -0.501998 -1.019147
v -0.546699 -0.501998 -1.019147
v -0.546070 -0.421608 -0.965438
v -0.546070 -0.421608 -0.965438
v -0.546070 -0.421608 -0.965438
v -0.546512 -0.421608 -1.003158
v -0.546512 -0.421608 -1.003158
v -0.546512 -0.421608 -1.003158
v -0.546291 -0.417856 -0.984298
v -0.546291 -0.417856 -0.984298
v -0.546291 -0.417856 -0.984298
v -0.546824 -0.448283 -1.029830
v -0.546824 -0.448283 -1.029830
v -0.546824 -0.448283 -1.029830
v -0.546699 -0.432293 -1.019147
v -0.546699 -0.432293 -1.019147
v -0.546699 -0.432293 -1.019147
v -0.546824 -0.486007 -1.029830
v -0.546824 -0.486007 -1.029830
v -0.546824 -0.486007 -1.029830
v -0.546868 -0.467145 -1.033582
v -0.546868 -0.467145 -1.033582
v -0.546868 -0.467145 -1.033582
vn -0.9918 -0.1006 0.0788
vn -0.9938 0.0672 -0.0889
vn -0.9914 -0.0672 0.1122
vn -0.9940 0.0236 -0.1070
vn 0.9954 0.0210 0.0939
vn -0.9940 -0.0236 -0.1070
vn -0.9912 -0.0236 0.1303
vn 0.0115 0.1951 0.9807
vn -0.9938 -0.0672 -0.0889
vn -0.9918 0.1006 0.0788
vn -0.9934 -0.1006 -0.0556
vn -0.9923 0.1186 0.0352
vn -0.9929 -0.1186 -0.0120
vn -0.9929 0.1186 -0.0120
vn -0.9923 -0.1186 0.0352
vn -0.9934 0.1006 -0.0556
vn -0.9642 -0.2619 -0.0408
vn -0.9662 -0.1484 -0.2108
vn 0.7516 0.5443 -0.3725
vn -0.9653 -0.2221 -0.1371
vn 0.7484 -0.1277 -0.6509
vn 0.7544 0.6420 -0.1366
vn -0.9667 0.0521 -0.2506
vn -0.9662 0.1484 -0.2108
vn 0.7574 0.6420 0.1188
vn -0.9653 0.2221 -0.1371
vn 0.7602 0.5443 0.3548
vn -0.9642 0.2619 -0.0408
vn 0.7623 0.3637 0.5354
vn -0.9630 0.2619 0.0634
vn 0.7634 0.1277 0.6331
vn -0.9619 0.2221 0.1597
vn -0.9667 -0.0521 -0.2506
vn -0.0097 0.5556 -0.8314
vn 0.9934 0.0895 -0.0714
vn 0.9952 0.0598 0.0778
vn -0.0115 0.1951 -0.9807
vn 0.9931 0.0598 -0.1011
vn -0.0115 -0.1951 -0.9807
vn 0.9929 0.0210 -0.1172
vn -0.0097 -0.5556 -0.8314
vn 0.9929 -0.0210 -0.1172
vn -0.0065 -0.8315 -0.5555
vn 0.9931 -0.0598 -0.1011
vn -0.0023 -0.9808 -0.1951
vn 0.9934 -0.0895 -0.0714
vn 0.0023 -0.9808 0.1951
vn 0.9939 -0.1056 -0.0326
vn 0.0065 -0.8315 0.5555
vn 0.0115 -0.1951 0.9807
vn 0.0097 -0.5556 0.8314
vn 0.0097 0.5556 0.8314
vn -0.9914 0.0672 0.1122
vn 0.0065 0.8315 0.5555
vn 0.9954 -0.0210 0.0939
vn 0.9944 -0.1056 0.0093
vn 0.0023 0.9808 0.1951
vn 0.9948 0.0895 0.0481
vn 0.9948 -0.0895 0.0481
vn -0.0023 0.9808 -0.1951
vn 0.9944 0.1056 0.0093
vn 0.9952 -0.0598 0.0778
vn -0.0065 0.8315 -0.5555
vn 0.9939 0.1056 -0.0326
vn -0.9964 -0.0805 0.0277
vn -0.0000 -1.0000 -0.0000
vn -0.0045 0.9239 -0.3827
vn 0.0117 -0.0000 0.9999
vn 0.0108 0.3827 0.9238
vn -0.9967 0.0805 -0.0043
vn 0.0108 -0.3827 0.9238
vn 0.7495 0.3637 -0.5531
vn 0.7484 0.1277 -0.6509
vn -0.9630 -0.2619 0.0634
vn -0.9975 -0.0160 -0.0688
vn 0.7516 -0.5443 -0.3725
vn -0.9619 -0.2221 0.1597
vn 0.7495 -0.3637 -0.5531
vn 0.7544 -0.6420 -0.1366
vn -0.9610 -0.1484 0.2333
vn 0.7574 -0.6420 0.1188
vn -0.9605 -0.0521 0.2732
vn 0.7602 -0.5443 0.3548
vn -0.9605 0.0521 0.2732
vn 0.7623 -0.3637 0.5354
vn -0.9610 0.1484 0.2333
vn 0.7634 -0.1277 0.6331
vn -0.0000 1.0000 -0.0000
vn -0.9949 -0.0218 -0.0980
vn 0.9967 -0.0805 0.0043
vn 0.9960 -0.0682 -0.0573
vn 0.9958 0.0456 -0.0799
vn -0.0108 0.3827 -0.9238
vn 0.9956 -0.0160 -0.0921
vn -0.9956 0.0160 0.0921
vn -0.0108 -0.3827 -0.9238
vn 0.0083 -0.7071 0.7071
vn -0.0045 -0.9239 -0.3827
vn 0.0045 -0.9239 0.3827
vn -0.9926 0.0621 0.1046
vn 0.9701 -0.1401 0.1984
vn -0.9924 0.0218 0.1213
vn 0.9692 -0.2097 0.1288
vn -0.9924 -0.0218 0.1213
vn 0.9682 -0.2474 0.0379
vn -0.9926 -0.0621 0.1046
vn 0.9670 -0.2474 -0.0605
vn 0.9651 -0.1401 -0.2211
vn -0.9929 -0.0930 0.0738
vn 0.9660 -0.2097 -0.1515
vn -0.9934 -0.1097 0.0335
vn 0.9647 0.0492 -0.2587
vn 0.9651 0.1401 -0.2211
vn -0.9939 -0.1097 -0.0102
vn 0.9974 -0.0456 0.0565
vn 0.9975 0.0160 0.0688
vn 0.9971 0.0682 0.0339
vn 0.9964 0.0805 -0.0277
vn 0.9705 -0.0492 0.2360
vn -0.9929 0.0930 0.0738
vn 0.9705 0.0492 0.2360
vn -0.9934 0.1097 0.0335
vn 0.9701 0.1401 0.1984
vn -0.9939 0.1097 -0.0102
vn 0.9692 0.2097 0.1288
vn -0.9944 0.0930 -0.0505
vn 0.9682 0.2474 0.0379
vn -0.9948 0.0621 -0.0813
vn -0.9949 0.0218 -0.0980
vn 0.9670 0.2474 -0.0605
vn 0.9647 -0.0492 -0.2587
vn -0.9944 -0.0930 -0.0505
vn 0.9660 0.2097 -0.1515
vn -0.9948 -0.0621 -0.0813
vn -0.0098 -0.1951 -0.9807
vn -0.0098 0.1951 -0.9807
vn -0.0083 0.5556 -0.8314
vn -0.0056 0.8315 -0.5556
vn -0.0019 0.9808 -0.1951
vn 0.0019 0.9808 0.1951
vn 0.0083 0.5556 0.8314
vn 0.0056 0.8315 0.5556
vn -0.9999 -0.0000 0.0117
vn -0.0086 0.5556 -0.8314
vn 0.0086 -0.5556 0.8314
vn 0.0101 -0.1951 0.9807
vn 0.0101 0.1951 0.9807
vn -0.0101 0.1951 -0.9807
vn -0.0086 -0.5556 -0.8314
vn 0.0086 0.5556 0.8314
vn 0.0057 0.8315 0.5556
vn -0.0020 -0.9808 -0.1951
vn 0.0020 0.9808 0.1951
vn 0.0020 -0.9808 0.1951
vn -0.0020 0.9808 -0.1951
vn 0.0057 -0.8315 0.5556
vn -0.0083 -0.5556 -0.8314
vn -0.0056 -0.8315 -0.5556
vn -0.0019 -0.9808 -0.1951
vn 0.0019 -0.9808 0.1951
vn 0.0098 0.1951 0.9807
vn 0.0056 -0.8315 0.5556
vn 0.0083 -0.5556 0.8314
vn 0.0098 -0.1951 0.9807
vn -0.0101 -0.1951 -0.9807
vn 0.0083 0.7071 0.7071
vn -0.9960 0.0682 0.0573
vn -0.9971 -0.0682 -0.0339
vn -0.0083 0.7071 -0.7071
vn 0.0045 0.9239 0.3827
vn -0.9958 -0.0456 0.0799
vn -0.0117 -0.0000 -0.9999
vn -0.9974 0.0456 -0.0565
vn -0.0083 -0.7071 -0.7071
vn -0.9912 0.0236 0.1303
vt 0.000000 0.000000
s 0
usemtl Material.021
f 5017/244/783 5163/244/783 5167/244/783 5020/244/783
f 4964/244/785 5109/244/785 5115/244/785 4968/244/785
f 5014/244/786 5156/244/786 5160/244/786 5016/244/786
f 5010/244/789 5152/244/789 5157/244/789 5013/244/789
f 5006/244/791 5148/244/791 5153/244/791 5009/244/791
f 5002/244/793 5144/244/793 5149/244/793 5005/244/793
f 4998/244/795 5140/244/795 5145/244/795 5001/244/795
f 5021/244/836 5166/244/836 5171/244/836 5024/244/836
f 5025/244/837 5170/244/837 5110/244/837 4967/244/837
f 4973/244/840 5118/244/840 5123/244/840 4976/244/840
f 4969/244/842 5114/244/842 5119/244/842 4972/244/842
f 4977/244/843 5122/244/843 5127/244/843 4980/244/843
f 4981/244/845 5126/244/845 5131/244/845 4984/244/845
f 4985/244/847 5130/244/847 5135/244/847 4988/244/847
f 4989/244/849 5134/244/849 5137/244/849 4993/244/849
f 4994/244/851 5136/244/851 5141/244/851 4997/244/851
f 4964/244/852 4965/244/852 4966/244/852 4967/244/852
f 4968/244/852 4969/244/852 4970/244/852 4971/244/852
f 4972/244/852 4973/244/852 4974/244/852 4975/244/852
f 4976/244/852 4977/244/852 4978/244/852 4979/244/852
f 4980/244/852 4981/244/852 4982/244/852 4983/244/852
f 4984/244/852 4985/244/852 4986/244/852 4987/244/852
f 4988/244/852 4989/244/852 4990/244/852 4991/244/852
f 5016/244/852 5017/244/852 5018/244/852 5019/244/852
f 5020/244/852 5021/244/852 5022/244/852 5023/244/852
f 5024/244/852 5025/244/852 5026/244/852 5027/244/852
f 5136/244/852 5137/244/852 5138/244/852 5139/244/852
f 5140/244/852 5141/244/852 5142/244/852 5143/244/852
f 5144/244/852 5145/244/852 5146/244/852 5147/244/852
f 5148/244/852 5149/244/852 5150/244/852 5151/244/852
f 5152/244/852 5153/244/852 5154/244/852 5155/244/852
f 5156/244/852 5157/244/852 5158/244/852 5159/244/852
f 5160/244/852 5161/244/852 5162/244/852 5163/244/852
f 5013/244/852 5157/244/852 5156/244/852 5014/244/852
f 5009/244/852 5153/244/852 5152/244/852 5010/244/852
f 5005/244/852 5149/244/852 5148/244/852 5006/244/852
f 5001/244/852 5145/244/852 5144/244/852 5002/244/852
f 5136/244/852 4994/244/852 4993/244/852 5137/244/852
f 4997/244/852 5141/244/852 5140/244/852 4998/244/852
f 5115/244/852 5109/244/852 5108/244/852 5112/244/852
f 5119/244/852 5114/244/852 5113/244/852 5116/244/852
f 5123/244/852 5118/244/852 5117/244/852 5120/244/852
f 5127/244/852 5122/244/852 5121/244/852 5124/244/852
f 5131/244/852 5126/244/852 5125/244/852 5128/244/852
f 5135/244/852 5130/244/852 5129/244/852 5132/244/852
f 5137/244/852 5134/244/852 5133/244/852 5138/244/852
f 5141/244/852 5136/244/852 5139/244/852 5142/244/852
f 5145/244/852 5140/244/852 5143/244/852 5146/244/852
f 5149/244/852 5144/244/852 5147/244/852 5150/244/852
f 5153/244/852 5148/244/852 5151/244/852 5154/244/852
f 5157/244/852 5152/244/852 5155/244/852 5158/244/852
f 5160/244/852 5156/244/852 5159/244/852 5161/244/852
f 5167/244/852 5163/244/852 5162/244/852 5164/244/852
f 5171/244/852 5166/244/852 5165/244/852 5168/244/852
f 5110/244/852 5170/244/852 5169/244/852 5111/244/852
f 5016/244/852 5160/244/852 5163/244/852 5017/244/852
f 5020/244/852 5167/244/852 5166/244/852 5021/244/852
f 4968/244/852 5115/244/852 5114/244/852 4969/244/852
f 5109/244/852 4964/244/852 4967/244/852 5110/244/852
f 5024/244/852 5171/244/852 5170/244/852 5025/244/852
f 4972/244/852 5119/244/852 5118/244/852 4973/244/852
f 4976/244/852 5123/244/852 5122/244/852 4977/244/852
f 4980/244/852 5127/244/852 5126/244/852 4981/244/852
f 4984/244/852 5131/244/852 5130/244/852 4985/244/852
f 4988/244/852 5135/244/852 5134/244/852 4989/244/852
f 5855/244/852 5752/244/852 5755/244/852 5854/244/852
usemtl Material.009
f 4828/244/765 4956/244/765 4953/244/765 4827/244/765
f 4800/244/766 4929/244/766 4926/244/766 4799/244/766
f 4832/244/767 4960/244/767 4957/244/767 4831/244/767
f 4804/244/768 4933/244/768 4930/244/768 4803/244/768
f 4836/244/769 4965/244/769 4971/244/769 4840/244/769
f 4808/244/770 4936/244/770 4934/244/770 4807/244/770
f 4773/244/771 4903/244/771 4961/244/771 4835/244/771
f 4777/244/772 4775/244/772 4837/244/772 4843/244/772
f 4812/244/773 4940/244/773 4937/244/773 4811/244/773
f 4784/244/774 4913/244/774 4909/244/774 4783/244/774
f 4816/244/775 4944/244/775 4941/244/775 4815/244/775
f 4788/244/776 4917/244/776 4914/244/776 4787/244/776
f 4820/244/777 4948/244/777 4945/244/777 4819/244/777
f 4792/244/778 4921/244/778 4918/244/778 4791/244/778
f 4824/244/779 4952/244/779 4949/244/779 4823/244/779
f 4796/244/780 4925/244/780 4922/244/780 4795/244/780
f 4801/244/798 4798/244/798 4862/244/798 4867/244/798
f 4857/244/799 4986/244/799 4991/244/799 4860/244/799
f 4841/244/800 4970/244/800 4975/244/800 4844/244/800
f 4805/244/801 4802/244/801 4866/244/801 4871/244/801
f 4861/244/802 4990/244/802 4992/244/802 4864/244/802
f 4809/244/803 4806/244/803 4870/244/803 4875/244/803
f 4865/244/804 4995/244/804 4996/244/804 4868/244/804
f 4813/244/805 4810/244/805 4874/244/805 4879/244/805
f 4869/244/806 4999/244/806 5000/244/806 4872/244/806
f 4817/244/807 4814/244/807 4878/244/807 4883/244/807
f 4873/244/808 5003/244/808 5004/244/808 4876/244/808
f 4821/244/809 4818/244/809 4882/244/809 4887/244/809
f 4877/244/810 5007/244/810 5008/244/810 4880/244/810
f 4825/244/811 4822/244/811 4886/244/811 4891/244/811
f 4881/244/812 5011/244/812 5012/244/812 4884/244/812
f 4829/244/813 4826/244/813 4890/244/813 4895/244/813
f 4774/244/814 4834/244/814 4898/244/814 4838/244/814
f 4833/244/815 4830/244/815 4894/244/815 4899/244/815
f 4781/244/816 4778/244/816 4842/244/816 4847/244/816
f 4780/244/817 4908/244/817 4905/244/817 4779/244/817
f 4785/244/818 4782/244/818 4846/244/818 4851/244/818
f 4897/244/819 5026/244/819 4966/244/819 4839/244/819
f 4885/244/820 5015/244/820 5019/244/820 4888/244/820
f 4789/244/821 4786/244/821 4850/244/821 4855/244/821
f 4845/244/822 4974/244/822 4979/244/822 4848/244/822
f 4889/244/823 5018/244/823 5023/244/823 4892/244/823
f 4793/244/824 4790/244/824 4854/244/824 4859/244/824
f 4849/244/825 4978/244/825 4983/244/825 4852/244/825
f 4893/244/826 5022/244/826 5027/244/826 4896/244/826
f 4797/244/827 4794/244/827 4858/244/827 4863/244/827
f 4853/244/828 4982/244/828 4987/244/828 4856/244/828
f 4772/244/852 4773/244/852 4774/244/852 4775/244/852
f 4776/244/852 4777/244/852 4778/244/852 4779/244/852
f 4780/244/852 4781/244/852 4782/244/852 4783/244/852
f 4784/244/852 4785/244/852 4786/244/852 4787/244/852
f 4788/244/852 4789/244/852 4790/244/852 4791/244/852
f 4792/244/852 4793/244/852 4794/244/852 4795/244/852
f 4796/244/852 4797/244/852 4798/244/852 4799/244/852
f 4800/244/852 4801/244/852 4802/244/852 4803/244/852
f 4804/244/852 4805/244/852 4806/244/852 4807/244/852
f 4808/244/852 4809/244/852 4810/244/852 4811/244/852
f 4812/244/852 4813/244/852 4814/244/852 4815/244/852
f 4816/244/852 4817/244/852 4818/244/852 4819/244/852
f 4820/244/852 4821/244/852 4822/244/852 4823/244/852
f 4824/244/852 4825/244/852 4826/244/852 4827/244/852
f 4828/244/852 4829/244/852 4830/244/852 4831/244/852
f 4832/244/852 4833/244/852 4834/244/852 4835/244/852
f 4836/244/852 4837/244/852 4838/244/852 4839/244/852
f 4840/244/852 4841/244/852 4842/244/852 4843/244/852
f 4844/244/852 4845/244/852 4846/244/852 4847/244/852
f 4848/244/852 4849/244/852 4850/244/852 4851/244/852
f 4852/244/852 4853/244/852 4854/244/852 4855/244/852
f 4856/244/852 4857/244/852 4858/244/852 4859/244/852
f 4860/244/852 4861/244/852 4862/244/852 4863/244/852
f 4864/244/852 4865/244/852 4866/244/852 4867/244/852
f 4868/244/852 4869/244/852 4870/244/852 4871/244/852
f 4872/244/852 4873/244/852 4874/244/852 4875/244/852
f 4876/244/852 4877/244/852 4878/244/852 4879/244/852
f 4880/244/852 4881/244/852 4882/244/852 4883/244/852
f 4884/244/852 4885/244/852 4886/244/852 4887/244/852
f 4888/244/852 4889/244/852 4890/244/852 4891/244/852
f 4892/244/852 4893/244/852 4894/244/852 4895/244/852
f 4896/244/852 4897/244/852 4898/244/852 4899/244/852
f 4900/244/852 4901/244/852 4902/244/852 4903/244/852
f 4904/244/852 4905/244/852 4906/244/852 4907/244/852
f 4908/244/852 4909/244/852 4910/244/852 4911/244/852
f 4936/244/852 4937/244/852 4938/244/852 4939/244/852
f 4940/244/852 4941/244/852 4942/244/852 4943/244/852
f 4944/244/852 4945/244/852 4946/244/852 4947/244/852
f 4948/244/852 4949/244/852 4950/244/852 4951/244/852
f 4952/244/852 4953/244/852 4954/244/852 4955/244/852
f 4956/244/852 4957/244/852 4958/244/852 4959/244/852
f 4960/244/852 4961/244/852 4962/244/852 4963/244/852
f 4992/244/852 4993/244/852 4994/244/852 4995/244/852
f 4996/244/852 4997/244/852 4998/244/852 4999/244/852
f 5000/244/852 5001/244/852 5002/244/852 5003/244/852
f 5004/244/852 5005/244/852 5006/244/852 5007/244/852
f 5008/244/852 5009/244/852 5010/244/852 5011/244/852
f 5012/244/852 5013/244/852 5014/244/852 5015/244/852
f 4776/244/852 4772/244/852 4775/244/852 4777/244/852
f 4780/244/852 4779/244/852 4778/244/852 4781/244/852
f 4784/244/852 4783/244/852 4782/244/852 4785/244/852
f 4788/244/852 4787/244/852 4786/244/852 4789/244/852
f 4792/244/852 4791/244/852 4790/244/852 4793/244/852
f 4796/244/852 4795/244/852 4794/244/852 4797/244/852
f 4800/244/852 4799/244/852 4798/244/852 4801/244/852
f 4804/244/852 4803/244/852 4802/244/852 4805/244/852
f 4808/244/852 4807/244/852 4806/244/852 4809/244/852
f 4812/244/852 4811/244/852 4810/244/852 4813/244/852
f 4816/244/852 4815/244/852 4814/244/852 4817/244/852
f 4820/244/852 4819/244/852 4818/244/852 4821/244/852
f 4824/244/852 4823/244/852 4822/244/852 4825/244/852
f 4828/244/852 4827/244/852 4826/244/852 4829/244/852
f 4832/244/852 4831/244/852 4830/244/852 4833/244/852
f 4773/244/852 4835/244/852 4834/244/852 4774/244/852
f 4843/244/852 4837/244/852 4836/244/852 4840/244/852
f 4847/244/852 4842/244/852 4841/244/852 4844/244/852
f 4851/244/852 4846/244/852 4845/244/852 4848/244/852
f 4855/244/852 4850/244/852 4849/244/852 4852/244/852
f 4859/244/852 4854/244/852 4853/244/852 4856/244/852
f 4863/244/852 4858/244/852 4857/244/852 4860/244/852
f 4867/244/852 4862/244/852 4861/244/852 4864/244/852
f 4871/244/852 4866/244/852 4865/244/852 4868/244/852
f 4875/244/852 4870/244/852 4869/244/852 4872/244/852
f 4879/244/852 4874/244/852 4873/244/852 4876/244/852
f 4883/244/852 4878/244/852 4877/244/852 4880/244/852
f 4887/244/852 4882/244/852 4881/244/852 4884/244/852
f 4891/244/852 4886/244/852 4885/244/852 4888/244/852
f 4895/244/852 4890/244/852 4889/244/852 4892/244/852
f 4899/244/852 4894/244/852 4893/244/852 4896/244/852
f 4838/244/852 4898/244/852 4897/244/852 4839/244/852
f 4821/244/852 4887/244/852 4886/244/852 4822/244/852
f 4890/244/852 4826/244/852 4825/244/852 4891/244/852
f 4793/244/852 4859/244/852 4858/244/852 4794/244/852
f 4862/244/852 4798/244/852 4797/244/852 4863/244/852
f 4894/244/852 4830/244/852 4829/244/852 4895/244/852
f 4866/244/852 4802/244/852 4801/244/852 4867/244/852
f 4898/244/852 4834/244/852 4833/244/852 4899/244/852
f 4870/244/852 4806/244/852 4805/244/852 4871/244/852
f 4774/244/852 4838/244/852 4837/244/852 4775/244/852
f 4842/244/852 4778/244/852 4777/244/852 4843/244/852
f 4874/244/852 4810/244/852 4809/244/852 4875/244/852
f 4846/244/852 4782/244/852 4781/244/852 4847/244/852
f 4878/244/852 4814/244/852 4813/244/852 4879/244/852
f 4850/244/852 4786/244/852 4785/244/852 4851/244/852
f 4882/244/852 4818/244/852 4817/244/852 4883/244/852
f 4854/244/852 4790/244/852 4789/244/852 4855/244/852
f 4971/244/852 4965/244/852 4964/244/852 4968/244/852
f 4975/244/852 4970/244/852 4969/244/852 4972/244/852
f 4979/244/852 4974/244/852 4973/244/852 4976/244/852
f 4983/244/852 4978/244/852 4977/244/852 4980/244/852
f 4987/244/852 4982/244/852 4981/244/852 4984/244/852
f 4991/244/852 4986/244/852 4985/244/852 4988/244/852
f 4992/244/852 4990/244/852 4989/244/852 4993/244/852
f 4996/244/852 4995/244/852 4994/244/852 4997/244/852
f 5000/244/852 4999/244/852 4998/244/852 5001/244/852
f 5004/244/852 5003/244/852 5002/244/852 5005/244/852
f 5008/244/852 5007/244/852 5006/244/852 5009/244/852
f 5012/244/852 5011/244/852 5010/244/852 5013/244/852
f 5019/244/852 5015/244/852 5014/244/852 5016/244/852
f 5023/244/852 5018/244/852 5017/244/852 5020/244/852
f 5027/244/852 5022/244/852 5021/244/852 5024/244/852
f 4966/244/852 5026/244/852 5025/244/852 4967/244/852
f 4896/244/852 5027/244/852 5026/244/852 4897/244/852
f 5022/244/852 4893/244/852 4892/244/852 5023/244/852
f 4799/244/852 4926/244/852 4925/244/852 4796/244/852
f 4929/244/852 4800/244/852 4803/244/852 4930/244/852
f 4856/244/852 4987/244/852 4986/244/852 4857/244/852
f 4982/244/852 4853/244/852 4852/244/852 4983/244/852
f 4839/244/852 4966/244/852 4965/244/852 4836/244/852
f 4933/244/852 4804/244/852 4807/244/852 4934/244/852
f 4860/244/852 4991/244/852 4990/244/852 4861/244/852
f 4936/244/852 4808/244/852 4811/244/852 4937/244/852
f 4864/244/852 4992/244/852 4995/244/852 4865/244/852
f 4940/244/852 4812/244/852 4815/244/852 4941/244/852
f 4868/244/852 4996/244/852 4999/244/852 4869/244/852
f 4944/244/852 4816/244/852 4819/244/852 4945/244/852
f 4872/244/852 5000/244/852 5003/244/852 4873/244/852
f 4948/244/852 4820/244/852 4823/244/852 4949/244/852
f 4876/244/852 5004/244/852 5007/244/852 4877/244/852
f 4952/244/852 4824/244/852 4827/244/852 4953/244/852
f 4880/244/852 5008/244/852 5011/244/852 4881/244/852
f 4956/244/852 4828/244/852 4831/244/852 4957/244/852
f 4772/244/852 4900/244/852 4903/244/852 4773/244/852
f 4904/244/852 4776/244/852 4779/244/852 4905/244/852
f 4960/244/852 4832/244/852 4835/244/852 4961/244/852
f 4908/244/852 4780/244/852 4783/244/852 4909/244/852
f 4913/244/852 4784/244/852 4787/244/852 4914/244/852
f 4840/244/852 4971/244/852 4970/244/852 4841/244/852
f 4884/244/852 5012/244/852 5015/244/852 4885/244/852
f 4917/244/852 4788/244/852 4791/244/852 4918/244/852
f 4844/244/852 4975/244/852 4974/244/852 4845/244/852
f 4888/244/852 5019/244/852 5018/244/852 4889/244/852
f 4921/244/852 4792/244/852 4795/244/852 4922/244/852
f 4848/244/852 4979/244/852 4978/244/852 4849/244/852
f 4776/244/939 4904/244/939 4900/244/939 4772/244/939
usemtl Material.010
f 4916/244/781 5049/244/781 5045/244/781 4915/244/781
f 4911/244/782 5042/244/782 5033/244/782 4906/244/782
f 4912/244/784 5044/244/784 5038/244/784 4910/244/784
f 4902/244/787 5028/244/787 5103/244/787 4962/244/787
f 4963/244/788 5107/244/788 5098/244/788 4958/244/788
f 4959/244/790 5102/244/790 5093/244/790 4954/244/790
f 4955/244/792 5097/244/792 5088/244/792 4950/244/792
f 4951/244/794 5092/244/794 5083/244/794 4946/244/794
f 4947/244/796 5087/244/796 5078/244/796 4942/244/796
f 4907/244/797 5037/244/797 5029/244/797 4901/244/797
f 5165/244/798 5311/244/798 5312/244/798 5168/244/798
f 5053/244/829 5904/244/829 5907/244/829 5051/244/829
f 5031/244/830 5897/244/830 5949/244/830 5172/244/830
f 5162/244/827 5304/244/827 5308/244/827 5164/244/827
f 5177/244/831 5946/244/831 5893/244/831 5035/244/831
f 5081/244/816 5226/244/816 5219/244/816 5074/244/816
f 5159/244/824 5300/244/824 5305/244/824 5161/244/824
f 5052/244/832 5909/244/832 5974/244/832 5193/244/832
f 5237/244/833 5955/244/833 5929/244/833 5095/244/833
f 5155/244/821 5296/244/821 5301/244/821 5158/244/821
f 5096/244/834 5928/244/834 5931/244/834 5089/244/834
f 5151/244/818 5292/244/818 5297/244/818 5154/244/818
f 5227/244/835 5961/244/835 5923/244/835 5085/244/835
f 5147/244/816 5288/244/816 5293/244/816 5150/244/816
f 5212/244/801 5348/244/801 5345/244/801 5210/244/801
f 5143/244/772 5284/244/772 5289/244/772 5146/244/772
f 4920/244/838 5054/244/838 5050/244/838 4919/244/838
f 5036/244/839 5892/244/839 5895/244/839 5030/244/839
f 4924/244/841 5059/244/841 5055/244/841 4923/244/841
f 4928/244/844 5064/244/844 5060/244/844 4927/244/844
f 4932/244/846 5069/244/846 5065/244/846 4931/244/846
f 4939/244/848 5077/244/848 5070/244/848 4935/244/848
f 4943/244/850 5082/244/850 5073/244/850 4938/244/850
f 5258/244/852 5384/244/852 5388/244/852 5260/244/852
f 5202/244/827 5340/244/827 5337/244/827 5200/244/827
f 5261/244/852 5391/244/852 5392/244/852 5264/244/852
f 5322/244/853 5449/244/853 5447/244/853 5318/244/853
f 5194/244/854 5973/244/854 5970/244/854 5197/244/854
f 5314/244/852 5440/244/852 5380/244/852 5254/244/852
f 5310/244/852 5436/244/852 5441/244/852 5313/244/852
f 5196/244/821 5335/244/821 5328/244/821 5190/244/821
f 5185/244/816 5327/244/816 5320/244/816 5179/244/816
f 5307/244/852 5432/244/852 5437/244/852 5309/244/852
f 5183/244/855 5942/244/855 5967/244/855 5187/244/855
f 5255/244/852 5383/244/852 5385/244/852 5257/244/852
f 5303/244/852 5428/244/852 5433/244/852 5306/244/852
f 5175/244/814 5316/244/814 5376/244/814 5249/244/814
f 5243/244/856 5954/244/856 5944/244/856 5251/244/856
f 5299/244/852 5424/244/852 5429/244/852 5302/244/852
f 5169/244/801 5315/244/801 5253/244/801 5111/244/801
f 5188/244/857 5969/244/857 5899/244/857 5047/244/857
f 5173/244/858 5951/244/858 5947/244/858 5181/244/858
f 5117/244/807 5262/244/807 5267/244/807 5120/244/807
f 5076/244/859 5916/244/859 5919/244/859 5071/244/859
f 5113/244/805 5259/244/805 5263/244/805 5116/244/805
f 5121/244/809 5266/244/809 5271/244/809 5124/244/809
f 5198/244/860 5972/244/860 5905/244/860 5057/244/860
f 5125/244/811 5270/244/811 5275/244/811 5128/244/811
f 5040/244/861 5903/244/861 5940/244/861 5182/244/861
f 5129/244/813 5274/244/813 5279/244/813 5132/244/813
f 5208/244/862 5978/244/862 5911/244/862 5067/244/862
f 5133/244/815 5278/244/815 5281/244/815 5138/244/815
f 5101/244/827 5246/244/827 5238/244/827 5094/244/827
f 5139/244/814 5280/244/814 5285/244/814 5142/244/814
f 5218/244/863 5984/244/863 5917/244/863 5075/244/863
f 5356/244/864 5484/244/864 5481/244/864 5355/244/864
f 5405/244/865 5535/244/865 5536/244/865 5408/244/865
f 5352/244/866 5480/244/866 5476/244/866 5350/244/866
f 5402/244/867 5528/244/867 5532/244/867 5404/244/867
f 5351/244/868 5479/244/868 5472/244/868 5346/244/868
f 5398/244/869 5524/244/869 5529/244/869 5401/244/869
f 5347/244/870 5475/244/870 5468/244/870 5342/244/870
f 5394/244/871 5520/244/871 5525/244/871 5397/244/871
f 5387/244/872 5512/244/872 5517/244/872 5389/244/872
f 5343/244/873 5471/244/873 5464/244/873 5338/244/873
f 5390/244/874 5516/244/874 5521/244/874 5393/244/874
f 5448/244/852 5576/244/852 5572/244/852 5444/244/852
f 5339/244/875 5467/244/875 5460/244/875 5333/244/875
f 5443/244/876 5568/244/876 5508/244/876 5381/244/876
f 5439/244/877 5564/244/877 5569/244/877 5442/244/877
f 5334/244/878 5463/244/878 5456/244/878 5329/244/878
f 5265/244/852 5395/244/852 5396/244/852 5268/244/852
f 5211/244/798 5344/244/798 5341/244/798 5206/244/798
f 5269/244/852 5399/244/852 5400/244/852 5272/244/852
f 5205/244/879 5979/244/879 5976/244/879 5207/244/879
f 5273/244/852 5403/244/852 5407/244/852 5276/244/852
f 5215/244/880 5985/244/880 5982/244/880 5217/244/880
f 5277/244/852 5406/244/852 5411/244/852 5282/244/852
f 5225/244/805 5357/244/805 5354/244/805 5220/244/805
f 5283/244/852 5410/244/852 5415/244/852 5286/244/852
f 5223/244/881 5966/244/881 5962/244/881 5231/244/881
f 5287/244/852 5414/244/852 5419/244/852 5290/244/852
f 5235/244/809 5365/244/809 5362/244/809 5229/244/809
f 5291/244/852 5418/244/852 5421/244/852 5294/244/852
f 5233/244/882 5960/244/882 5956/244/882 5241/244/882
f 5295/244/852 5420/244/852 5425/244/852 5298/244/852
f 5245/244/813 5375/244/813 5368/244/813 5239/244/813
f 5553/244/852 5683/244/852 5684/244/852 5556/244/852
f 5500/244/852 5628/244/852 5626/244/852 5499/244/852
f 5550/244/852 5676/244/852 5680/244/852 5552/244/852
f 5496/244/852 5625/244/852 5620/244/852 5494/244/852
f 5546/244/852 5672/244/852 5677/244/852 5549/244/852
f 5495/244/852 5623/244/852 5616/244/852 5490/244/852
f 5542/244/852 5668/244/852 5673/244/852 5545/244/852
f 5491/244/852 5619/244/852 5612/244/852 5486/244/852
f 5538/244/852 5664/244/852 5669/244/852 5541/244/852
f 5487/244/852 5615/244/852 5608/244/852 5482/244/852
f 5534/244/852 5660/244/852 5665/244/852 5537/244/852
f 5483/244/852 5611/244/852 5604/244/852 5477/244/852
f 5531/244/852 5656/244/852 5661/244/852 5533/244/852
f 5478/244/852 5607/244/852 5600/244/852 5473/244/852
f 5527/244/852 5652/244/852 5657/244/852 5530/244/852
f 5474/244/852 5603/244/852 5596/244/852 5469/244/852
f 5409/244/883 5539/244/883 5540/244/883 5412/244/883
f 5360/244/884 5488/244/884 5485/244/884 5359/244/884
f 5413/244/885 5543/244/885 5544/244/885 5416/244/885
f 5364/244/886 5492/244/886 5489/244/886 5363/244/886
f 5417/244/887 5547/244/887 5548/244/887 5422/244/887
f 5370/244/888 5497/244/888 5493/244/888 5367/244/888
f 5423/244/889 5551/244/889 5555/244/889 5426/244/889
f 5374/244/890 5501/244/890 5498/244/890 5369/244/890
f 5427/244/891 5554/244/891 5559/244/891 5430/244/891
f 5378/244/892 5505/244/892 5502/244/892 5373/244/892
f 5319/244/893 5446/244/893 5506/244/893 5377/244/893
f 5431/244/894 5558/244/894 5561/244/894 5434/244/894
f 5382/244/895 5511/244/895 5513/244/895 5386/244/895
f 5330/244/896 5459/244/896 5452/244/896 5325/244/896
f 5435/244/897 5560/244/897 5565/244/897 5438/244/897
f 5326/244/898 5455/244/898 5450/244/898 5321/244/898
f 5602/244/852 5728/244/852 5725/244/852 5597/244/852
f 5651/244/852 5779/244/852 5780/244/852 5654/244/852
f 5642/244/852 5768/244/852 5773/244/852 5645/244/852
f 5598/244/852 5724/244/852 5720/244/852 5593/244/852
f 5646/244/852 5772/244/852 5776/244/852 5650/244/852
f 5706/244/772 5830/244/772 5829/244/772 5702/244/772
f 5594/244/852 5723/244/852 5716/244/852 5590/244/852
f 5698/244/852 5824/244/852 5764/244/852 5638/244/852
f 5694/244/852 5820/244/852 5825/244/852 5697/244/852
f 5591/244/852 5719/244/852 5712/244/852 5586/244/852
f 5583/244/852 5711/244/852 5704/244/852 5578/244/852
f 5690/244/852 5816/244/852 5821/244/852 5693/244/852
f 5587/244/852 5715/244/852 5708/244/852 5582/244/852
f 5639/244/852 5767/244/852 5769/244/852 5641/244/852
f 5686/244/852 5812/244/852 5817/244/852 5689/244/852
f 5574/244/852 5700/244/852 5760/244/852 5634/244/852
f 5504/244/852 5632/244/852 5629/244/852 5503/244/852
f 5445/244/852 5575/244/852 5633/244/852 5507/244/852
f 5557/244/852 5687/244/852 5688/244/852 5562/244/852
f 5510/244/852 5636/244/852 5640/244/852 5514/244/852
f 5458/244/852 5584/244/852 5581/244/852 5453/244/852
f 5563/244/852 5691/244/852 5692/244/852 5566/244/852
f 5454/244/852 5580/244/852 5577/244/852 5451/244/852
f 5462/244/852 5588/244/852 5585/244/852 5457/244/852
f 5567/244/852 5695/244/852 5696/244/852 5570/244/852
f 5571/244/852 5699/244/852 5637/244/852 5509/244/852
f 5466/244/852 5595/244/852 5589/244/852 5461/244/852
f 5579/244/852 5707/244/852 5701/244/852 5573/244/852
f 5519/244/852 5647/244/852 5649/244/852 5522/244/852
f 5470/244/852 5599/244/852 5592/244/852 5465/244/852
f 5515/244/852 5643/244/852 5644/244/852 5518/244/852
f 5523/244/852 5648/244/852 5653/244/852 5526/244/852
f 5797/244/899 5876/244/899 5879/244/899 5800/244/899
f 5744/244/807 5850/244/807 5849/244/807 5743/244/807
f 5793/244/900 5874/244/900 5877/244/900 5796/244/900
f 5740/244/805 5848/244/805 5846/244/805 5738/244/805
f 5790/244/901 5873/244/901 5875/244/901 5792/244/901
f 5739/244/803 5847/244/803 5844/244/803 5734/244/803
f 5786/244/902 5871/244/902 5872/244/902 5789/244/902
f 5735/244/801 5845/244/801 5842/244/801 5730/244/801
f 5782/244/903 5869/244/903 5870/244/903 5785/244/903
f 5731/244/798 5843/244/798 5840/244/798 5726/244/798
f 5778/244/904 5867/244/904 5868/244/904 5781/244/904
f 5771/244/905 5863/244/905 5864/244/905 5774/244/905
f 5727/244/827 5841/244/827 5838/244/827 5721/244/827
f 5775/244/906 5865/244/906 5866/244/906 5777/244/906
f 5832/244/907 5833/244/907 5835/244/907 5834/244/907 5837/244/907 5836/244/907 5839/244/907 5838/244/907 5841/244/907 5840/244/907 5843/244/907 5842/244/907 5845/244/907 5844/244/907 5847/244/907 5846/244/907 5848/244/907 5849/244/907 5850/244/907 5851/244/907 5852/244/907 5853/244/907 5855/244/907 5856/244/907 5858/244/907 5859/244/907 5828/244/907 5829/244/907 5830/244/907 5831/244/907
f 5722/244/824 5839/244/824 5836/244/824 5717/244/824
f 5655/244/852 5783/244/852 5784/244/852 5658/244/852
f 5606/244/852 5732/244/852 5729/244/852 5601/244/852
f 5659/244/852 5787/244/852 5788/244/852 5662/244/852
f 5610/244/852 5736/244/852 5733/244/852 5605/244/852
f 5663/244/852 5791/244/852 5795/244/852 5666/244/852
f 5614/244/852 5741/244/852 5737/244/852 5609/244/852
f 5667/244/852 5794/244/852 5799/244/852 5670/244/852
f 5618/244/852 5745/244/852 5742/244/852 5613/244/852
f 5671/244/852 5798/244/852 5803/244/852 5674/244/852
f 5622/244/852 5749/244/852 5746/244/852 5617/244/852
f 5675/244/852 5802/244/852 5807/244/852 5678/244/852
f 5624/244/852 5753/244/852 5750/244/852 5621/244/852
f 5679/244/852 5806/244/852 5809/244/852 5681/244/852
f 5631/244/852 5759/244/852 5754/244/852 5627/244/852
f 5682/244/852 5808/244/852 5813/244/852 5685/244/852
f 5635/244/852 5763/244/852 5756/244/852 5630/244/852
f 5858/244/908 5890/244/908 5888/244/908 5856/244/908
f 5843/244/909 5875/244/909 5873/244/909 5840/244/909
f 5845/244/910 5877/244/910 5874/244/910 5842/244/910
f 5864/244/907 5865/244/907 5866/244/907 5867/244/907 5868/244/907 5869/244/907 5870/244/907 5871/244/907 5872/244/907 5873/244/907 5875/244/907 5874/244/907 5877/244/907 5876/244/907 5879/244/907 5878/244/907 5881/244/907 5880/244/907 5883/244/907 5882/244/907 5885/244/907 5884/244/907 5887/244/907 5888/244/907 5890/244/907 5891/244/907 5860/244/907 5861/244/907 5862/244/907 5863/244/907
f 5847/244/911 5879/244/911 5876/244/911 5844/244/911
f 5828/244/912 5860/244/912 5891/244/912 5859/244/912
f 5832/244/913 5864/244/913 5863/244/913 5831/244/913
f 5848/244/914 5881/244/914 5878/244/914 5846/244/914
f 5835/244/915 5833/244/915 5865/244/915 5866/244/915
f 5850/244/915 5883/244/915 5880/244/915 5849/244/915
f 5837/244/916 5868/244/916 5867/244/916 5834/244/916
f 5852/244/917 5885/244/917 5882/244/917 5851/244/917
f 5839/244/918 5870/244/918 5869/244/918 5836/244/918
f 5855/244/919 5887/244/919 5884/244/919 5853/244/919
f 5841/244/920 5872/244/920 5871/244/920 5838/244/920
f 5748/244/809 5852/244/809 5851/244/809 5747/244/809
f 5801/244/921 5878/244/921 5881/244/921 5804/244/921
f 5752/244/811 5855/244/811 5853/244/811 5751/244/811
f 5805/244/922 5880/244/922 5883/244/922 5810/244/922
f 5758/244/813 5857/244/813 5854/244/813 5755/244/813
f 5811/244/923 5882/244/923 5885/244/923 5814/244/923
f 5762/244/815 5858/244/815 5856/244/815 5757/244/815
f 5703/244/814 5828/244/814 5859/244/814 5761/244/814
f 5815/244/924 5884/244/924 5887/244/924 5886/244/924 5818/244/924
f 5766/244/925 5861/244/925 5862/244/925 5770/244/925
f 5714/244/818 5835/244/818 5833/244/818 5709/244/818
f 5819/244/926 5886/244/926 5889/244/926 5822/244/926
f 5710/244/816 5832/244/816 5831/244/816 5705/244/816
f 5718/244/821 5837/244/821 5834/244/821 5713/244/821
f 5823/244/927 5889/244/927 5888/244/927 5890/244/927 5826/244/927
f 5827/244/928 5891/244/928 5860/244/928 5765/244/928
f 5830/244/929 5862/244/929 5861/244/929 5829/244/929
f 5894/244/803 5948/244/803 5950/244/803 5896/244/803
f 5906/244/811 5971/244/811 5975/244/811 5908/244/811
f 5900/244/807 5968/244/807 5941/244/807 5902/244/807
f 5936/244/798 5945/244/798 5953/244/798 5938/244/798
f 5930/244/824 5957/244/824 5959/244/824 5932/244/824
f 5912/244/815 5977/244/815 5981/244/815 5914/244/815
f 5918/244/772 5983/244/772 5987/244/772 5920/244/772
f 5924/244/818 5963/244/818 5965/244/818 5926/244/818
f 5091/244/821 5236/244/821 5228/244/821 5084/244/821
f 5221/244/803 5353/244/803 5349/244/803 5216/244/803
f 5062/244/930 5915/244/930 5980/244/930 5204/244/930
f 5048/244/809 5192/244/809 5189/244/809 5046/244/809
f 5086/244/931 5922/244/931 5925/244/931 5079/244/931
f 5230/244/807 5361/244/807 5358/244/807 5224/244/807
f 5108/244/803 5252/244/803 5256/244/803 5112/244/803
f 5072/244/852 5921/244/852 5986/244/852 5214/244/852
f 5058/244/813 5203/244/813 5199/244/813 5056/244/813
f 5240/244/811 5371/244/811 5366/244/811 5234/244/811
f 5043/244/932 5898/244/932 5901/244/932 5039/244/932
f 5080/244/933 5927/244/933 5964/244/933 5222/244/933
f 5041/244/805 5186/244/805 5178/244/805 5034/244/805
f 5180/244/772 5323/244/772 5317/244/772 5174/244/772
f 5250/244/815 5379/244/815 5372/244/815 5244/244/815
f 5247/244/934 5943/244/934 5935/244/934 5105/244/934
f 5063/244/935 5910/244/935 5913/244/935 5061/244/935
f 5090/244/936 5933/244/936 5958/244/936 5232/244/936
f 5191/244/818 5331/244/818 5324/244/818 5184/244/818
f 5106/244/937 5934/244/937 5937/244/937 5099/244/937
f 5032/244/801 5176/244/801 5248/244/801 5104/244/801
f 5068/244/814 5213/244/814 5209/244/814 5066/244/814
f 5100/244/938 5939/244/938 5952/244/938 5242/244/938
f 5201/244/824 5336/244/824 5332/244/824 5195/244/824
f 4912/244/852 4913/244/852 4914/244/852 4915/244/852
f 4916/244/852 4917/244/852 4918/244/852 4919/244/852
f 4920/244/852 4921/244/852 4922/244/852 4923/244/852
f 4924/244/852 4925/244/852 4926/244/852 4927/244/852
f 4928/244/852 4929/244/852 4930/244/852 4931/244/852
f 4932/244/852 4933/244/852 4934/244/852 4935/244/852
f 5028/244/852 5029/244/852 5030/244/852 5031/244/852 5032/244/852
f 5033/244/852 5034/244/852 5035/244/852 5036/244/852 5037/244/852
f 5038/244/852 5039/244/852 5040/244/852 5041/244/852 5042/244/852
f 5043/244/852 5044/244/852 5045/244/852 5046/244/852 5047/244/852
f 5048/244/852 5049/244/852 5050/244/852 5051/244/852 5052/244/852
f 5053/244/852 5054/244/852 5055/244/852 5056/244/852 5057/244/852
f 5058/244/852 5059/244/852 5060/244/852 5061/244/852 5062/244/852
f 5063/244/852 5064/244/852 5065/244/852 5066/244/852 5067/244/852
f 5068/244/852 5069/244/852 5070/244/852 5071/244/852 5072/244/852
f 5073/244/852 5074/244/852 5075/244/852 5076/244/852 5077/244/852
f 5078/244/852 5079/244/852 5080/244/852 5081/244/852 5082/244/852
f 5083/244/852 5084/244/852 5085/244/852 5086/244/852 5087/244/852
f 5088/244/852 5089/244/852 5090/244/852 5091/244/852 5092/244/852
f 5093/244/852 5094/244/852 5095/244/852 5096/244/852 5097/244/852
f 5098/244/852 5099/244/852 5100/244/852 5101/244/852 5102/244/852
f 5103/244/852 5104/244/852 5105/244/852 5106/244/852 5107/244/852
f 5108/244/852 5109/244/852 5110/244/852 5111/244/852
f 5112/244/852 5113/244/852 5114/244/852 5115/244/852
f 5116/244/852 5117/244/852 5118/244/852 5119/244/852
f 5120/244/852 5121/244/852 5122/244/852 5123/244/852
f 5124/244/852 5125/244/852 5126/244/852 5127/244/852
f 5128/244/852 5129/244/852 5130/244/852 5131/244/852
f 5132/244/852 5133/244/852 5134/244/852 5135/244/852
f 5164/244/852 5165/244/852 5166/244/852 5167/244/852
f 5168/244/852 5169/244/852 5170/244/852 5171/244/852
f 5172/244/852 5173/244/852 5174/244/852 5175/244/852 5176/244/852
f 5177/244/852 5178/244/852 5179/244/852 5180/244/852 5181/244/852
f 5182/244/852 5183/244/852 5184/244/852 5185/244/852 5186/244/852
f 5187/244/852 5188/244/852 5189/244/852 5190/244/852 5191/244/852
f 5192/244/852 5193/244/852 5194/244/852 5195/244/852 5196/244/852
f 5197/244/852 5198/244/852 5199/244/852 5200/244/852 5201/244/852
f 5202/244/852 5203/244/852 5204/244/852 5205/244/852 5206/244/852
f 5207/244/852 5208/244/852 5209/244/852 5210/244/852 5211/244/852
f 5212/244/852 5213/244/852 5214/244/852 5215/244/852 5216/244/852
f 5217/244/852 5218/244/852 5219/244/852 5220/244/852 5221/244/852
f 5222/244/852 5223/244/852 5224/244/852 5225/244/852 5226/244/852
f 5227/244/852 5228/244/852 5229/244/852 5230/244/852 5231/244/852
f 5232/244/852 5233/244/852 5234/244/852 5235/244/852 5236/244/852
f 5237/244/852 5238/244/852 5239/244/852 5240/244/852 5241/244/852
f 5242/244/852 5243/244/852 5244/244/852 5245/244/852 5246/244/852
f 5247/244/852 5248/244/852 5249/244/852 5250/244/852 5251/244/852
f 5252/244/852 5253/244/852 5254/244/852 5255/244/852
f 5256/244/852 5257/244/852 5258/244/852 5259/244/852
f 5260/244/852 5261/244/852 5262/244/852 5263/244/852
f 5264/244/852 5265/244/852 5266/244/852 5267/244/852
f 5268/244/852 5269/244/852 5270/244/852 5271/244/852
f 5272/244/852 5273/244/852 5274/244/852 5275/244/852
f 5276/244/852 5277/244/852 5278/244/852 5279/244/852
f 5280/244/852 5281/244/852 5282/244/852 5283/244/852
f 5284/244/852 5285/244/852 5286/244/852 5287/244/852
f 5288/244/852 5289/244/852 5290/244/852 5291/244/852
f 5292/244/852 5293/244/852 5294/244/852 5295/244/852
f 5296/244/852 5297/244/852 5298/244/852 5299/244/852
f 5300/244/852 5301/244/852 5302/244/852 5303/244/852
f 5304/244/852 5305/244/852 5306/244/852 5307/244/852
f 5308/244/852 5309/244/852 5310/244/852 5311/244/852
f 5312/244/852 5313/244/852 5314/244/852 5315/244/852
f 5316/244/852 5317/244/852 5318/244/852 5319/244/852
f 5320/244/852 5321/244/852 5322/244/852 5323/244/852
f 5324/244/852 5325/244/852 5326/244/852 5327/244/852
f 5328/244/852 5329/244/852 5330/244/852 5331/244/852
f 5332/244/852 5333/244/852 5334/244/852 5335/244/852
f 5336/244/852 5337/244/852 5338/244/852 5339/244/852
f 5340/244/852 5341/244/852 5342/244/852 5343/244/852
f 5344/244/852 5345/244/852 5346/244/852 5347/244/852
f 5348/244/852 5349/244/852 5350/244/852 5351/244/852
f 5352/244/852 5353/244/852 5354/244/852 5355/244/852
f 5356/244/852 5357/244/852 5358/244/852 5359/244/852
f 5360/244/852 5361/244/852 5362/244/852 5363/244/852
f 5364/244/852 5365/244/852 5366/244/852 5367/244/852
f 5368/244/852 5369/244/852 5370/244/852 5371/244/852
f 5372/244/852 5373/244/852 5374/244/852 5375/244/852
f 5376/244/852 5377/244/852 5378/244/852 5379/244/852
f 5380/244/852 5381/244/852 5382/244/852 5383/244/852
f 5384/244/852 5385/244/852 5386/244/852 5387/244/852
f 5388/244/852 5389/244/852 5390/244/852 5391/244/852
f 5392/244/852 5393/244/852 5394/244/852 5395/244/852
f 5396/244/852 5397/244/852 5398/244/852 5399/244/852
f 5400/244/852 5401/244/852 5402/244/852 5403/244/852
f 5404/244/852 5405/244/852 5406/244/852 5407/244/852
f 5408/244/852 5409/244/852 5410/244/852 5411/244/852
f 5412/244/852 5413/244/852 5414/244/852 5415/244/852
f 5416/244/852 5417/244/852 5418/244/852 5419/244/852
f 5420/244/852 5421/244/852 5422/244/852 5423/244/852
f 5424/244/852 5425/244/852 5426/244/852 5427/244/852
f 5428/244/852 5429/244/852 5430/244/852 5431/244/852
f 5432/244/852 5433/244/852 5434/244/852 5435/244/852
f 5436/244/852 5437/244/852 5438/244/852 5439/244/852
f 5440/244/852 5441/244/852 5442/244/852 5443/244/852
f 5444/244/852 5445/244/852 5446/244/852 5447/244/852
f 5448/244/852 5449/244/852 5450/244/852 5451/244/852
f 5452/244/852 5453/244/852 5454/244/852 5455/244/852
f 5456/244/852 5457/244/852 5458/244/852 5459/244/852
f 5460/244/852 5461/244/852 5462/244/852 5463/244/852
f 5464/244/852 5465/244/852 5466/244/852 5467/244/852
f 5468/244/852 5469/244/852 5470/244/852 5471/244/852
f 5472/244/852 5473/244/852 5474/244/852 5475/244/852
f 5476/244/852 5477/244/852 5478/244/852 5479/244/852
f 5480/244/852 5481/244/852 5482/244/852 5483/244/852
f 5484/244/852 5485/244/852 5486/244/852 5487/244/852
f 5488/244/852 5489/244/852 5490/244/852 5491/244/852
f 5492/244/852 5493/244/852 5494/244/852 5495/244/852
f 5496/244/852 5497/244/852 5498/244/852 5499/244/852
f 5500/244/852 5501/244/852 5502/244/852 5503/244/852
f 5504/244/852 5505/244/852 5506/244/852 5507/244/852
f 5508/244/852 5509/244/852 5510/244/852 5511/244/852
f 5512/244/852 5513/244/852 5514/244/852 5515/244/852
f 5516/244/852 5517/244/852 5518/244/852 5519/244/852
f 5520/244/852 5521/244/852 5522/244/852 5523/244/852
f 5524/244/852 5525/244/852 5526/244/852 5527/244/852
f 5528/244/852 5529/244/852 5530/244/852 5531/244/852
f 5532/244/852 5533/244/852 5534/244/852 5535/244/852
f 5536/244/852 5537/244/852 5538/244/852 5539/244/852
f 5540/244/852 5541/244/852 5542/244/852 5543/244/852
f 5544/244/852 5545/244/852 5546/244/852 5547/244/852
f 5548/244/852 5549/244/852 5550/244/852 5551/244/852
f 5552/244/852 5553/244/852 5554/244/852 5555/244/852
f 5556/244/852 5557/244/852 5558/244/852 5559/244/852
f 5560/244/852 5561/244/852 5562/244/852 5563/244/852
f 5564/244/852 5565/244/852 5566/244/852 5567/244/852
f 5568/244/852 5569/244/852 5570/244/852 5571/244/852
f 5572/244/852 5573/244/852 5574/244/852 5575/244/852
f 5576/244/852 5577/244/852 5578/244/852 5579/244/852
f 5580/244/852 5581/244/852 5582/244/852 5583/244/852
f 5584/244/852 5585/244/852 5586/244/852 5587/244/852
f 5588/244/852 5589/244/852 5590/244/852 5591/244/852
f 5592/244/852 5593/244/852 5594/244/852 5595/244/852
f 5596/244/852 5597/244/852 5598/244/852 5599/244/852
f 5600/244/852 5601/244/852 5602/244/852 5603/244/852
f 5604/244/852 5605/244/852 5606/244/852 5607/244/852
f 5608/244/852 5609/244/852 5610/244/852 5611/244/852
f 5612/244/852 5613/244/852 5614/244/852 5615/244/852
f 5616/244/852 5617/244/852 5618/244/852 5619/244/852
f 5620/244/852 5621/244/852 5622/244/852 5623/244/852
f 5624/244/852 5625/244/852 5626/244/852 5627/244/852
f 5628/244/852 5629/244/852 5630/244/852 5631/244/852
f 5632/244/852 5633/244/852 5634/244/852 5635/244/852
f 5636/244/852 5637/244/852 5638/244/852 5639/244/852
f 5640/244/852 5641/244/852 5642/244/852 5643/244/852
f 5644/244/852 5645/244/852 5646/244/852 5647/244/852
f 5648/244/852 5649/244/852 5650/244/852 5651/244/852
f 5652/244/852 5653/244/852 5654/244/852 5655/244/852
f 5656/244/852 5657/244/852 5658/244/852 5659/244/852
f 5660/244/852 5661/244/852 5662/244/852 5663/244/852
f 5664/244/852 5665/244/852 5666/244/852 5667/244/852
f 5668/244/852 5669/244/852 5670/244/852 5671/244/852
f 5672/244/852 5673/244/852 5674/244/852 5675/244/852
f 5676/244/852 5677/244/852 5678/244/852 5679/244/852
f 5680/244/852 5681/244/852 5682/244/852 5683/244/852
f 5684/244/852 5685/244/852 5686/244/852 5687/244/852
f 5688/244/852 5689/244/852 5690/244/852 5691/244/852
f 5692/244/852 5693/244/852 5694/244/852 5695/244/852
f 5696/244/852 5697/244/852 5698/244/852 5699/244/852
f 5700/244/852 5701/244/852 5702/244/852 5703/244/852
f 5704/244/852 5705/244/852 5706/244/852 5707/244/852
f 5708/244/852 5709/244/852 5710/244/852 5711/244/852
f 5712/244/852 5713/244/852 5714/244/852 5715/244/852
f 5716/244/852 5717/244/852 5718/244/852 5719/244/852
f 5720/244/852 5721/244/852 5722/244/852 5723/244/852
f 5724/244/852 5725/244/852 5726/244/852 5727/244/852
f 5728/244/852 5729/244/852 5730/244/852 5731/244/852
f 5732/244/852 5733/244/852 5734/244/852 5735/244/852
f 5736/244/852 5737/244/852 5738/244/852 5739/244/852
f 5740/244/852 5741/244/852 5742/244/852 5743/244/852
f 5744/244/852 5745/244/852 5746/244/852 5747/244/852
f 5748/244/852 5749/244/852 5750/244/852 5751/244/852
f 5752/244/852 5753/244/852 5754/244/852 5755/244/852
f 5756/244/852 5757/244/852 5758/244/852 5759/244/852
f 5760/244/852 5761/244/852 5762/244/852 5763/244/852
f 5764/244/852 5765/244/852 5766/244/852 5767/244/852
f 5768/244/852 5769/244/852 5770/244/852 5771/244/852
f 5772/244/852 5773/244/852 5774/244/852 5775/244/852
f 5776/244/852 5777/244/852 5778/244/852 5779/244/852
f 5780/244/852 5781/244/852 5782/244/852 5783/244/852
f 5784/244/852 5785/244/852 5786/244/852 5787/244/852
f 5788/244/852 5789/244/852 5790/244/852 5791/244/852
f 5792/244/852 5793/244/852 5794/244/852 5795/244/852
f 5796/244/852 5797/244/852 5798/244/852 5799/244/852
f 5800/244/852 5801/244/852 5802/244/852 5803/244/852
f 5804/244/852 5805/244/852 5806/244/852 5807/244/852
f 5808/244/852 5809/244/852 5810/244/852 5811/244/852
f 5812/244/852 5813/244/852 5814/244/852 5815/244/852
f 5816/244/852 5817/244/852 5818/244/852 5819/244/852
f 5820/244/852 5821/244/852 5822/244/852 5823/244/852
f 5824/244/852 5825/244/852 5826/244/852 5827/244/852
f 5892/244/852 5893/244/852 5894/244/852
f 5895/244/852 5896/244/852 5897/244/852
f 5898/244/852 5899/244/852 5900/244/852
f 5901/244/852 5902/244/852 5903/244/852
f 5904/244/852 5905/244/852 5906/244/852
f 5907/244/852 5908/244/852 5909/244/852
f 5910/244/852 5911/244/852 5912/244/852
f 5913/244/852 5914/244/852 5915/244/852
f 5916/244/852 5917/244/852 5918/244/852
f 5919/244/852 5920/244/852 5921/244/852
f 5922/244/852 5923/244/852 5924/244/852
f 5925/244/852 5926/244/852 5927/244/852
f 5928/244/852 5929/244/852 5930/244/852
f 5931/244/852 5932/244/852 5933/244/852
f 5934/244/852 5935/244/852 5936/244/852
f 5937/244/852 5938/244/852 5939/244/852
f 5940/244/852 5941/244/852 5942/244/852
f 5943/244/852 5944/244/852 5945/244/852
f 5946/244/852 5947/244/852 5948/244/852
f 5949/244/852 5950/244/852 5951/244/852
f 5952/244/852 5953/244/852 5954/244/852
f 5955/244/852 5956/244/852 5957/244/852
f 5958/244/852 5959/244/852 5960/244/852
f 5961/244/852 5962/244/852 5963/244/852
f 5964/244/852 5965/244/852 5966/244/852
f 5967/244/852 5968/244/852 5969/244/852
f 5970/244/852 5971/244/852 5972/244/852
f 5973/244/852 5974/244/852 5975/244/852
f 5976/244/852 5977/244/852 5978/244/852
f 5979/244/852 5980/244/852 5981/244/852
f 5982/244/852 5983/244/852 5984/244/852
f 5985/244/852 5986/244/852 5987/244/852
f 4907/244/852 4901/244/852 4900/244/852 4904/244/852
f 4911/244/852 4906/244/852 4905/244/852 4908/244/852
f 4912/244/852 4910/244/852 4909/244/852 4913/244/852
f 4916/244/852 4915/244/852 4914/244/852 4917/244/852
f 4920/244/852 4919/244/852 4918/244/852 4921/244/852
f 4924/244/852 4923/244/852 4922/244/852 4925/244/852
f 4928/244/852 4927/244/852 4926/244/852 4929/244/852
f 4932/244/852 4931/244/852 4930/244/852 4933/244/852
f 4939/244/852 4935/244/852 4934/244/852 4936/244/852
f 4943/244/852 4938/244/852 4937/244/852 4940/244/852
f 4947/244/852 4942/244/852 4941/244/852 4944/244/852
f 4951/244/852 4946/244/852 4945/244/852 4948/244/852
f 4955/244/852 4950/244/852 4949/244/852 4952/244/852
f 4959/244/852 4954/244/852 4953/244/852 4956/244/852
f 4963/244/852 4958/244/852 4957/244/852 4960/244/852
f 4902/244/852 4962/244/852 4961/244/852 4903/244/852
f 5042/244/852 4911/244/852 4910/244/852 5038/244/852
f 5107/244/852 4963/244/852 4962/244/852 5103/244/852
f 5037/244/852 4907/244/852 4906/244/852 5033/244/852
f 4901/244/852 5029/244/852 5028/244/852 4902/244/852
f 5102/244/852 4959/244/852 4958/244/852 5098/244/852
f 5097/244/852 4955/244/852 4954/244/852 5093/244/852
f 5092/244/852 4951/244/852 4950/244/852 5088/244/852
f 5087/244/852 4947/244/852 4946/244/852 5083/244/852
f 5082/244/852 4943/244/852 4942/244/852 5078/244/852
f 4938/244/852 5073/244/852 5077/244/852 4939/244/852
f 5036/244/852 5030/244/852 5029/244/852 5037/244/852
f 5041/244/852 5034/244/852 5033/244/852 5042/244/852
f 5043/244/852 5039/244/852 5038/244/852 5044/244/852
f 5048/244/852 5046/244/852 5045/244/852 5049/244/852
f 5053/244/852 5051/244/852 5050/244/852 5054/244/852
f 5058/244/852 5056/244/852 5055/244/852 5059/244/852
f 5063/244/852 5061/244/852 5060/244/852 5064/244/852
f 5068/244/852 5066/244/852 5065/244/852 5069/244/852
f 5076/244/852 5071/244/852 5070/244/852 5077/244/852
f 5081/244/852 5074/244/852 5073/244/852 5082/244/852
f 5086/244/852 5079/244/852 5078/244/852 5087/244/852
f 5091/244/852 5084/244/852 5083/244/852 5092/244/852
f 5096/244/852 5089/244/852 5088/244/852 5097/244/852
f 5101/244/852 5094/244/852 5093/244/852 5102/244/852
f 5106/244/852 5099/244/852 5098/244/852 5107/244/852
f 5032/244/852 5104/244/852 5103/244/852 5028/244/852
f 5161/244/852 5305/244/852 5304/244/852 5162/244/852
f 5186/244/852 5041/244/852 5040/244/852 5182/244/852
f 5247/244/852 5105/244/852 5104/244/852 5248/244/852
f 5158/244/852 5301/244/852 5300/244/852 5159/244/852
f 5177/244/852 5035/244/852 5034/244/852 5178/244/852
f 5031/244/852 5172/244/852 5176/244/852 5032/244/852
f 5246/244/852 5101/244/852 5100/244/852 5242/244/852
f 5154/244/852 5297/244/852 5296/244/852 5155/244/852
f 5237/244/852 5095/244/852 5094/244/852 5238/244/852
f 5150/244/852 5293/244/852 5292/244/852 5151/244/852
f 5236/244/852 5091/244/852 5090/244/852 5232/244/852
f 5146/244/852 5289/244/852 5288/244/852 5147/244/852
f 5227/244/852 5085/244/852 5084/244/852 5228/244/852
f 5080/244/852 5222/244/852 5226/244/852 5081/244/852
f 5280/244/852 5139/244/852 5138/244/852 5281/244/852
f 5142/244/852 5285/244/852 5284/244/852 5143/244/852
f 5044/244/852 4912/244/852 4915/244/852 5045/244/852
f 5049/244/852 4916/244/852 4919/244/852 5050/244/852
f 5054/244/852 4920/244/852 4923/244/852 5055/244/852
f 5059/244/852 4924/244/852 4927/244/852 5060/244/852
f 5064/244/852 4928/244/852 4931/244/852 5065/244/852
f 5069/244/852 4932/244/852 4935/244/852 5070/244/852
f 5180/244/852 5174/244/852 5173/244/852 5181/244/852
f 5185/244/852 5179/244/852 5178/244/852 5186/244/852
f 5191/244/852 5184/244/852 5183/244/852 5187/244/852
f 5196/244/852 5190/244/852 5189/244/852 5192/244/852
f 5201/244/852 5195/244/852 5194/244/852 5197/244/852
f 5202/244/852 5200/244/852 5199/244/852 5203/244/852
f 5211/244/852 5206/244/852 5205/244/852 5207/244/852
f 5212/244/852 5210/244/852 5209/244/852 5213/244/852
f 5221/244/852 5216/244/852 5215/244/852 5217/244/852
f 5225/244/852 5220/244/852 5219/244/852 5226/244/852
f 5230/244/852 5224/244/852 5223/244/852 5231/244/852
f 5235/244/852 5229/244/852 5228/244/852 5236/244/852
f 5240/244/852 5234/244/852 5233/244/852 5241/244/852
f 5245/244/852 5239/244/852 5238/244/852 5246/244/852
f 5250/244/852 5244/244/852 5243/244/852 5251/244/852
f 5175/244/852 5249/244/852 5248/244/852 5176/244/852
f 5256/244/852 5252/244/852 5255/244/852 5257/244/852
f 5263/244/852 5259/244/852 5258/244/852 5260/244/852
f 5267/244/852 5262/244/852 5261/244/852 5264/244/852
f 5271/244/852 5266/244/852 5265/244/852 5268/244/852
f 5275/244/852 5270/244/852 5269/244/852 5272/244/852
f 5279/244/852 5274/244/852 5273/244/852 5276/244/852
f 5281/244/852 5278/244/852 5277/244/852 5282/244/852
f 5285/244/852 5280/244/852 5283/244/852 5286/244/852
f 5289/244/852 5284/244/852 5287/244/852 5290/244/852
f 5293/244/852 5288/244/852 5291/244/852 5294/244/852
f 5297/244/852 5292/244/852 5295/244/852 5298/244/852
f 5301/244/852 5296/244/852 5299/244/852 5302/244/852
f 5305/244/852 5300/244/852 5303/244/852 5306/244/852
f 5308/244/852 5304/244/852 5307/244/852 5309/244/852
f 5312/244/852 5311/244/852 5310/244/852 5313/244/852
f 5253/244/852 5315/244/852 5314/244/852 5254/244/852
f 5313/244/852 5441/244/852 5440/244/852 5314/244/852
f 5335/244/852 5196/244/852 5195/244/852 5332/244/852
f 5383/244/852 5255/244/852 5254/244/852 5380/244/852
f 5257/244/852 5385/244/852 5384/244/852 5258/244/852
f 5309/244/852 5437/244/852 5436/244/852 5310/244/852
f 5331/244/852 5191/244/852 5190/244/852 5328/244/852
f 5306/244/852 5433/244/852 5432/244/852 5307/244/852
f 5327/244/852 5185/244/852 5184/244/852 5324/244/852
f 5379/244/852 5250/244/852 5249/244/852 5376/244/852
f 5302/244/852 5429/244/852 5428/244/852 5303/244/852
f 5323/244/852 5180/244/852 5179/244/852 5320/244/852
f 5174/244/852 5317/244/852 5316/244/852 5175/244/852
f 5375/244/852 5245/244/852 5244/244/852 5372/244/852
f 5239/244/852 5368/244/852 5371/244/852 5240/244/852
f 5420/244/852 5295/244/852 5294/244/852 5421/244/852
f 5298/244/852 5425/244/852 5424/244/852 5299/244/852
f 5188/244/852 5047/244/852 5046/244/852 5189/244/852
f 5164/244/852 5308/244/852 5311/244/852 5165/244/852
f 5112/244/852 5256/244/852 5259/244/852 5113/244/852
f 5252/244/852 5108/244/852 5111/244/852 5253/244/852
f 5192/244/852 5048/244/852 5052/244/852 5193/244/852
f 5168/244/852 5312/244/852 5315/244/852 5169/244/852
f 5116/244/852 5263/244/852 5262/244/852 5117/244/852
f 5198/244/852 5057/244/852 5056/244/852 5199/244/852
f 5120/244/852 5267/244/852 5266/244/852 5121/244/852
f 5203/244/852 5058/244/852 5062/244/852 5204/244/852
f 5124/244/852 5271/244/852 5270/244/852 5125/244/852
f 5208/244/852 5067/244/852 5066/244/852 5209/244/852
f 5128/244/852 5275/244/852 5274/244/852 5129/244/852
f 5213/244/852 5068/244/852 5072/244/852 5214/244/852
f 5132/244/852 5279/244/852 5278/244/852 5133/244/852
f 5218/244/852 5075/244/852 5074/244/852 5219/244/852
f 5322/244/852 5318/244/852 5317/244/852 5323/244/852
f 5326/244/852 5321/244/852 5320/244/852 5327/244/852
f 5330/244/852 5325/244/852 5324/244/852 5331/244/852
f 5334/244/852 5329/244/852 5328/244/852 5335/244/852
f 5339/244/852 5333/244/852 5332/244/852 5336/244/852
f 5343/244/852 5338/244/852 5337/244/852 5340/244/852
f 5347/244/852 5342/244/852 5341/244/852 5344/244/852
f 5351/244/852 5346/244/852 5345/244/852 5348/244/852
f 5352/244/852 5350/244/852 5349/244/852 5353/244/852
f 5356/244/852 5355/244/852 5354/244/852 5357/244/852
f 5360/244/852 5359/244/852 5358/244/852 5361/244/852
f 5364/244/852 5363/244/852 5362/244/852 5365/244/852
f 5370/244/852 5367/244/852 5366/244/852 5371/244/852
f 5374/244/852 5369/244/852 5368/244/852 5375/244/852
f 5378/244/852 5373/244/852 5372/244/852 5379/244/852
f 5319/244/852 5377/244/852 5376/244/852 5316/244/852
f 5385/244/852 5383/244/852 5382/244/852 5386/244/852
f 5388/244/852 5384/244/852 5387/244/852 5389/244/852
f 5392/244/852 5391/244/852 5390/244/852 5393/244/852
f 5396/244/852 5395/244/852 5394/244/852 5397/244/852
f 5400/244/852 5399/244/852 5398/244/852 5401/244/852
f 5407/244/852 5403/244/852 5402/244/852 5404/244/852
f 5411/244/852 5406/244/852 5405/244/852 5408/244/852
f 5415/244/852 5410/244/852 5409/244/852 5412/244/852
f 5419/244/852 5414/244/852 5413/244/852 5416/244/852
f 5421/244/852 5418/244/852 5417/244/852 5422/244/852
f 5425/244/852 5420/244/852 5423/244/852 5426/244/852
f 5429/244/852 5424/244/852 5427/244/852 5430/244/852
f 5433/244/852 5428/244/852 5431/244/852 5434/244/852
f 5437/244/852 5432/244/852 5435/244/852 5438/244/852
f 5441/244/852 5436/244/852 5439/244/852 5442/244/852
f 5380/244/852 5440/244/852 5443/244/852 5381/244/852
f 5479/244/852 5351/244/852 5350/244/852 5476/244/852
f 5401/244/852 5529/244/852 5528/244/852 5402/244/852
f 5475/244/852 5347/244/852 5346/244/852 5472/244/852
f 5397/244/852 5525/244/852 5524/244/852 5398/244/852
f 5471/244/852 5343/244/852 5342/244/852 5468/244/852
f 5393/244/852 5521/244/852 5520/244/852 5394/244/852
f 5467/244/852 5339/244/852 5338/244/852 5464/244/852
f 5389/244/852 5517/244/852 5516/244/852 5390/244/852
f 5442/244/852 5569/244/852 5568/244/852 5443/244/852
f 5463/244/852 5334/244/852 5333/244/852 5460/244/852
f 5511/244/852 5382/244/852 5381/244/852 5508/244/852
f 5386/244/852 5513/244/852 5512/244/852 5387/244/852
f 5560/244/852 5435/244/852 5434/244/852 5561/244/852
f 5438/244/852 5565/244/852 5564/244/852 5439/244/852
f 5459/244/852 5330/244/852 5329/244/852 5456/244/852
f 5325/244/852 5452/244/852 5455/244/852 5326/244/852
f 5260/244/852 5388/244/852 5391/244/852 5261/244/852
f 5336/244/852 5201/244/852 5200/244/852 5337/244/852
f 5264/244/852 5392/244/852 5395/244/852 5265/244/852
f 5340/244/852 5202/244/852 5206/244/852 5341/244/852
f 5268/244/852 5396/244/852 5399/244/852 5269/244/852
f 5344/244/852 5211/244/852 5210/244/852 5345/244/852
f 5272/244/852 5400/244/852 5403/244/852 5273/244/852
f 5348/244/852 5212/244/852 5216/244/852 5349/244/852
f 5276/244/852 5407/244/852 5406/244/852 5277/244/852
f 5353/244/852 5221/244/852 5220/244/852 5354/244/852
f 5282/244/852 5411/244/852 5410/244/852 5283/244/852
f 5357/244/852 5225/244/852 5224/244/852 5358/244/852
f 5286/244/852 5415/244/852 5414/244/852 5287/244/852
f 5361/244/852 5230/244/852 5229/244/852 5362/244/852
f 5290/244/852 5419/244/852 5418/244/852 5291/244/852
f 5365/244/852 5235/244/852 5234/244/852 5366/244/852
f 5448/244/852 5444/244/852 5447/244/852 5449/244/852
f 5454/244/852 5451/244/852 5450/244/852 5455/244/852
f 5458/244/852 5453/244/852 5452/244/852 5459/244/852
f 5462/244/852 5457/244/852 5456/244/852 5463/244/852
f 5466/244/852 5461/244/852 5460/244/852 5467/244/852
f 5470/244/852 5465/244/852 5464/244/852 5471/244/852
f 5474/244/852 5469/244/852 5468/244/852 5475/244/852
f 5478/244/852 5473/244/852 5472/244/852 5479/244/852
f 5483/244/852 5477/244/852 5476/244/852 5480/244/852
f 5487/244/852 5482/244/852 5481/244/852 5484/244/852
f 5491/244/852 5486/244/852 5485/244/852 5488/244/852
f 5495/244/852 5490/244/852 5489/244/852 5492/244/852
f 5496/244/852 5494/244/852 5493/244/852 5497/244/852
f 5500/244/852 5499/244/852 5498/244/852 5501/244/852
f 5504/244/852 5503/244/852 5502/244/852 5505/244/852
f 5445/244/852 5507/244/852 5506/244/852 5446/244/852
f 5513/244/852 5511/244/852 5510/244/852 5514/244/852
f 5517/244/852 5512/244/852 5515/244/852 5518/244/852
f 5521/244/852 5516/244/852 5519/244/852 5522/244/852
f 5525/244/852 5520/244/852 5523/244/852 5526/244/852
f 5529/244/852 5524/244/852 5527/244/852 5530/244/852
f 5532/244/852 5528/244/852 5531/244/852 5533/244/852
f 5536/244/852 5535/244/852 5534/244/852 5537/244/852
f 5540/244/852 5539/244/852 5538/244/852 5541/244/852
f 5544/244/852 5543/244/852 5542/244/852 5545/244/852
f 5548/244/852 5547/244/852 5546/244/852 5549/244/852
f 5555/244/852 5551/244/852 5550/244/852 5552/244/852
f 5559/244/852 5554/244/852 5553/244/852 5556/244/852
f 5561/244/852 5558/244/852 5557/244/852 5562/244/852
f 5565/244/852 5560/244/852 5563/244/852 5566/244/852
f 5569/244/852 5564/244/852 5567/244/852 5570/244/852
f 5508/244/852 5568/244/852 5571/244/852 5509/244/852
f 5549/244/852 5677/244/852 5676/244/852 5550/244/852
f 5623/244/852 5495/244/852 5494/244/852 5620/244/852
f 5545/244/852 5673/244/852 5672/244/852 5546/244/852
f 5619/244/852 5491/244/852 5490/244/852 5616/244/852
f 5541/244/852 5669/244/852 5668/244/852 5542/244/852
f 5615/244/852 5487/244/852 5486/244/852 5612/244/852
f 5537/244/852 5665/244/852 5664/244/852 5538/244/852
f 5611/244/852 5483/244/852 5482/244/852 5608/244/852
f 5533/244/852 5661/244/852 5660/244/852 5534/244/852
f 5607/244/852 5478/244/852 5477/244/852 5604/244/852
f 5530/244/852 5657/244/852 5656/244/852 5531/244/852
f 5603/244/852 5474/244/852 5473/244/852 5600/244/852
f 5648/244/852 5523/244/852 5522/244/852 5649/244/852
f 5526/244/852 5653/244/852 5652/244/852 5527/244/852
f 5599/244/852 5470/244/852 5469/244/852 5596/244/852
f 5465/244/852 5592/244/852 5595/244/852 5466/244/852
f 5404/244/852 5532/244/852 5535/244/852 5405/244/852
f 5480/244/852 5352/244/852 5355/244/852 5481/244/852
f 5408/244/852 5536/244/852 5539/244/852 5409/244/852
f 5484/244/852 5356/244/852 5359/244/852 5485/244/852
f 5412/244/852 5540/244/852 5543/244/852 5413/244/852
f 5488/244/852 5360/244/852 5363/244/852 5489/244/852
f 5416/244/852 5544/244/852 5547/244/852 5417/244/852
f 5492/244/852 5364/244/852 5367/244/852 5493/244/852
f 5422/244/852 5548/244/852 5551/244/852 5423/244/852
f 5497/244/852 5370/244/852 5369/244/852 5498/244/852
f 5426/244/852 5555/244/852 5554/244/852 5427/244/852
f 5501/244/852 5374/244/852 5373/244/852 5502/244/852
f 5318/244/852 5447/244/852 5446/244/852 5319/244/852
f 5449/244/852 5322/244/852 5321/244/852 5450/244/852
f 5430/244/852 5559/244/852 5558/244/852 5431/244/852
f 5505/244/852 5378/244/852 5377/244/852 5506/244/852
f 5579/244/852 5573/244/852 5572/244/852 5576/244/852
f 5583/244/852 5578/244/852 5577/244/852 5580/244/852
f 5587/244/852 5582/244/852 5581/244/852 5584/244/852
f 5591/244/852 5586/244/852 5585/244/852 5588/244/852
f 5594/244/852 5590/244/852 5589/244/852 5595/244/852
f 5598/244/852 5593/244/852 5592/244/852 5599/244/852
f 5602/244/852 5597/244/852 5596/244/852 5603/244/852
f 5606/244/852 5601/244/852 5600/244/852 5607/244/852
f 5610/244/852 5605/244/852 5604/244/852 5611/244/852
f 5614/244/852 5609/244/852 5608/244/852 5615/244/852
f 5618/244/852 5613/244/852 5612/244/852 5619/244/852
f 5622/244/852 5617/244/852 5616/244/852 5623/244/852
f 5624/244/852 5621/244/852 5620/244/852 5625/244/852
f 5631/244/852 5627/244/852 5626/244/852 5628/244/852
f 5635/244/852 5630/244/852 5629/244/852 5632/244/852
f 5574/244/852 5634/244/852 5633/244/852 5575/244/852
f 5640/244/852 5636/244/852 5639/244/852 5641/244/852
f 5644/244/852 5643/244/852 5642/244/852 5645/244/852
f 5649/244/852 5647/244/852 5646/244/852 5650/244/852
f 5653/244/852 5648/244/852 5651/244/852 5654/244/852
f 5657/244/852 5652/244/852 5655/244/852 5658/244/852
f 5661/244/852 5656/244/852 5659/244/852 5662/244/852
f 5665/244/852 5660/244/852 5663/244/852 5666/244/852
f 5669/244/852 5664/244/852 5667/244/852 5670/244/852
f 5673/244/852 5668/244/852 5671/244/852 5674/244/852
f 5677/244/852 5672/244/852 5675/244/852 5678/244/852
f 5680/244/852 5676/244/852 5679/244/852 5681/244/852
f 5684/244/852 5683/244/852 5682/244/852 5685/244/852
f 5688/244/852 5687/244/852 5686/244/852 5689/244/852
f 5692/244/852 5691/244/852 5690/244/852 5693/244/852
f 5696/244/852 5695/244/852 5694/244/852 5697/244/852
f 5637/244/852 5699/244/852 5698/244/852 5638/244/852
f 5723/244/852 5594/244/852 5593/244/852 5720/244/852
f 5645/244/852 5773/244/852 5772/244/852 5646/244/852
f 5697/244/852 5825/244/852 5824/244/852 5698/244/852
f 5719/244/852 5591/244/852 5590/244/852 5716/244/852
f 5767/244/852 5639/244/852 5638/244/852 5764/244/852
f 5641/244/852 5769/244/852 5768/244/852 5642/244/852
f 5693/244/852 5821/244/852 5820/244/852 5694/244/852
f 5715/244/852 5587/244/852 5586/244/852 5712/244/852
f 5689/244/852 5817/244/852 5816/244/852 5690/244/852
f 5711/244/852 5583/244/852 5582/244/852 5708/244/852
f 5763/244/852 5635/244/852 5634/244/852 5760/244/852
f 5630/244/852 5756/244/852 5759/244/852 5631/244/852
f 5808/244/852 5682/244/852 5681/244/852 5809/244/852
f 5685/244/852 5813/244/852 5812/244/852 5686/244/852
f 5707/244/852 5579/244/852 5578/244/852 5704/244/852
f 5573/244/852 5701/244/852 5700/244/852 5574/244/852
f 5625/244/852 5496/244/852 5499/244/852 5626/244/852
f 5552/244/852 5680/244/852 5683/244/852 5553/244/852
f 5628/244/852 5500/244/852 5503/244/852 5629/244/852
f 5444/244/852 5572/244/852 5575/244/852 5445/244/852
f 5576/244/852 5448/244/852 5451/244/852 5577/244/852
f 5556/244/852 5684/244/852 5687/244/852 5557/244/852
f 5632/244/852 5504/244/852 5507/244/852 5633/244/852
f 5580/244/852 5454/244/852 5453/244/852 5581/244/852
f 5562/244/852 5688/244/852 5691/244/852 5563/244/852
f 5584/244/852 5458/244/852 5457/244/852 5585/244/852
f 5566/244/852 5692/244/852 5695/244/852 5567/244/852
f 5514/244/852 5640/244/852 5643/244/852 5515/244/852
f 5636/244/852 5510/244/852 5509/244/852 5637/244/852
f 5588/244/852 5462/244/852 5461/244/852 5589/244/852
f 5570/244/852 5696/244/852 5699/244/852 5571/244/852
f 5518/244/852 5644/244/852 5647/244/852 5519/244/852
f 5706/244/852 5702/244/852 5701/244/852 5707/244/852
f 5710/244/852 5705/244/852 5704/244/852 5711/244/852
f 5714/244/852 5709/244/852 5708/244/852 5715/244/852
f 5718/244/852 5713/244/852 5712/244/852 5719/244/852
f 5722/244/852 5717/244/852 5716/244/852 5723/244/852
f 5727/244/852 5721/244/852 5720/244/852 5724/244/852
f 5731/244/852 5726/244/852 5725/244/852 5728/244/852
f 5735/244/852 5730/244/852 5729/244/852 5732/244/852
f 5739/244/852 5734/244/852 5733/244/852 5736/244/852
f 5740/244/852 5738/244/852 5737/244/852 5741/244/852
f 5744/244/852 5743/244/852 5742/244/852 5745/244/852
f 5748/244/852 5747/244/852 5746/244/852 5749/244/852
f 5752/244/852 5751/244/852 5750/244/852 5753/244/852
f 5758/244/852 5755/244/852 5754/244/852 5759/244/852
f 5762/244/852 5757/244/852 5756/244/852 5763/244/852
f 5703/244/852 5761/244/852 5760/244/852 5700/244/852
f 5769/244/852 5767/244/852 5766/244/852 5770/244/852
f 5773/244/852 5768/244/852 5771/244/852 5774/244/852
f 5776/244/852 5772/244/852 5775/244/852 5777/244/852
f 5780/244/852 5779/244/852 5778/244/852 5781/244/852
f 5784/244/852 5783/244/852 5782/244/852 5785/244/852
f 5788/244/852 5787/244/852 5786/244/852 5789/244/852
f 5795/244/852 5791/244/852 5790/244/852 5792/244/852
f 5799/244/852 5794/244/852 5793/244/852 5796/244/852
f 5803/244/852 5798/244/852 5797/244/852 5800/244/852
f 5807/244/852 5802/244/852 5801/244/852 5804/244/852
f 5809/244/852 5806/244/852 5805/244/852 5810/244/852
f 5813/244/852 5808/244/852 5811/244/852 5814/244/852
f 5817/244/852 5812/244/852 5815/244/852 5818/244/852
f 5821/244/852 5816/244/852 5819/244/852 5822/244/852
f 5825/244/852 5820/244/852 5823/244/852 5826/244/852
f 5764/244/852 5824/244/852 5827/244/852 5765/244/852
f 5847/244/852 5739/244/852 5738/244/852 5846/244/852
f 5789/244/852 5872/244/852 5873/244/852 5790/244/852
f 5845/244/852 5735/244/852 5734/244/852 5844/244/852
f 5785/244/852 5870/244/852 5871/244/852 5786/244/852
f 5843/244/852 5731/244/852 5730/244/852 5842/244/852
f 5781/244/852 5868/244/852 5869/244/852 5782/244/852
f 5841/244/852 5727/244/852 5726/244/852 5840/244/852
f 5777/244/852 5866/244/852 5867/244/852 5778/244/852
f 5765/244/852 5860/244/852 5861/244/852 5766/244/852
f 5839/244/852 5722/244/852 5721/244/852 5838/244/852
f 5863/244/852 5771/244/852 5770/244/852 5862/244/852
f 5774/244/852 5864/244/852 5865/244/852 5775/244/852
f 5889/244/852 5823/244/852 5822/244/852 5888/244/852
f 5826/244/852 5890/244/852 5891/244/852 5827/244/852
f 5837/244/852 5718/244/852 5717/244/852 5836/244/852
f 5713/244/852 5834/244/852 5835/244/852 5714/244/852
f 5650/244/852 5776/244/852 5779/244/852 5651/244/852
f 5724/244/852 5598/244/852 5597/244/852 5725/244/852
f 5654/244/852 5780/244/852 5783/244/852 5655/244/852
f 5728/244/852 5602/244/852 5601/244/852 5729/244/852
f 5658/244/852 5784/244/852 5787/244/852 5659/244/852
f 5732/244/852 5606/244/852 5605/244/852 5733/244/852
f 5662/244/852 5788/244/852 5791/244/852 5663/244/852
f 5736/244/852 5610/244/852 5609/244/852 5737/244/852
f 5666/244/852 5795/244/852 5794/244/852 5667/244/852
f 5741/244/852 5614/244/852 5613/244/852 5742/244/852
f 5670/244/852 5799/244/852 5798/244/852 5671/244/852
f 5745/244/852 5618/244/852 5617/244/852 5746/244/852
f 5674/244/852 5803/244/852 5802/244/852 5675/244/852
f 5749/244/852 5622/244/852 5621/244/852 5750/244/852
f 5678/244/852 5807/244/852 5806/244/852 5679/244/852
f 5753/244/852 5624/244/852 5627/244/852 5754/244/852
f 5856/244/852 5855/244/852 5854/244/852 5857/244/852
f 5888/244/852 5887/244/852 5886/244/852 5889/244/852
f 5853/244/852 5884/244/852 5885/244/852 5852/244/852
f 5838/244/852 5871/244/852 5870/244/852 5839/244/852
f 5872/244/852 5841/244/852 5840/244/852 5873/244/852
f 5875/244/852 5843/244/852 5842/244/852 5874/244/852
f 5890/244/852 5858/244/852 5859/244/852 5891/244/852
f 5877/244/852 5845/244/852 5844/244/852 5876/244/852
f 5829/244/852 5861/244/852 5860/244/852 5828/244/852
f 5862/244/852 5830/244/852 5831/244/852 5863/244/852
f 5879/244/852 5847/244/852 5846/244/852 5878/244/852
f 5864/244/852 5832/244/852 5833/244/852 5865/244/852
f 5881/244/852 5848/244/852 5849/244/852 5880/244/852
f 5866/244/852 5835/244/852 5834/244/852 5867/244/852
f 5883/244/852 5850/244/852 5851/244/852 5882/244/852
f 5868/244/852 5837/244/852 5836/244/852 5869/244/852
f 5792/244/852 5875/244/852 5874/244/852 5793/244/852
f 5848/244/852 5740/244/852 5743/244/852 5849/244/852
f 5796/244/852 5877/244/852 5876/244/852 5797/244/852
f 5850/244/852 5744/244/852 5747/244/852 5851/244/852
f 5800/244/852 5879/244/852 5878/244/852 5801/244/852
f 5852/244/852 5748/244/852 5751/244/852 5853/244/852
f 5804/244/852 5881/244/852 5880/244/852 5805/244/852
f 5810/244/852 5883/244/852 5882/244/852 5811/244/852
f 5857/244/852 5758/244/852 5757/244/852 5856/244/852
f 5702/244/852 5829/244/852 5828/244/852 5703/244/852
f 5830/244/852 5706/244/852 5705/244/852 5831/244/852
f 5814/244/852 5885/244/852 5884/244/852 5815/244/852
f 5858/244/852 5762/244/852 5761/244/852 5859/244/852
f 5832/244/852 5710/244/852 5709/244/852 5833/244/852
f 5818/244/852 5886/244/852 5887/244/852 5819/244/852
f 5894/244/852 5896/244/852 5895/244/852 5892/244/852
f 5900/244/852 5902/244/852 5901/244/852 5898/244/852
f 5906/244/852 5908/244/852 5907/244/852 5904/244/852
f 5912/244/852 5914/244/852 5913/244/852 5910/244/852
f 5918/244/852 5920/244/852 5919/244/852 5916/244/852
f 5924/244/852 5926/244/852 5925/244/852 5922/244/852
f 5930/244/852 5932/244/852 5931/244/852 5928/244/852
f 5936/244/852 5938/244/852 5937/244/852 5934/244/852
f 5940/244/852 5903/244/852 5902/244/852 5941/244/852
f 5945/244/852 5936/244/852 5935/244/852 5943/244/852
f 5948/244/852 5894/244/852 5893/244/852 5946/244/852
f 5896/244/852 5950/244/852 5949/244/852 5897/244/852
f 5952/244/852 5939/244/852 5938/244/852 5953/244/852
f 5957/244/852 5930/244/852 5929/244/852 5955/244/852
f 5958/244/852 5933/244/852 5932/244/852 5959/244/852
f 5963/244/852 5924/244/852 5923/244/852 5961/244/852
f 5926/244/852 5965/244/852 5964/244/852 5927/244/852
f 5947/244/852 5951/244/852 5950/244/852 5948/244/852
f 5967/244/852 5942/244/852 5941/244/852 5968/244/852
f 5970/244/852 5973/244/852 5975/244/852 5971/244/852
f 5976/244/852 5979/244/852 5981/244/852 5977/244/852
f 5982/244/852 5985/244/852 5987/244/852 5983/244/852
f 5962/244/852 5966/244/852 5965/244/852 5963/244/852
f 5956/244/852 5960/244/852 5959/244/852 5957/244/852
f 5944/244/852 5954/244/852 5953/244/852 5945/244/852
f 5968/244/852 5900/244/852 5899/244/852 5969/244/852
f 5974/244/852 5909/244/852 5908/244/852 5975/244/852
f 5971/244/852 5906/244/852 5905/244/852 5972/244/852
f 5980/244/852 5915/244/852 5914/244/852 5981/244/852
f 5977/244/852 5912/244/852 5911/244/852 5978/244/852
f 5986/244/852 5921/244/852 5920/244/852 5987/244/852
f 5983/244/852 5918/244/852 5917/244/852 5984/244/852
f 5232/244/852 5958/244/852 5960/244/852 5233/244/852
f 5933/244/852 5090/244/852 5089/244/852 5931/244/852
f 5039/244/852 5901/244/852 5903/244/852 5040/244/852
f 5898/244/852 5043/244/852 5047/244/852 5899/244/852
f 5067/244/852 5911/244/852 5910/244/852 5063/244/852
f 5978/244/852 5208/244/852 5207/244/852 5976/244/852
f 5979/244/852 5205/244/852 5204/244/852 5980/244/852
f 5085/244/852 5923/244/852 5922/244/852 5086/244/852
f 5961/244/852 5227/244/852 5231/244/852 5962/244/852
f 5051/244/852 5907/244/852 5909/244/852 5052/244/852
f 5904/244/852 5053/244/852 5057/244/852 5905/244/852
f 5214/244/852 5986/244/852 5985/244/852 5215/244/852
f 5921/244/852 5072/244/852 5071/244/852 5919/244/852
f 5969/244/852 5188/244/852 5187/244/852 5967/244/852
f 5222/244/852 5964/244/852 5966/244/852 5223/244/852
f 5927/244/852 5080/244/852 5079/244/852 5925/244/852
f 5217/244/852 5982/244/852 5984/244/852 5218/244/852
f 5061/244/852 5913/244/852 5915/244/852 5062/244/852
f 5182/244/852 5940/244/852 5942/244/852 5183/244/852
f 5075/244/852 5917/244/852 5916/244/852 5076/244/852
f 5105/244/852 5935/244/852 5934/244/852 5106/244/852
f 5943/244/852 5247/244/852 5251/244/852 5944/244/852
f 5193/244/852 5974/244/852 5973/244/852 5194/244/852
f 5241/244/852 5956/244/852 5955/244/852 5237/244/852
f 5035/244/852 5893/244/852 5892/244/852 5036/244/852
f 5946/244/852 5177/244/852 5181/244/852 5947/244/852
f 5172/244/852 5949/244/852 5951/244/852 5173/244/852
f 5897/244/852 5031/244/852 5030/244/852 5895/244/852
f 5954/244/852 5243/244/852 5242/244/852 5952/244/852
f 5939/244/852 5100/244/852 5099/244/852 5937/244/852
f 5972/244/852 5198/244/852 5197/244/852 5970/244/852
f 5928/244/852 5096/244/852 5095/244/852 5929/244/852
